suite_dir,run_dir,retention_class,size_bytes,file_count,has_core_artifacts,referenced_by,note
checkpoints/smoke_v4lite,checkpoints/smoke_v4lite/smoke_clean,flow-validation-only,113239,4,best_model.pt;config.json;training_history.pkl,EXPERIMENT_PROGRESS_TRACKER.md;docs/checkpoints_retention_manifest.csv;docs/experiment_full_inventory_zh.md;docs/experiment_stages_overview.md;docs/repo_structure_audit.md,"pure code/protocol smoke at ep=3, no rollout (inventory B.3)"
checkpoints/smoke_v4lite,checkpoints/smoke_v4lite/smoke_clean_v2,flow-validation-only,170165,13,best_model.pt;block_evaluation.json;config.json;heldout_evaluation.json;training_history.pkl,docs/checkpoints_retention_manifest.csv,"pure code/protocol smoke at ep=3, no rollout (inventory B.3)"
checkpoints/smoke_v4lite,checkpoints/smoke_v4lite/smoke_iid_v1,flow-validation-only,170572,13,best_model.pt;block_evaluation.json;config.json;heldout_evaluation.json;training_history.pkl,docs/checkpoints_retention_manifest.csv,"pure code/protocol smoke at ep=3, no rollout (inventory B.3)"
checkpoints/smoke_v4lite,checkpoints/smoke_v4lite/smoke_v4lite_v1,flow-validation-only,170721,13,best_model.pt;block_evaluation.json;config.json;heldout_evaluation.json;training_history.pkl,docs/checkpoints_retention_manifest.csv,"pure code/protocol smoke at ep=3, no rollout (inventory B.3)"
checkpoints/sweep_oc_all/sweep_oc_ablation_default_auv_oc_traj1000_blk150_s23_d0be9434_s42-43-44_20260404_143830,checkpoints/sweep_oc_all/sweep_oc_ablation_default_auv_oc_traj1000_blk150_s23_d0be9434_s42-43-44_20260404_143830/ablation_ablate_bu_only_seed42,evidence-bearing-A,35736260,124,best_model.pt;block_evaluation.json;config.json;heldout_evaluation.json;training_history.pkl,docs/checkpoints_retention_manifest.csv,A-zone catalog-era suite; still cited for diag_damping / bu_only / black-box noise line (R-A rule 2)
checkpoints/sweep_oc_all/sweep_oc_ablation_default_auv_oc_traj1000_blk150_s23_d0be9434_s42-43-44_20260404_143830,checkpoints/sweep_oc_all/sweep_oc_ablation_default_auv_oc_traj1000_blk150_s23_d0be9434_s42-43-44_20260404_143830/ablation_ablate_bu_only_seed43,evidence-bearing-A,35744713,124,best_model.pt;block_evaluation.json;config.json;heldout_evaluation.json;training_history.pkl,docs/checkpoints_retention_manifest.csv,A-zone catalog-era suite; still cited for diag_damping / bu_only / black-box noise line (R-A rule 2)
checkpoints/sweep_oc_all/sweep_oc_ablation_default_auv_oc_traj1000_blk150_s23_d0be9434_s42-43-44_20260404_143830,checkpoints/sweep_oc_all/sweep_oc_ablation_default_auv_oc_traj1000_blk150_s23_d0be9434_s42-43-44_20260404_143830/ablation_ablate_bu_only_seed44,evidence-bearing-A,35742672,124,best_model.pt;block_evaluation.json;config.json;heldout_evaluation.json;training_history.pkl,docs/checkpoints_retention_manifest.csv,A-zone catalog-era suite; still cited for diag_damping / bu_only / black-box noise line (R-A rule 2)
checkpoints/sweep_oc_all/sweep_oc_ablation_default_auv_oc_traj1000_blk150_s23_d0be9434_s42-43-44_20260404_143830,checkpoints/sweep_oc_all/sweep_oc_ablation_default_auv_oc_traj1000_blk150_s23_d0be9434_s42-43-44_20260404_143830/ablation_ablate_diag_damping_seed42,evidence-bearing-A,36374280,124,best_model.pt;block_evaluation.json;config.json;heldout_evaluation.json;training_history.pkl,docs/checkpoints_retention_manifest.csv,A-zone catalog-era suite; still cited for diag_damping / bu_only / black-box noise line (R-A rule 2)
checkpoints/sweep_oc_all/sweep_oc_ablation_default_auv_oc_traj1000_blk150_s23_d0be9434_s42-43-44_20260404_143830,checkpoints/sweep_oc_all/sweep_oc_ablation_default_auv_oc_traj1000_blk150_s23_d0be9434_s42-43-44_20260404_143830/ablation_ablate_diag_damping_seed43,evidence-bearing-A,36223233,124,best_model.pt;block_evaluation.json;config.json;heldout_evaluation.json;training_history.pkl,docs/checkpoints_retention_manifest.csv,A-zone catalog-era suite; still cited for diag_damping / bu_only / black-box noise line (R-A rule 2)
checkpoints/sweep_oc_all/sweep_oc_ablation_default_auv_oc_traj1000_blk150_s23_d0be9434_s42-43-44_20260404_143830,checkpoints/sweep_oc_all/sweep_oc_ablation_default_auv_oc_traj1000_blk150_s23_d0be9434_s42-43-44_20260404_143830/ablation_ablate_diag_damping_seed44,evidence-bearing-A,36380252,124,best_model.pt;block_evaluation.json;config.json;heldout_evaluation.json;training_history.pkl,docs/checkpoints_retention_manifest.csv,A-zone catalog-era suite; still cited for diag_damping / bu_only / black-box noise line (R-A rule 2)
checkpoints/sweep_oc_all/sweep_oc_ablation_default_auv_oc_traj1000_blk150_s23_d0be9434_s42-43-44_20260404_143830,checkpoints/sweep_oc_all/sweep_oc_ablation_default_auv_oc_traj1000_blk150_s23_d0be9434_s42-43-44_20260404_143830/ablation_ablate_no_lift_seed42,evidence-bearing-A,69177612,196,best_model.pt;block_evaluation.json;config.json;heldout_evaluation.json;training_history.pkl,docs/checkpoints_retention_manifest.csv,A-zone catalog-era suite; still cited for diag_damping / bu_only / black-box noise line (R-A rule 2)
checkpoints/sweep_oc_all/sweep_oc_ablation_default_auv_oc_traj1000_blk150_s23_d0be9434_s42-43-44_20260404_143830,checkpoints/sweep_oc_all/sweep_oc_ablation_default_auv_oc_traj1000_blk150_s23_d0be9434_s42-43-44_20260404_143830/ablation_ablate_no_lift_seed43,evidence-bearing-A,68887921,196,best_model.pt;block_evaluation.json;config.json;heldout_evaluation.json;training_history.pkl,docs/checkpoints_retention_manifest.csv,A-zone catalog-era suite; still cited for diag_damping / bu_only / black-box noise line (R-A rule 2)
checkpoints/sweep_oc_all/sweep_oc_ablation_default_auv_oc_traj1000_blk150_s23_d0be9434_s42-43-44_20260404_143830,checkpoints/sweep_oc_all/sweep_oc_ablation_default_auv_oc_traj1000_blk150_s23_d0be9434_s42-43-44_20260404_143830/ablation_ablate_no_lift_seed44,evidence-bearing-A,69040875,196,best_model.pt;block_evaluation.json;config.json;heldout_evaluation.json;training_history.pkl,docs/checkpoints_retention_manifest.csv,A-zone catalog-era suite; still cited for diag_damping / bu_only / black-box noise line (R-A rule 2)
checkpoints/sweep_oc_all/sweep_oc_ablation_default_auv_oc_traj1000_blk150_s23_d0be9434_s42-43-44_20260404_143830,checkpoints/sweep_oc_all/sweep_oc_ablation_default_auv_oc_traj1000_blk150_s23_d0be9434_s42-43-44_20260404_143830/ablation_ablate_no_mass_prior_seed42,evidence-bearing-A,70975807,196,best_model.pt;block_evaluation.json;config.json;heldout_evaluation.json;training_history.pkl,docs/checkpoints_retention_manifest.csv,A-zone catalog-era suite; still cited for diag_damping / bu_only / black-box noise line (R-A rule 2)
checkpoints/sweep_oc_all/sweep_oc_ablation_default_auv_oc_traj1000_blk150_s23_d0be9434_s42-43-44_20260404_143830,checkpoints/sweep_oc_all/sweep_oc_ablation_default_auv_oc_traj1000_blk150_s23_d0be9434_s42-43-44_20260404_143830/ablation_ablate_no_mass_prior_seed43,evidence-bearing-A,71186891,196,best_model.pt;block_evaluation.json;config.json;heldout_evaluation.json;training_history.pkl,docs/checkpoints_retention_manifest.csv,A-zone catalog-era suite; still cited for diag_damping / bu_only / black-box noise line (R-A rule 2)
checkpoints/sweep_oc_all/sweep_oc_ablation_default_auv_oc_traj1000_blk150_s23_d0be9434_s42-43-44_20260404_143830,checkpoints/sweep_oc_all/sweep_oc_ablation_default_auv_oc_traj1000_blk150_s23_d0be9434_s42-43-44_20260404_143830/ablation_ablate_no_mass_prior_seed44,evidence-bearing-A,70309784,196,best_model.pt;block_evaluation.json;config.json;heldout_evaluation.json;training_history.pkl,docs/checkpoints_retention_manifest.csv,A-zone catalog-era suite; still cited for diag_damping / bu_only / black-box noise line (R-A rule 2)
checkpoints/sweep_oc_all/sweep_oc_core_default_auv_oc_traj1000_blk150_s23_d0be9434_s42-43-44_20260404_115414,checkpoints/sweep_oc_all/sweep_oc_core_default_auv_oc_traj1000_blk150_s23_d0be9434_s42-43-44_20260404_115414/baseline_blackbox_fullstate_seed42,evidence-bearing-A,40182470,142,best_model.pt;block_evaluation.json;config.json;heldout_evaluation.json;training_history.pkl,docs/checkpoints_retention_manifest.csv,A-zone catalog-era suite; still cited for diag_damping / bu_only / black-box noise line (R-A rule 2)
checkpoints/sweep_oc_all/sweep_oc_core_default_auv_oc_traj1000_blk150_s23_d0be9434_s42-43-44_20260404_115414,checkpoints/sweep_oc_all/sweep_oc_core_default_auv_oc_traj1000_blk150_s23_d0be9434_s42-43-44_20260404_115414/baseline_blackbox_fullstate_seed43,evidence-bearing-A,37844477,142,best_model.pt;block_evaluation.json;config.json;heldout_evaluation.json;training_history.pkl,docs/checkpoints_retention_manifest.csv,A-zone catalog-era suite; still cited for diag_damping / bu_only / black-box noise line (R-A rule 2)
checkpoints/sweep_oc_all/sweep_oc_core_default_auv_oc_traj1000_blk150_s23_d0be9434_s42-43-44_20260404_115414,checkpoints/sweep_oc_all/sweep_oc_core_default_auv_oc_traj1000_blk150_s23_d0be9434_s42-43-44_20260404_115414/baseline_blackbox_fullstate_seed44,evidence-bearing-A,41123563,142,best_model.pt;block_evaluation.json;config.json;heldout_evaluation.json;training_history.pkl,docs/checkpoints_retention_manifest.csv,A-zone catalog-era suite; still cited for diag_damping / bu_only / black-box noise line (R-A rule 2)
checkpoints/sweep_oc_all/sweep_oc_core_default_auv_oc_traj1000_blk150_s23_d0be9434_s42-43-44_20260404_115414,checkpoints/sweep_oc_all/sweep_oc_core_default_auv_oc_traj1000_blk150_s23_d0be9434_s42-43-44_20260404_115414/baseline_phnode_merged_force_seed42,evidence-bearing-A,42988412,142,best_model.pt;block_evaluation.json;config.json;heldout_evaluation.json;training_history.pkl,docs/checkpoints_retention_manifest.csv,A-zone catalog-era suite; still cited for diag_damping / bu_only / black-box noise line (R-A rule 2)
checkpoints/sweep_oc_all/sweep_oc_core_default_auv_oc_traj1000_blk150_s23_d0be9434_s42-43-44_20260404_115414,checkpoints/sweep_oc_all/sweep_oc_core_default_auv_oc_traj1000_blk150_s23_d0be9434_s42-43-44_20260404_115414/baseline_phnode_merged_force_seed43,evidence-bearing-A,43185653,142,best_model.pt;block_evaluation.json;config.json;heldout_evaluation.json;training_history.pkl,docs/checkpoints_retention_manifest.csv,A-zone catalog-era suite; still cited for diag_damping / bu_only / black-box noise line (R-A rule 2)
checkpoints/sweep_oc_all/sweep_oc_core_default_auv_oc_traj1000_blk150_s23_d0be9434_s42-43-44_20260404_115414,checkpoints/sweep_oc_all/sweep_oc_core_default_auv_oc_traj1000_blk150_s23_d0be9434_s42-43-44_20260404_115414/baseline_phnode_merged_force_seed44,evidence-bearing-A,42720306,142,best_model.pt;block_evaluation.json;config.json;heldout_evaluation.json;training_history.pkl,docs/checkpoints_retention_manifest.csv,A-zone catalog-era suite; still cited for diag_damping / bu_only / black-box noise line (R-A rule 2)
checkpoints/sweep_oc_all/sweep_oc_core_default_auv_oc_traj1000_blk150_s23_d0be9434_s42-43-44_20260404_115414,checkpoints/sweep_oc_all/sweep_oc_core_default_auv_oc_traj1000_blk150_s23_d0be9434_s42-43-44_20260404_115414/baseline_phnode_qforce_seed42,evidence-bearing-A,77879738,214,best_model.pt;block_evaluation.json;config.json;heldout_evaluation.json;training_history.pkl,docs/checkpoints_retention_manifest.csv,A-zone catalog-era suite; still cited for diag_damping / bu_only / black-box noise line (R-A rule 2)
checkpoints/sweep_oc_all/sweep_oc_core_default_auv_oc_traj1000_blk150_s23_d0be9434_s42-43-44_20260404_115414,checkpoints/sweep_oc_all/sweep_oc_core_default_auv_oc_traj1000_blk150_s23_d0be9434_s42-43-44_20260404_115414/baseline_phnode_qforce_seed43,evidence-bearing-A,77332716,214,best_model.pt;block_evaluation.json;config.json;heldout_evaluation.json;training_history.pkl,docs/checkpoints_retention_manifest.csv,A-zone catalog-era suite; still cited for diag_damping / bu_only / black-box noise line (R-A rule 2)
checkpoints/sweep_oc_all/sweep_oc_core_default_auv_oc_traj1000_blk150_s23_d0be9434_s42-43-44_20260404_115414,checkpoints/sweep_oc_all/sweep_oc_core_default_auv_oc_traj1000_blk150_s23_d0be9434_s42-43-44_20260404_115414/baseline_phnode_qforce_seed44,evidence-bearing-A,77698946,214,best_model.pt;block_evaluation.json;config.json;heldout_evaluation.json;training_history.pkl,docs/checkpoints_retention_manifest.csv,A-zone catalog-era suite; still cited for diag_damping / bu_only / black-box noise line (R-A rule 2)
checkpoints/sweep_oc_all/sweep_oc_core_default_auv_oc_traj1000_blk150_s23_d0be9434_s42-43-44_20260404_115414,checkpoints/sweep_oc_all/sweep_oc_core_default_auv_oc_traj1000_blk150_s23_d0be9434_s42-43-44_20260404_115414/baseline_se3_accel_blackbox_seed42,evidence-bearing-A,43039469,142,best_model.pt;block_evaluation.json;config.json;heldout_evaluation.json;training_history.pkl,docs/checkpoints_retention_manifest.csv,A-zone catalog-era suite; still cited for diag_damping / bu_only / black-box noise line (R-A rule 2)
checkpoints/sweep_oc_all/sweep_oc_core_default_auv_oc_traj1000_blk150_s23_d0be9434_s42-43-44_20260404_115414,checkpoints/sweep_oc_all/sweep_oc_core_default_auv_oc_traj1000_blk150_s23_d0be9434_s42-43-44_20260404_115414/baseline_se3_accel_blackbox_seed43,evidence-bearing-A,43040614,142,best_model.pt;block_evaluation.json;config.json;heldout_evaluation.json;training_history.pkl,docs/checkpoints_retention_manifest.csv,A-zone catalog-era suite; still cited for diag_damping / bu_only / black-box noise line (R-A rule 2)
checkpoints/sweep_oc_all/sweep_oc_core_default_auv_oc_traj1000_blk150_s23_d0be9434_s42-43-44_20260404_115414,checkpoints/sweep_oc_all/sweep_oc_core_default_auv_oc_traj1000_blk150_s23_d0be9434_s42-43-44_20260404_115414/baseline_se3_accel_blackbox_seed44,evidence-bearing-A,43026997,142,best_model.pt;block_evaluation.json;config.json;heldout_evaluation.json;training_history.pkl,docs/checkpoints_retention_manifest.csv,A-zone catalog-era suite; still cited for diag_damping / bu_only / black-box noise line (R-A rule 2)
checkpoints/sweep_oc_all/sweep_oc_core_default_auv_oc_traj1000_blk150_s23_d0be9434_s42-43-44_20260404_115414,checkpoints/sweep_oc_all/sweep_oc_core_default_auv_oc_traj1000_blk150_s23_d0be9434_s42-43-44_20260404_115414/baseline_se3_momentum_blackbox_seed42,evidence-bearing-A,43166077,142,best_model.pt;block_evaluation.json;config.json;heldout_evaluation.json;training_history.pkl,docs/checkpoints_retention_manifest.csv,A-zone catalog-era suite; still cited for diag_damping / bu_only / black-box noise line (R-A rule 2)
checkpoints/sweep_oc_all/sweep_oc_core_default_auv_oc_traj1000_blk150_s23_d0be9434_s42-43-44_20260404_115414,checkpoints/sweep_oc_all/sweep_oc_core_default_auv_oc_traj1000_blk150_s23_d0be9434_s42-43-44_20260404_115414/baseline_se3_momentum_blackbox_seed43,evidence-bearing-A,43255303,142,best_model.pt;block_evaluation.json;config.json;heldout_evaluation.json;training_history.pkl,docs/checkpoints_retention_manifest.csv,A-zone catalog-era suite; still cited for diag_damping / bu_only / black-box noise line (R-A rule 2)
checkpoints/sweep_oc_all/sweep_oc_core_default_auv_oc_traj1000_blk150_s23_d0be9434_s42-43-44_20260404_115414,checkpoints/sweep_oc_all/sweep_oc_core_default_auv_oc_traj1000_blk150_s23_d0be9434_s42-43-44_20260404_115414/baseline_se3_momentum_blackbox_seed44,evidence-bearing-A,43389356,142,best_model.pt;block_evaluation.json;config.json;heldout_evaluation.json;training_history.pkl,docs/checkpoints_retention_manifest.csv,A-zone catalog-era suite; still cited for diag_damping / bu_only / black-box noise line (R-A rule 2)
checkpoints/sweep_oc_all/sweep_oc_core_default_auv_oc_traj1000_blk150_s23_d0be9434_s42-43-44_20260404_115414,checkpoints/sweep_oc_all/sweep_oc_core_default_auv_oc_traj1000_blk150_s23_d0be9434_s42-43-44_20260404_115414/main_phnode_full_seed42,evidence-bearing-A,83896911,230,best_model.pt;block_evaluation.json;config.json;heldout_evaluation.json;training_history.pkl,README.md;analysis/oc_data_catalog/evidence_status_overrides.csv;analysis/provenance_audit/phase1_static/catalog_A42_config.json;analysis/provenance_audit/phase1_static/run_lock.md;docs/checkpoints_retention_manifest.csv;docs/oc_catalog_template_usage.md;docs/oc_data_catalog_dictionary.md;docs/oc_followup_experiment_plan.md;docs/oc_model_evaluation_overview.md,A-zone catalog-era suite; still cited for diag_damping / bu_only / black-box noise line (R-A rule 2)
checkpoints/sweep_oc_all/sweep_oc_core_default_auv_oc_traj1000_blk150_s23_d0be9434_s42-43-44_20260404_115414,checkpoints/sweep_oc_all/sweep_oc_core_default_auv_oc_traj1000_blk150_s23_d0be9434_s42-43-44_20260404_115414/main_phnode_full_seed43,evidence-bearing-A,78044671,214,best_model.pt;block_evaluation.json;config.json;heldout_evaluation.json;training_history.pkl,docs/checkpoints_retention_manifest.csv;docs/oc_catalog_template_usage.md,A-zone catalog-era suite; still cited for diag_damping / bu_only / black-box noise line (R-A rule 2)
checkpoints/sweep_oc_all/sweep_oc_core_default_auv_oc_traj1000_blk150_s23_d0be9434_s42-43-44_20260404_115414,checkpoints/sweep_oc_all/sweep_oc_core_default_auv_oc_traj1000_blk150_s23_d0be9434_s42-43-44_20260404_115414/main_phnode_full_seed44,evidence-bearing-A,78500320,214,best_model.pt;block_evaluation.json;config.json;heldout_evaluation.json;training_history.pkl,docs/checkpoints_retention_manifest.csv,A-zone catalog-era suite; still cited for diag_damping / bu_only / black-box noise line (R-A rule 2)
checkpoints/sweep_oc_all/sweep_oc_phnode_focus_extra3_auv_oc_traj1000_blk150_s23_d0be9434_s45-46-47,checkpoints/sweep_oc_all/sweep_oc_phnode_focus_extra3_auv_oc_traj1000_blk150_s23_d0be9434_s45-46-47/ablation_ablate_bu_only_seed45,evidence-bearing-A,31677248,119,best_model.pt;block_evaluation.json;config.json;heldout_evaluation.json;training_history.pkl,docs/checkpoints_retention_manifest.csv,A-zone catalog-era suite; still cited for diag_damping / bu_only / black-box noise line (R-A rule 2)
checkpoints/sweep_oc_all/sweep_oc_phnode_focus_extra3_auv_oc_traj1000_blk150_s23_d0be9434_s45-46-47,checkpoints/sweep_oc_all/sweep_oc_phnode_focus_extra3_auv_oc_traj1000_blk150_s23_d0be9434_s45-46-47/ablation_ablate_bu_only_seed46,evidence-bearing-A,35861718,124,best_model.pt;block_evaluation.json;config.json;heldout_evaluation.json;training_history.pkl,docs/checkpoints_retention_manifest.csv,A-zone catalog-era suite; still cited for diag_damping / bu_only / black-box noise line (R-A rule 2)
checkpoints/sweep_oc_all/sweep_oc_phnode_focus_extra3_auv_oc_traj1000_blk150_s23_d0be9434_s45-46-47,checkpoints/sweep_oc_all/sweep_oc_phnode_focus_extra3_auv_oc_traj1000_blk150_s23_d0be9434_s45-46-47/ablation_ablate_bu_only_seed47,evidence-bearing-A,35805139,124,best_model.pt;block_evaluation.json;config.json;heldout_evaluation.json;training_history.pkl,docs/checkpoints_retention_manifest.csv,A-zone catalog-era suite; still cited for diag_damping / bu_only / black-box noise line (R-A rule 2)
checkpoints/sweep_oc_all/sweep_oc_phnode_focus_extra3_auv_oc_traj1000_blk150_s23_d0be9434_s45-46-47,checkpoints/sweep_oc_all/sweep_oc_phnode_focus_extra3_auv_oc_traj1000_blk150_s23_d0be9434_s45-46-47/ablation_ablate_diag_damping_seed45,evidence-bearing-A,36304937,124,best_model.pt;block_evaluation.json;config.json;heldout_evaluation.json;training_history.pkl,docs/checkpoints_retention_manifest.csv,A-zone catalog-era suite; still cited for diag_damping / bu_only / black-box noise line (R-A rule 2)
checkpoints/sweep_oc_all/sweep_oc_phnode_focus_extra3_auv_oc_traj1000_blk150_s23_d0be9434_s45-46-47,checkpoints/sweep_oc_all/sweep_oc_phnode_focus_extra3_auv_oc_traj1000_blk150_s23_d0be9434_s45-46-47/ablation_ablate_diag_damping_seed46,evidence-bearing-A,36256015,124,best_model.pt;block_evaluation.json;config.json;heldout_evaluation.json;training_history.pkl,docs/checkpoints_retention_manifest.csv,A-zone catalog-era suite; still cited for diag_damping / bu_only / black-box noise line (R-A rule 2)
checkpoints/sweep_oc_all/sweep_oc_phnode_focus_extra3_auv_oc_traj1000_blk150_s23_d0be9434_s45-46-47,checkpoints/sweep_oc_all/sweep_oc_phnode_focus_extra3_auv_oc_traj1000_blk150_s23_d0be9434_s45-46-47/ablation_ablate_diag_damping_seed47,evidence-bearing-A,36190455,124,best_model.pt;block_evaluation.json;config.json;heldout_evaluation.json;training_history.pkl,docs/checkpoints_retention_manifest.csv,A-zone catalog-era suite; still cited for diag_damping / bu_only / black-box noise line (R-A rule 2)
checkpoints/sweep_oc_all/sweep_oc_phnode_focus_extra3_auv_oc_traj1000_blk150_s23_d0be9434_s45-46-47,checkpoints/sweep_oc_all/sweep_oc_phnode_focus_extra3_auv_oc_traj1000_blk150_s23_d0be9434_s45-46-47/ablation_ablate_no_lift_seed45,evidence-bearing-A,69256963,196,best_model.pt;block_evaluation.json;config.json;heldout_evaluation.json;training_history.pkl,docs/checkpoints_retention_manifest.csv;docs/oc_model_evaluation_overview.md,A-zone catalog-era suite; still cited for diag_damping / bu_only / black-box noise line (R-A rule 2)
checkpoints/sweep_oc_all/sweep_oc_phnode_focus_extra3_auv_oc_traj1000_blk150_s23_d0be9434_s45-46-47,checkpoints/sweep_oc_all/sweep_oc_phnode_focus_extra3_auv_oc_traj1000_blk150_s23_d0be9434_s45-46-47/ablation_ablate_no_lift_seed46,evidence-bearing-A,69900942,196,best_model.pt;block_evaluation.json;config.json;heldout_evaluation.json;training_history.pkl,docs/checkpoints_retention_manifest.csv,A-zone catalog-era suite; still cited for diag_damping / bu_only / black-box noise line (R-A rule 2)
checkpoints/sweep_oc_all/sweep_oc_phnode_focus_extra3_auv_oc_traj1000_blk150_s23_d0be9434_s45-46-47,checkpoints/sweep_oc_all/sweep_oc_phnode_focus_extra3_auv_oc_traj1000_blk150_s23_d0be9434_s45-46-47/ablation_ablate_no_lift_seed47,evidence-bearing-A,68852895,196,best_model.pt;block_evaluation.json;config.json;heldout_evaluation.json;training_history.pkl,docs/checkpoints_retention_manifest.csv,A-zone catalog-era suite; still cited for diag_damping / bu_only / black-box noise line (R-A rule 2)
checkpoints/sweep_oc_all/sweep_oc_phnode_focus_extra3_auv_oc_traj1000_blk150_s23_d0be9434_s45-46-47,checkpoints/sweep_oc_all/sweep_oc_phnode_focus_extra3_auv_oc_traj1000_blk150_s23_d0be9434_s45-46-47/ablation_ablate_no_mass_prior_seed45,evidence-bearing-A,70844734,196,best_model.pt;block_evaluation.json;config.json;heldout_evaluation.json;training_history.pkl,docs/checkpoints_retention_manifest.csv,A-zone catalog-era suite; still cited for diag_damping / bu_only / black-box noise line (R-A rule 2)
checkpoints/sweep_oc_all/sweep_oc_phnode_focus_extra3_auv_oc_traj1000_blk150_s23_d0be9434_s45-46-47,checkpoints/sweep_oc_all/sweep_oc_phnode_focus_extra3_auv_oc_traj1000_blk150_s23_d0be9434_s45-46-47/ablation_ablate_no_mass_prior_seed46,evidence-bearing-A,71323834,196,best_model.pt;block_evaluation.json;config.json;heldout_evaluation.json;training_history.pkl,docs/checkpoints_retention_manifest.csv,A-zone catalog-era suite; still cited for diag_damping / bu_only / black-box noise line (R-A rule 2)
checkpoints/sweep_oc_all/sweep_oc_phnode_focus_extra3_auv_oc_traj1000_blk150_s23_d0be9434_s45-46-47,checkpoints/sweep_oc_all/sweep_oc_phnode_focus_extra3_auv_oc_traj1000_blk150_s23_d0be9434_s45-46-47/ablation_ablate_no_mass_prior_seed47,evidence-bearing-A,70949469,196,best_model.pt;block_evaluation.json;config.json;heldout_evaluation.json;training_history.pkl,docs/checkpoints_retention_manifest.csv,A-zone catalog-era suite; still cited for diag_damping / bu_only / black-box noise line (R-A rule 2)
checkpoints/sweep_oc_all/sweep_oc_phnode_focus_extra3_auv_oc_traj1000_blk150_s23_d0be9434_s45-46-47,checkpoints/sweep_oc_all/sweep_oc_phnode_focus_extra3_auv_oc_traj1000_blk150_s23_d0be9434_s45-46-47/main_phnode_full_seed45,evidence-bearing-A,70879611,196,best_model.pt;block_evaluation.json;config.json;heldout_evaluation.json;training_history.pkl,docs/checkpoints_retention_manifest.csv,A-zone catalog-era suite; still cited for diag_damping / bu_only / black-box noise line (R-A rule 2)
checkpoints/sweep_oc_all/sweep_oc_phnode_focus_extra3_auv_oc_traj1000_blk150_s23_d0be9434_s45-46-47,checkpoints/sweep_oc_all/sweep_oc_phnode_focus_extra3_auv_oc_traj1000_blk150_s23_d0be9434_s45-46-47/main_phnode_full_seed46,evidence-bearing-A,62135586,200,best_model.pt;block_evaluation.json;config.json;heldout_evaluation.json;training_history.pkl,analysis/oc_data_catalog/evidence_status_overrides.csv;analysis/provenance_audit/phase1_static/catalog_A46_config.json;analysis/provenance_audit/phase1_static/run_lock.md;analysis/provenance_audit/snapshot_log.csv;docs/checkpoints_retention_manifest.csv;docs/oc_data_catalog_dictionary.md;docs/oc_model_evaluation_overview.md;docs/provenance_audit_phnode_full_clean.md,A-zone catalog-era suite; still cited for diag_damping / bu_only / black-box noise line (R-A rule 2)
checkpoints/sweep_oc_all/sweep_oc_phnode_focus_extra3_auv_oc_traj1000_blk150_s23_d0be9434_s45-46-47,checkpoints/sweep_oc_all/sweep_oc_phnode_focus_extra3_auv_oc_traj1000_blk150_s23_d0be9434_s45-46-47/main_phnode_full_seed47,evidence-bearing-A,71182613,196,best_model.pt;block_evaluation.json;config.json;heldout_evaluation.json;training_history.pkl,docs/checkpoints_retention_manifest.csv,A-zone catalog-era suite; still cited for diag_damping / bu_only / black-box noise line (R-A rule 2)
checkpoints/sweep_oc_all_noise/sweep_oc_ablation_noise_nominal_train_remus100_dr_auv_oc_traj1000_blk150_s23_d0be9434_s43-44-45_20260409_152010,checkpoints/sweep_oc_all_noise/sweep_oc_ablation_noise_nominal_train_remus100_dr_auv_oc_traj1000_blk150_s23_d0be9434_s43-44-45_20260409_152010/ablation_ablate_bu_only_seed43,evidence-bearing-A,61274375,182,best_model.pt;block_evaluation.json;config.json;heldout_evaluation.json;training_history.pkl,docs/checkpoints_retention_manifest.csv,A-zone catalog-era suite; still cited for diag_damping / bu_only / black-box noise line (R-A rule 2)
checkpoints/sweep_oc_all_noise/sweep_oc_ablation_noise_nominal_train_remus100_dr_auv_oc_traj1000_blk150_s23_d0be9434_s43-44-45_20260409_152010,checkpoints/sweep_oc_all_noise/sweep_oc_ablation_noise_nominal_train_remus100_dr_auv_oc_traj1000_blk150_s23_d0be9434_s43-44-45_20260409_152010/ablation_ablate_bu_only_seed44,evidence-bearing-A,61686414,182,best_model.pt;block_evaluation.json;config.json;heldout_evaluation.json;training_history.pkl,docs/checkpoints_retention_manifest.csv,A-zone catalog-era suite; still cited for diag_damping / bu_only / black-box noise line (R-A rule 2)
checkpoints/sweep_oc_all_noise/sweep_oc_ablation_noise_nominal_train_remus100_dr_auv_oc_traj1000_blk150_s23_d0be9434_s43-44-45_20260409_152010,checkpoints/sweep_oc_all_noise/sweep_oc_ablation_noise_nominal_train_remus100_dr_auv_oc_traj1000_blk150_s23_d0be9434_s43-44-45_20260409_152010/ablation_ablate_bu_only_seed45,evidence-bearing-A,57413128,177,best_model.pt;block_evaluation.json;config.json;heldout_evaluation.json;training_history.pkl,docs/checkpoints_retention_manifest.csv,A-zone catalog-era suite; still cited for diag_damping / bu_only / black-box noise line (R-A rule 2)
checkpoints/sweep_oc_all_noise/sweep_oc_ablation_noise_nominal_train_remus100_dr_auv_oc_traj1000_blk150_s23_d0be9434_s43-44-45_20260409_152010,checkpoints/sweep_oc_all_noise/sweep_oc_ablation_noise_nominal_train_remus100_dr_auv_oc_traj1000_blk150_s23_d0be9434_s43-44-45_20260409_152010/ablation_ablate_diag_damping_seed43,evidence-bearing-A,64041156,182,best_model.pt;block_evaluation.json;config.json;heldout_evaluation.json;training_history.pkl,docs/checkpoints_retention_manifest.csv,A-zone catalog-era suite; still cited for diag_damping / bu_only / black-box noise line (R-A rule 2)
checkpoints/sweep_oc_all_noise/sweep_oc_ablation_noise_nominal_train_remus100_dr_auv_oc_traj1000_blk150_s23_d0be9434_s43-44-45_20260409_152010,checkpoints/sweep_oc_all_noise/sweep_oc_ablation_noise_nominal_train_remus100_dr_auv_oc_traj1000_blk150_s23_d0be9434_s43-44-45_20260409_152010/ablation_ablate_diag_damping_seed44,evidence-bearing-A,64655670,182,best_model.pt;block_evaluation.json;config.json;heldout_evaluation.json;training_history.pkl,docs/checkpoints_retention_manifest.csv,A-zone catalog-era suite; still cited for diag_damping / bu_only / black-box noise line (R-A rule 2)
checkpoints/sweep_oc_all_noise/sweep_oc_ablation_noise_nominal_train_remus100_dr_auv_oc_traj1000_blk150_s23_d0be9434_s43-44-45_20260409_152010,checkpoints/sweep_oc_all_noise/sweep_oc_ablation_noise_nominal_train_remus100_dr_auv_oc_traj1000_blk150_s23_d0be9434_s43-44-45_20260409_152010/ablation_ablate_diag_damping_seed45,evidence-bearing-A,63640438,182,best_model.pt;block_evaluation.json;config.json;heldout_evaluation.json;training_history.pkl,docs/checkpoints_retention_manifest.csv,A-zone catalog-era suite; still cited for diag_damping / bu_only / black-box noise line (R-A rule 2)
checkpoints/sweep_oc_all_noise/sweep_oc_ablation_noise_nominal_train_remus100_dr_auv_oc_traj1000_blk150_s23_d0be9434_s43-44-45_20260409_152010,checkpoints/sweep_oc_all_noise/sweep_oc_ablation_noise_nominal_train_remus100_dr_auv_oc_traj1000_blk150_s23_d0be9434_s43-44-45_20260409_152010/ablation_ablate_no_lift_seed43,evidence-bearing-A,63327788,182,best_model.pt;block_evaluation.json;config.json;heldout_evaluation.json;training_history.pkl,docs/checkpoints_retention_manifest.csv,A-zone catalog-era suite; still cited for diag_damping / bu_only / black-box noise line (R-A rule 2)
checkpoints/sweep_oc_all_noise/sweep_oc_ablation_noise_nominal_train_remus100_dr_auv_oc_traj1000_blk150_s23_d0be9434_s43-44-45_20260409_152010,checkpoints/sweep_oc_all_noise/sweep_oc_ablation_noise_nominal_train_remus100_dr_auv_oc_traj1000_blk150_s23_d0be9434_s43-44-45_20260409_152010/ablation_ablate_no_lift_seed44,evidence-bearing-A,62624114,182,best_model.pt;block_evaluation.json;config.json;heldout_evaluation.json;training_history.pkl,docs/checkpoints_retention_manifest.csv,A-zone catalog-era suite; still cited for diag_damping / bu_only / black-box noise line (R-A rule 2)
checkpoints/sweep_oc_all_noise/sweep_oc_ablation_noise_nominal_train_remus100_dr_auv_oc_traj1000_blk150_s23_d0be9434_s43-44-45_20260409_152010,checkpoints/sweep_oc_all_noise/sweep_oc_ablation_noise_nominal_train_remus100_dr_auv_oc_traj1000_blk150_s23_d0be9434_s43-44-45_20260409_152010/ablation_ablate_no_lift_seed45,evidence-bearing-A,63137631,182,best_model.pt;block_evaluation.json;config.json;heldout_evaluation.json;training_history.pkl,docs/checkpoints_retention_manifest.csv,A-zone catalog-era suite; still cited for diag_damping / bu_only / black-box noise line (R-A rule 2)
checkpoints/sweep_oc_all_noise/sweep_oc_ablation_noise_nominal_train_remus100_dr_auv_oc_traj1000_blk150_s23_d0be9434_s43-44-45_20260409_152010,checkpoints/sweep_oc_all_noise/sweep_oc_ablation_noise_nominal_train_remus100_dr_auv_oc_traj1000_blk150_s23_d0be9434_s43-44-45_20260409_152010/ablation_ablate_no_mass_prior_seed43,evidence-bearing-A,64701337,182,best_model.pt;block_evaluation.json;config.json;heldout_evaluation.json;training_history.pkl,docs/checkpoints_retention_manifest.csv,A-zone catalog-era suite; still cited for diag_damping / bu_only / black-box noise line (R-A rule 2)
checkpoints/sweep_oc_all_noise/sweep_oc_ablation_noise_nominal_train_remus100_dr_auv_oc_traj1000_blk150_s23_d0be9434_s43-44-45_20260409_152010,checkpoints/sweep_oc_all_noise/sweep_oc_ablation_noise_nominal_train_remus100_dr_auv_oc_traj1000_blk150_s23_d0be9434_s43-44-45_20260409_152010/ablation_ablate_no_mass_prior_seed44,evidence-bearing-A,64623204,182,best_model.pt;block_evaluation.json;config.json;heldout_evaluation.json;training_history.pkl,docs/checkpoints_retention_manifest.csv,A-zone catalog-era suite; still cited for diag_damping / bu_only / black-box noise line (R-A rule 2)
checkpoints/sweep_oc_all_noise/sweep_oc_ablation_noise_nominal_train_remus100_dr_auv_oc_traj1000_blk150_s23_d0be9434_s43-44-45_20260409_152010,checkpoints/sweep_oc_all_noise/sweep_oc_ablation_noise_nominal_train_remus100_dr_auv_oc_traj1000_blk150_s23_d0be9434_s43-44-45_20260409_152010/ablation_ablate_no_mass_prior_seed45,evidence-bearing-A,64773389,182,best_model.pt;block_evaluation.json;config.json;heldout_evaluation.json;training_history.pkl,docs/checkpoints_retention_manifest.csv,A-zone catalog-era suite; still cited for diag_damping / bu_only / black-box noise line (R-A rule 2)
checkpoints/sweep_oc_all_noise/sweep_oc_baseline_noise_nominal_train_remus100_dr_auv_oc_traj1000_blk150_s23_d0be9434_s43-44-45_20260409_124449,checkpoints/sweep_oc_all_noise/sweep_oc_baseline_noise_nominal_train_remus100_dr_auv_oc_traj1000_blk150_s23_d0be9434_s43-44-45_20260409_124449/baseline_blackbox_fullstate_seed43,evidence-bearing-A,53217936,182,best_model.pt;block_evaluation.json;config.json;heldout_evaluation.json;training_history.pkl,docs/checkpoints_retention_manifest.csv,A-zone catalog-era suite; still cited for diag_damping / bu_only / black-box noise line (R-A rule 2)
checkpoints/sweep_oc_all_noise/sweep_oc_baseline_noise_nominal_train_remus100_dr_auv_oc_traj1000_blk150_s23_d0be9434_s43-44-45_20260409_124449,checkpoints/sweep_oc_all_noise/sweep_oc_baseline_noise_nominal_train_remus100_dr_auv_oc_traj1000_blk150_s23_d0be9434_s43-44-45_20260409_124449/baseline_blackbox_fullstate_seed44,evidence-bearing-A,57323161,182,best_model.pt;block_evaluation.json;config.json;heldout_evaluation.json;training_history.pkl,docs/checkpoints_retention_manifest.csv,A-zone catalog-era suite; still cited for diag_damping / bu_only / black-box noise line (R-A rule 2)
checkpoints/sweep_oc_all_noise/sweep_oc_baseline_noise_nominal_train_remus100_dr_auv_oc_traj1000_blk150_s23_d0be9434_s43-44-45_20260409_124449,checkpoints/sweep_oc_all_noise/sweep_oc_baseline_noise_nominal_train_remus100_dr_auv_oc_traj1000_blk150_s23_d0be9434_s43-44-45_20260409_124449/baseline_blackbox_fullstate_seed45,evidence-bearing-A,52220190,182,best_model.pt;block_evaluation.json;config.json;heldout_evaluation.json;training_history.pkl,docs/checkpoints_retention_manifest.csv,A-zone catalog-era suite; still cited for diag_damping / bu_only / black-box noise line (R-A rule 2)
checkpoints/sweep_oc_all_noise/sweep_oc_baseline_noise_nominal_train_remus100_dr_auv_oc_traj1000_blk150_s23_d0be9434_s43-44-45_20260409_124449,checkpoints/sweep_oc_all_noise/sweep_oc_baseline_noise_nominal_train_remus100_dr_auv_oc_traj1000_blk150_s23_d0be9434_s43-44-45_20260409_124449/baseline_phnode_merged_force_seed43,evidence-bearing-A,64230481,182,best_model.pt;block_evaluation.json;config.json;heldout_evaluation.json;training_history.pkl,docs/checkpoints_retention_manifest.csv,A-zone catalog-era suite; still cited for diag_damping / bu_only / black-box noise line (R-A rule 2)
checkpoints/sweep_oc_all_noise/sweep_oc_baseline_noise_nominal_train_remus100_dr_auv_oc_traj1000_blk150_s23_d0be9434_s43-44-45_20260409_124449,checkpoints/sweep_oc_all_noise/sweep_oc_baseline_noise_nominal_train_remus100_dr_auv_oc_traj1000_blk150_s23_d0be9434_s43-44-45_20260409_124449/baseline_phnode_merged_force_seed44,evidence-bearing-A,63955909,182,best_model.pt;block_evaluation.json;config.json;heldout_evaluation.json;training_history.pkl,docs/checkpoints_retention_manifest.csv,A-zone catalog-era suite; still cited for diag_damping / bu_only / black-box noise line (R-A rule 2)
checkpoints/sweep_oc_all_noise/sweep_oc_baseline_noise_nominal_train_remus100_dr_auv_oc_traj1000_blk150_s23_d0be9434_s43-44-45_20260409_124449,checkpoints/sweep_oc_all_noise/sweep_oc_baseline_noise_nominal_train_remus100_dr_auv_oc_traj1000_blk150_s23_d0be9434_s43-44-45_20260409_124449/baseline_phnode_merged_force_seed45,evidence-bearing-A,63696803,182,best_model.pt;block_evaluation.json;config.json;heldout_evaluation.json;training_history.pkl,docs/checkpoints_retention_manifest.csv,A-zone catalog-era suite; still cited for diag_damping / bu_only / black-box noise line (R-A rule 2)
checkpoints/sweep_oc_all_noise/sweep_oc_baseline_noise_nominal_train_remus100_dr_auv_oc_traj1000_blk150_s23_d0be9434_s43-44-45_20260409_124449,checkpoints/sweep_oc_all_noise/sweep_oc_baseline_noise_nominal_train_remus100_dr_auv_oc_traj1000_blk150_s23_d0be9434_s43-44-45_20260409_124449/baseline_phnode_qforce_seed43,evidence-bearing-A,64928124,182,best_model.pt;block_evaluation.json;config.json;heldout_evaluation.json;training_history.pkl,docs/checkpoints_retention_manifest.csv,A-zone catalog-era suite; still cited for diag_damping / bu_only / black-box noise line (R-A rule 2)
checkpoints/sweep_oc_all_noise/sweep_oc_baseline_noise_nominal_train_remus100_dr_auv_oc_traj1000_blk150_s23_d0be9434_s43-44-45_20260409_124449,checkpoints/sweep_oc_all_noise/sweep_oc_baseline_noise_nominal_train_remus100_dr_auv_oc_traj1000_blk150_s23_d0be9434_s43-44-45_20260409_124449/baseline_phnode_qforce_seed44,evidence-bearing-A,64646423,182,best_model.pt;block_evaluation.json;config.json;heldout_evaluation.json;training_history.pkl,docs/checkpoints_retention_manifest.csv,A-zone catalog-era suite; still cited for diag_damping / bu_only / black-box noise line (R-A rule 2)
checkpoints/sweep_oc_all_noise/sweep_oc_baseline_noise_nominal_train_remus100_dr_auv_oc_traj1000_blk150_s23_d0be9434_s43-44-45_20260409_124449,checkpoints/sweep_oc_all_noise/sweep_oc_baseline_noise_nominal_train_remus100_dr_auv_oc_traj1000_blk150_s23_d0be9434_s43-44-45_20260409_124449/baseline_phnode_qforce_seed45,evidence-bearing-A,64135344,182,best_model.pt;block_evaluation.json;config.json;heldout_evaluation.json;training_history.pkl,docs/checkpoints_retention_manifest.csv,A-zone catalog-era suite; still cited for diag_damping / bu_only / black-box noise line (R-A rule 2)
checkpoints/sweep_oc_all_noise/sweep_oc_baseline_noise_nominal_train_remus100_dr_auv_oc_traj1000_blk150_s23_d0be9434_s43-44-45_20260409_124449,checkpoints/sweep_oc_all_noise/sweep_oc_baseline_noise_nominal_train_remus100_dr_auv_oc_traj1000_blk150_s23_d0be9434_s43-44-45_20260409_124449/baseline_se3_accel_blackbox_seed43,evidence-bearing-A,64699825,182,best_model.pt;block_evaluation.json;config.json;heldout_evaluation.json;training_history.pkl,docs/checkpoints_retention_manifest.csv,A-zone catalog-era suite; still cited for diag_damping / bu_only / black-box noise line (R-A rule 2)
checkpoints/sweep_oc_all_noise/sweep_oc_baseline_noise_nominal_train_remus100_dr_auv_oc_traj1000_blk150_s23_d0be9434_s43-44-45_20260409_124449,checkpoints/sweep_oc_all_noise/sweep_oc_baseline_noise_nominal_train_remus100_dr_auv_oc_traj1000_blk150_s23_d0be9434_s43-44-45_20260409_124449/baseline_se3_accel_blackbox_seed44,evidence-bearing-A,64296550,182,best_model.pt;block_evaluation.json;config.json;heldout_evaluation.json;training_history.pkl,docs/checkpoints_retention_manifest.csv,A-zone catalog-era suite; still cited for diag_damping / bu_only / black-box noise line (R-A rule 2)
checkpoints/sweep_oc_all_noise/sweep_oc_baseline_noise_nominal_train_remus100_dr_auv_oc_traj1000_blk150_s23_d0be9434_s43-44-45_20260409_124449,checkpoints/sweep_oc_all_noise/sweep_oc_baseline_noise_nominal_train_remus100_dr_auv_oc_traj1000_blk150_s23_d0be9434_s43-44-45_20260409_124449/baseline_se3_accel_blackbox_seed45,evidence-bearing-A,64011130,182,best_model.pt;block_evaluation.json;config.json;heldout_evaluation.json;training_history.pkl,docs/checkpoints_retention_manifest.csv,A-zone catalog-era suite; still cited for diag_damping / bu_only / black-box noise line (R-A rule 2)
checkpoints/sweep_oc_all_noise/sweep_oc_baseline_noise_nominal_train_remus100_dr_auv_oc_traj1000_blk150_s23_d0be9434_s43-44-45_20260409_124449,checkpoints/sweep_oc_all_noise/sweep_oc_baseline_noise_nominal_train_remus100_dr_auv_oc_traj1000_blk150_s23_d0be9434_s43-44-45_20260409_124449/baseline_se3_momentum_blackbox_seed43,evidence-bearing-A,64496864,182,best_model.pt;block_evaluation.json;config.json;heldout_evaluation.json;training_history.pkl,docs/checkpoints_retention_manifest.csv,A-zone catalog-era suite; still cited for diag_damping / bu_only / black-box noise line (R-A rule 2)
checkpoints/sweep_oc_all_noise/sweep_oc_baseline_noise_nominal_train_remus100_dr_auv_oc_traj1000_blk150_s23_d0be9434_s43-44-45_20260409_124449,checkpoints/sweep_oc_all_noise/sweep_oc_baseline_noise_nominal_train_remus100_dr_auv_oc_traj1000_blk150_s23_d0be9434_s43-44-45_20260409_124449/baseline_se3_momentum_blackbox_seed44,evidence-bearing-A,64536355,182,best_model.pt;block_evaluation.json;config.json;heldout_evaluation.json;training_history.pkl,docs/checkpoints_retention_manifest.csv,A-zone catalog-era suite; still cited for diag_damping / bu_only / black-box noise line (R-A rule 2)
checkpoints/sweep_oc_all_noise/sweep_oc_baseline_noise_nominal_train_remus100_dr_auv_oc_traj1000_blk150_s23_d0be9434_s43-44-45_20260409_124449,checkpoints/sweep_oc_all_noise/sweep_oc_baseline_noise_nominal_train_remus100_dr_auv_oc_traj1000_blk150_s23_d0be9434_s43-44-45_20260409_124449/baseline_se3_momentum_blackbox_seed45,evidence-bearing-A,64728932,182,best_model.pt;block_evaluation.json;config.json;heldout_evaluation.json;training_history.pkl,docs/checkpoints_retention_manifest.csv,A-zone catalog-era suite; still cited for diag_damping / bu_only / black-box noise line (R-A rule 2)
checkpoints/sweep_oc_all_noise/sweep_oc_main_noise_nominal_train_remus100_dr_auv_oc_traj1000_blk150_s23_d0be9434_s43-44-45_20260409_101923,checkpoints/sweep_oc_all_noise/sweep_oc_main_noise_nominal_train_remus100_dr_auv_oc_traj1000_blk150_s23_d0be9434_s43-44-45_20260409_101923/main_phnode_full_seed43,evidence-bearing-A,64790656,182,best_model.pt;block_evaluation.json;config.json;heldout_evaluation.json;training_history.pkl,docs/checkpoints_retention_manifest.csv;docs/oc_catalog_template_usage.md,A-zone catalog-era suite; still cited for diag_damping / bu_only / black-box noise line (R-A rule 2)
checkpoints/sweep_oc_all_noise/sweep_oc_main_noise_nominal_train_remus100_dr_auv_oc_traj1000_blk150_s23_d0be9434_s43-44-45_20260409_101923,checkpoints/sweep_oc_all_noise/sweep_oc_main_noise_nominal_train_remus100_dr_auv_oc_traj1000_blk150_s23_d0be9434_s43-44-45_20260409_101923/main_phnode_full_seed44,evidence-bearing-A,65261904,182,best_model.pt;block_evaluation.json;config.json;heldout_evaluation.json;training_history.pkl,docs/checkpoints_retention_manifest.csv,A-zone catalog-era suite; still cited for diag_damping / bu_only / black-box noise line (R-A rule 2)
checkpoints/sweep_oc_all_noise/sweep_oc_main_noise_nominal_train_remus100_dr_auv_oc_traj1000_blk150_s23_d0be9434_s43-44-45_20260409_101923,checkpoints/sweep_oc_all_noise/sweep_oc_main_noise_nominal_train_remus100_dr_auv_oc_traj1000_blk150_s23_d0be9434_s43-44-45_20260409_101923/main_phnode_full_seed45,evidence-bearing-A,64672356,182,best_model.pt;block_evaluation.json;config.json;heldout_evaluation.json;training_history.pkl,docs/checkpoints_retention_manifest.csv,A-zone catalog-era suite; still cited for diag_damping / bu_only / black-box noise line (R-A rule 2)
checkpoints/sweep_oc_key_ablation_noise_nominal_train_remus100_dr_extra_42-46-47,checkpoints/sweep_oc_key_ablation_noise_nominal_train_remus100_dr_extra_42-46-47/ablation_ablate_no_lift_seed42,evidence-bearing-A,62952749,182,best_model.pt;block_evaluation.json;config.json;heldout_evaluation.json;training_history.pkl,docs/checkpoints_retention_manifest.csv,A-zone catalog-era suite; still cited for diag_damping / bu_only / black-box noise line (R-A rule 2)
checkpoints/sweep_oc_key_ablation_noise_nominal_train_remus100_dr_extra_42-46-47,checkpoints/sweep_oc_key_ablation_noise_nominal_train_remus100_dr_extra_42-46-47/ablation_ablate_no_lift_seed46,evidence-bearing-A,62507543,182,best_model.pt;block_evaluation.json;config.json;heldout_evaluation.json;training_history.pkl,docs/checkpoints_retention_manifest.csv,A-zone catalog-era suite; still cited for diag_damping / bu_only / black-box noise line (R-A rule 2)
checkpoints/sweep_oc_key_ablation_noise_nominal_train_remus100_dr_extra_42-46-47,checkpoints/sweep_oc_key_ablation_noise_nominal_train_remus100_dr_extra_42-46-47/ablation_ablate_no_lift_seed47,evidence-bearing-A,62882122,182,best_model.pt;block_evaluation.json;config.json;heldout_evaluation.json;training_history.pkl,docs/checkpoints_retention_manifest.csv,A-zone catalog-era suite; still cited for diag_damping / bu_only / black-box noise line (R-A rule 2)
checkpoints/sweep_oc_key_ablation_noise_nominal_train_remus100_dr_extra_42-46-47,checkpoints/sweep_oc_key_ablation_noise_nominal_train_remus100_dr_extra_42-46-47/ablation_ablate_no_mass_prior_seed42,evidence-bearing-A,64673345,182,best_model.pt;block_evaluation.json;config.json;heldout_evaluation.json;training_history.pkl,docs/checkpoints_retention_manifest.csv,A-zone catalog-era suite; still cited for diag_damping / bu_only / black-box noise line (R-A rule 2)
checkpoints/sweep_oc_key_ablation_noise_nominal_train_remus100_dr_extra_42-46-47,checkpoints/sweep_oc_key_ablation_noise_nominal_train_remus100_dr_extra_42-46-47/ablation_ablate_no_mass_prior_seed46,evidence-bearing-A,65016633,182,best_model.pt;block_evaluation.json;config.json;heldout_evaluation.json;training_history.pkl,docs/checkpoints_retention_manifest.csv,A-zone catalog-era suite; still cited for diag_damping / bu_only / black-box noise line (R-A rule 2)
checkpoints/sweep_oc_key_ablation_noise_nominal_train_remus100_dr_extra_42-46-47,checkpoints/sweep_oc_key_ablation_noise_nominal_train_remus100_dr_extra_42-46-47/ablation_ablate_no_mass_prior_seed47,evidence-bearing-A,64793832,182,best_model.pt;block_evaluation.json;config.json;heldout_evaluation.json;training_history.pkl,docs/checkpoints_retention_manifest.csv,A-zone catalog-era suite; still cited for diag_damping / bu_only / black-box noise line (R-A rule 2)
checkpoints/sweep_oc_main_noise_nominal_train_remus100_dr_extra_42-46-47,checkpoints/sweep_oc_main_noise_nominal_train_remus100_dr_extra_42-46-47/main_phnode_full_seed42,evidence-bearing-A,63535184,182,best_model.pt;block_evaluation.json;config.json;heldout_evaluation.json;training_history.pkl,docs/checkpoints_retention_manifest.csv;docs/experiment_stages_overview.md;docs/oc_followup_experiment_plan.md,A-zone catalog-era suite; still cited for diag_damping / bu_only / black-box noise line (R-A rule 2)
checkpoints/sweep_oc_main_noise_nominal_train_remus100_dr_extra_42-46-47,checkpoints/sweep_oc_main_noise_nominal_train_remus100_dr_extra_42-46-47/main_phnode_full_seed46,evidence-bearing-A,64457184,182,best_model.pt;block_evaluation.json;config.json;heldout_evaluation.json;training_history.pkl,docs/checkpoints_retention_manifest.csv;docs/experiment_stages_overview.md,A-zone catalog-era suite; still cited for diag_damping / bu_only / black-box noise line (R-A rule 2)
checkpoints/sweep_oc_main_noise_nominal_train_remus100_dr_extra_42-46-47,checkpoints/sweep_oc_main_noise_nominal_train_remus100_dr_extra_42-46-47/main_phnode_full_seed47,evidence-bearing-A,64521105,182,best_model.pt;block_evaluation.json;config.json;heldout_evaluation.json;training_history.pkl,docs/checkpoints_retention_manifest.csv,A-zone catalog-era suite; still cited for diag_damping / bu_only / black-box noise line (R-A rule 2)
checkpoints/sweep_oc_main_noise_seed42_smoke,checkpoints/sweep_oc_main_noise_seed42_smoke/main_phnode_full_seed42,flow-validation-only,63532420,182,best_model.pt;block_evaluation.json;config.json;heldout_evaluation.json;training_history.pkl,docs/checkpoints_retention_manifest.csv;docs/experiment_full_inventory_zh.md;docs/experiment_stages_overview.md;docs/oc_followup_experiment_plan.md,"flow/protocol validation only, never paper evidence (repo_structure_audit 2.6)"
checkpoints/sweep_oc_phase1_probe_clean_20260423_180908,checkpoints/sweep_oc_phase1_probe_clean_20260423_180908/ablation_ablate_no_mass_prior_seed43,flow-validation-only,42717061,111,best_model.pt;block_evaluation.json;config.json;heldout_evaluation.json;training_history.pkl,docs/checkpoints_retention_manifest.csv,"flow/protocol validation only, never paper evidence (repo_structure_audit 2.6)"
checkpoints/sweep_oc_phase1_probe_clean_20260423_180908,checkpoints/sweep_oc_phase1_probe_clean_20260423_180908/main_phnode_full_seed43,flow-validation-only,40798069,111,best_model.pt;block_evaluation.json;config.json;heldout_evaluation.json;training_history.pkl,docs/checkpoints_retention_manifest.csv,"flow/protocol validation only, never paper evidence (repo_structure_audit 2.6)"
checkpoints/sweep_oc_phase1_probe_iid_20260423_180908,checkpoints/sweep_oc_phase1_probe_iid_20260423_180908/ablation_ablate_no_mass_prior_seed43,flow-validation-only,42539786,111,best_model.pt;block_evaluation.json;config.json;heldout_evaluation.json;training_history.pkl,docs/checkpoints_retention_manifest.csv,"flow/protocol validation only, never paper evidence (repo_structure_audit 2.6)"
checkpoints/sweep_oc_phase1_probe_iid_20260423_180908,checkpoints/sweep_oc_phase1_probe_iid_20260423_180908/main_phnode_full_seed43,flow-validation-only,41639370,111,best_model.pt;block_evaluation.json;config.json;heldout_evaluation.json;training_history.pkl,docs/checkpoints_retention_manifest.csv,"flow/protocol validation only, never paper evidence (repo_structure_audit 2.6)"
checkpoints/sweep_oc_phase1_probe_v4lite_20260423_180908,checkpoints/sweep_oc_phase1_probe_v4lite_20260423_180908/ablation_ablate_no_mass_prior_seed43,flow-validation-only,42760049,111,best_model.pt;block_evaluation.json;config.json;heldout_evaluation.json;training_history.pkl,docs/checkpoints_retention_manifest.csv,"flow/protocol validation only, never paper evidence (repo_structure_audit 2.6)"
checkpoints/sweep_oc_phase1_probe_v4lite_20260423_180908,checkpoints/sweep_oc_phase1_probe_v4lite_20260423_180908/main_phnode_full_seed43,flow-validation-only,40901438,111,best_model.pt;block_evaluation.json;config.json;heldout_evaluation.json;training_history.pkl,docs/checkpoints_retention_manifest.csv,"flow/protocol validation only, never paper evidence (repo_structure_audit 2.6)"
checkpoints/sweep_oc_phase1_smoke_clean_fix_20260423_124711,checkpoints/sweep_oc_phase1_smoke_clean_fix_20260423_124711/ablation_ablate_no_mass_prior_seed43,flow-validation-only,42718683,111,best_model.pt;block_evaluation.json;config.json;heldout_evaluation.json;training_history.pkl,docs/checkpoints_retention_manifest.csv,"flow/protocol validation only, never paper evidence (repo_structure_audit 2.6)"
checkpoints/sweep_oc_phase1_smoke_clean_fix_20260423_124711,checkpoints/sweep_oc_phase1_smoke_clean_fix_20260423_124711/ablation_ablate_no_mass_prior_seed44,flow-validation-only,42647532,111,best_model.pt;block_evaluation.json;config.json;heldout_evaluation.json;training_history.pkl,docs/checkpoints_retention_manifest.csv,"flow/protocol validation only, never paper evidence (repo_structure_audit 2.6)"
checkpoints/sweep_oc_phase1_smoke_clean_fix_20260423_124711,checkpoints/sweep_oc_phase1_smoke_clean_fix_20260423_124711/main_phnode_full_seed43,flow-validation-only,40799691,111,best_model.pt;block_evaluation.json;config.json;heldout_evaluation.json;training_history.pkl,docs/checkpoints_retention_manifest.csv,"flow/protocol validation only, never paper evidence (repo_structure_audit 2.6)"
checkpoints/sweep_oc_phase1_smoke_clean_fix_20260423_124711,checkpoints/sweep_oc_phase1_smoke_clean_fix_20260423_124711/main_phnode_full_seed44,flow-validation-only,41341948,111,best_model.pt;block_evaluation.json;config.json;heldout_evaluation.json;training_history.pkl,docs/checkpoints_retention_manifest.csv,"flow/protocol validation only, never paper evidence (repo_structure_audit 2.6)"
checkpoints/sweep_oc_phase1a_decision_clean_t2_wpfrag_ablate_no_lift,checkpoints/sweep_oc_phase1a_decision_clean_t2_wpfrag_ablate_no_lift/ablation_ablate_no_lift_seed42,evidence-bearing-B,72920577,202,best_model.pt;block_evaluation.json;config.json;heldout_evaluation.json;training_history.pkl,analysis/section8_current_evidence/horizon_scenario_per_seed.csv;analysis/section8_current_evidence/per_seed_long.csv;docs/checkpoints_retention_manifest.csv,B-zone t2_wpfrag decision suite; primary section 8 evidence under the R-A rule
checkpoints/sweep_oc_phase1a_decision_clean_t2_wpfrag_ablate_no_lift,checkpoints/sweep_oc_phase1a_decision_clean_t2_wpfrag_ablate_no_lift/ablation_ablate_no_lift_seed43,evidence-bearing-B,66335793,197,best_model.pt;block_evaluation.json;config.json;heldout_evaluation.json;training_history.pkl,analysis/section8_current_evidence/horizon_scenario_per_seed.csv;analysis/section8_current_evidence/per_seed_long.csv;docs/checkpoints_retention_manifest.csv,B-zone t2_wpfrag decision suite; primary section 8 evidence under the R-A rule
checkpoints/sweep_oc_phase1a_decision_clean_t2_wpfrag_ablate_no_lift,checkpoints/sweep_oc_phase1a_decision_clean_t2_wpfrag_ablate_no_lift/ablation_ablate_no_lift_seed44,evidence-bearing-B,71844951,202,best_model.pt;block_evaluation.json;config.json;heldout_evaluation.json;training_history.pkl,analysis/section8_current_evidence/horizon_scenario_per_seed.csv;analysis/section8_current_evidence/per_seed_long.csv;docs/checkpoints_retention_manifest.csv,B-zone t2_wpfrag decision suite; primary section 8 evidence under the R-A rule
checkpoints/sweep_oc_phase1a_decision_clean_t2_wpfrag_ablate_no_lift,checkpoints/sweep_oc_phase1a_decision_clean_t2_wpfrag_ablate_no_lift/ablation_ablate_no_lift_seed45,evidence-bearing-B,72644833,202,best_model.pt;block_evaluation.json;config.json;heldout_evaluation.json;training_history.pkl,analysis/section8_current_evidence/horizon_scenario_per_seed.csv;analysis/section8_current_evidence/per_seed_long.csv;docs/checkpoints_retention_manifest.csv,B-zone t2_wpfrag decision suite; primary section 8 evidence under the R-A rule
checkpoints/sweep_oc_phase1a_decision_clean_t2_wpfrag_ablate_no_lift,checkpoints/sweep_oc_phase1a_decision_clean_t2_wpfrag_ablate_no_lift/ablation_ablate_no_lift_seed46,evidence-bearing-B,72429481,202,best_model.pt;block_evaluation.json;config.json;heldout_evaluation.json;training_history.pkl,analysis/section8_current_evidence/horizon_scenario_per_seed.csv;analysis/section8_current_evidence/per_seed_long.csv;docs/checkpoints_retention_manifest.csv,B-zone t2_wpfrag decision suite; primary section 8 evidence under the R-A rule
checkpoints/sweep_oc_phase1a_decision_clean_t2_wpfrag_ablate_no_mass_prior,checkpoints/sweep_oc_phase1a_decision_clean_t2_wpfrag_ablate_no_mass_prior/ablation_ablate_no_mass_prior_seed42,evidence-bearing-B,74528768,202,best_model.pt;block_evaluation.json;config.json;heldout_evaluation.json;training_history.pkl,analysis/section8_current_evidence/horizon_scenario_per_seed.csv;analysis/section8_current_evidence/per_seed_long.csv;docs/checkpoints_retention_manifest.csv,B-zone t2_wpfrag decision suite; primary section 8 evidence under the R-A rule
checkpoints/sweep_oc_phase1a_decision_clean_t2_wpfrag_ablate_no_mass_prior,checkpoints/sweep_oc_phase1a_decision_clean_t2_wpfrag_ablate_no_mass_prior/ablation_ablate_no_mass_prior_seed43,evidence-bearing-B,73985357,202,best_model.pt;block_evaluation.json;config.json;heldout_evaluation.json;training_history.pkl,analysis/section8_current_evidence/horizon_scenario_per_seed.csv;analysis/section8_current_evidence/per_seed_long.csv;docs/checkpoints_retention_manifest.csv,B-zone t2_wpfrag decision suite; primary section 8 evidence under the R-A rule
checkpoints/sweep_oc_phase1a_decision_clean_t2_wpfrag_ablate_no_mass_prior,checkpoints/sweep_oc_phase1a_decision_clean_t2_wpfrag_ablate_no_mass_prior/ablation_ablate_no_mass_prior_seed44,evidence-bearing-B,74035608,202,best_model.pt;block_evaluation.json;config.json;heldout_evaluation.json;training_history.pkl,analysis/section8_current_evidence/horizon_scenario_per_seed.csv;analysis/section8_current_evidence/per_seed_long.csv;docs/checkpoints_retention_manifest.csv,B-zone t2_wpfrag decision suite; primary section 8 evidence under the R-A rule
checkpoints/sweep_oc_phase1a_decision_clean_t2_wpfrag_ablate_no_mass_prior,checkpoints/sweep_oc_phase1a_decision_clean_t2_wpfrag_ablate_no_mass_prior/ablation_ablate_no_mass_prior_seed45,evidence-bearing-B,74290909,202,best_model.pt;block_evaluation.json;config.json;heldout_evaluation.json;training_history.pkl,analysis/section8_current_evidence/horizon_scenario_per_seed.csv;analysis/section8_current_evidence/per_seed_long.csv;docs/checkpoints_retention_manifest.csv,B-zone t2_wpfrag decision suite; primary section 8 evidence under the R-A rule
checkpoints/sweep_oc_phase1a_decision_clean_t2_wpfrag_ablate_no_mass_prior,checkpoints/sweep_oc_phase1a_decision_clean_t2_wpfrag_ablate_no_mass_prior/ablation_ablate_no_mass_prior_seed46,evidence-bearing-B,74246521,202,best_model.pt;block_evaluation.json;config.json;heldout_evaluation.json;training_history.pkl,analysis/section8_current_evidence/horizon_scenario_per_seed.csv;analysis/section8_current_evidence/per_seed_long.csv;docs/checkpoints_retention_manifest.csv,B-zone t2_wpfrag decision suite; primary section 8 evidence under the R-A rule
checkpoints/sweep_oc_phase1a_decision_clean_t2_wpfrag_blackbox_fullstate,checkpoints/sweep_oc_phase1a_decision_clean_t2_wpfrag_blackbox_fullstate/baseline_blackbox_fullstate_seed42,evidence-bearing-B,67117832,202,best_model.pt;block_evaluation.json;config.json;heldout_evaluation.json;training_history.pkl,analysis/section8_current_evidence/horizon_scenario_per_seed.csv;analysis/section8_current_evidence/per_seed_long.csv;docs/checkpoints_retention_manifest.csv,B-zone t2_wpfrag decision suite; primary section 8 evidence under the R-A rule
checkpoints/sweep_oc_phase1a_decision_clean_t2_wpfrag_blackbox_fullstate,checkpoints/sweep_oc_phase1a_decision_clean_t2_wpfrag_blackbox_fullstate/baseline_blackbox_fullstate_seed43,evidence-bearing-B,68791368,202,best_model.pt;block_evaluation.json;config.json;heldout_evaluation.json;training_history.pkl,analysis/section8_current_evidence/horizon_scenario_per_seed.csv;analysis/section8_current_evidence/per_seed_long.csv;docs/checkpoints_retention_manifest.csv,B-zone t2_wpfrag decision suite; primary section 8 evidence under the R-A rule
checkpoints/sweep_oc_phase1a_decision_clean_t2_wpfrag_blackbox_fullstate,checkpoints/sweep_oc_phase1a_decision_clean_t2_wpfrag_blackbox_fullstate/baseline_blackbox_fullstate_seed44,evidence-bearing-B,60651811,202,best_model.pt;block_evaluation.json;config.json;heldout_evaluation.json;training_history.pkl,analysis/section8_current_evidence/horizon_scenario_per_seed.csv;analysis/section8_current_evidence/per_seed_long.csv;docs/checkpoints_retention_manifest.csv,B-zone t2_wpfrag decision suite; primary section 8 evidence under the R-A rule
checkpoints/sweep_oc_phase1a_decision_clean_t2_wpfrag_blackbox_fullstate,checkpoints/sweep_oc_phase1a_decision_clean_t2_wpfrag_blackbox_fullstate/baseline_blackbox_fullstate_seed45,evidence-bearing-B,67211779,202,best_model.pt;block_evaluation.json;config.json;heldout_evaluation.json;training_history.pkl,analysis/section8_current_evidence/horizon_scenario_per_seed.csv;analysis/section8_current_evidence/per_seed_long.csv;docs/checkpoints_retention_manifest.csv,B-zone t2_wpfrag decision suite; primary section 8 evidence under the R-A rule
checkpoints/sweep_oc_phase1a_decision_clean_t2_wpfrag_blackbox_fullstate,checkpoints/sweep_oc_phase1a_decision_clean_t2_wpfrag_blackbox_fullstate/baseline_blackbox_fullstate_seed46,evidence-bearing-B,62335203,202,best_model.pt;block_evaluation.json;config.json;heldout_evaluation.json;training_history.pkl,analysis/section8_current_evidence/horizon_scenario_per_seed.csv;analysis/section8_current_evidence/per_seed_long.csv;docs/checkpoints_retention_manifest.csv,B-zone t2_wpfrag decision suite; primary section 8 evidence under the R-A rule
checkpoints/sweep_oc_phase1a_decision_clean_t2_wpfrag_phnode_full,checkpoints/sweep_oc_phase1a_decision_clean_t2_wpfrag_phnode_full/main_phnode_full_seed42,evidence-bearing-B,74437052,202,best_model.pt;block_evaluation.json;config.json;heldout_evaluation.json;training_history.pkl,analysis/section8_current_evidence/horizon_scenario_per_seed.csv;analysis/section8_current_evidence/per_seed_long.csv;docs/checkpoints_retention_manifest.csv,B-zone t2_wpfrag decision suite; primary section 8 evidence under the R-A rule
checkpoints/sweep_oc_phase1a_decision_clean_t2_wpfrag_phnode_full,checkpoints/sweep_oc_phase1a_decision_clean_t2_wpfrag_phnode_full/main_phnode_full_seed43,evidence-bearing-B,74638014,202,best_model.pt;block_evaluation.json;config.json;heldout_evaluation.json;training_history.pkl,analysis/section8_current_evidence/horizon_scenario_per_seed.csv;analysis/section8_current_evidence/per_seed_long.csv;docs/checkpoints_retention_manifest.csv,B-zone t2_wpfrag decision suite; primary section 8 evidence under the R-A rule
checkpoints/sweep_oc_phase1a_decision_clean_t2_wpfrag_phnode_full,checkpoints/sweep_oc_phase1a_decision_clean_t2_wpfrag_phnode_full/main_phnode_full_seed44,evidence-bearing-B,73824630,202,best_model.pt;block_evaluation.json;config.json;heldout_evaluation.json;training_history.pkl,analysis/section8_current_evidence/horizon_scenario_per_seed.csv;analysis/section8_current_evidence/per_seed_long.csv;docs/checkpoints_retention_manifest.csv,B-zone t2_wpfrag decision suite; primary section 8 evidence under the R-A rule
checkpoints/sweep_oc_phase1a_decision_clean_t2_wpfrag_phnode_full,checkpoints/sweep_oc_phase1a_decision_clean_t2_wpfrag_phnode_full/main_phnode_full_seed45,evidence-bearing-B,74570018,202,best_model.pt;block_evaluation.json;config.json;heldout_evaluation.json;training_history.pkl,analysis/section8_current_evidence/horizon_scenario_per_seed.csv;analysis/section8_current_evidence/per_seed_long.csv;docs/checkpoints_retention_manifest.csv,B-zone t2_wpfrag decision suite; primary section 8 evidence under the R-A rule
checkpoints/sweep_oc_phase1a_decision_clean_t2_wpfrag_phnode_full,checkpoints/sweep_oc_phase1a_decision_clean_t2_wpfrag_phnode_full/main_phnode_full_seed46,evidence-bearing-B,74330466,202,best_model.pt;block_evaluation.json;config.json;heldout_evaluation.json;training_history.pkl,analysis/section8_current_evidence/horizon_scenario_per_seed.csv;analysis/section8_current_evidence/per_seed_long.csv;docs/checkpoints_retention_manifest.csv,B-zone t2_wpfrag decision suite; primary section 8 evidence under the R-A rule
checkpoints/sweep_oc_phase1a_decision_clean_t2_wpfrag_phnode_qforce,checkpoints/sweep_oc_phase1a_decision_clean_t2_wpfrag_phnode_qforce/baseline_phnode_qforce_seed42,evidence-bearing-B,72877876,202,best_model.pt;block_evaluation.json;config.json;heldout_evaluation.json;training_history.pkl,analysis/section8_current_evidence/horizon_scenario_per_seed.csv;analysis/section8_current_evidence/per_seed_long.csv;docs/checkpoints_retention_manifest.csv,B-zone t2_wpfrag decision suite; primary section 8 evidence under the R-A rule
checkpoints/sweep_oc_phase1a_decision_clean_t2_wpfrag_phnode_qforce,checkpoints/sweep_oc_phase1a_decision_clean_t2_wpfrag_phnode_qforce/baseline_phnode_qforce_seed43,evidence-bearing-B,74317772,202,best_model.pt;block_evaluation.json;config.json;heldout_evaluation.json;training_history.pkl,analysis/section8_current_evidence/horizon_scenario_per_seed.csv;analysis/section8_current_evidence/per_seed_long.csv;docs/checkpoints_retention_manifest.csv,B-zone t2_wpfrag decision suite; primary section 8 evidence under the R-A rule
checkpoints/sweep_oc_phase1a_decision_clean_t2_wpfrag_phnode_qforce,checkpoints/sweep_oc_phase1a_decision_clean_t2_wpfrag_phnode_qforce/baseline_phnode_qforce_seed44,evidence-bearing-B,73063772,202,best_model.pt;block_evaluation.json;config.json;heldout_evaluation.json;training_history.pkl,analysis/section8_current_evidence/horizon_scenario_per_seed.csv;analysis/section8_current_evidence/per_seed_long.csv;docs/checkpoints_retention_manifest.csv,B-zone t2_wpfrag decision suite; primary section 8 evidence under the R-A rule
checkpoints/sweep_oc_phase1a_decision_clean_t2_wpfrag_phnode_qforce,checkpoints/sweep_oc_phase1a_decision_clean_t2_wpfrag_phnode_qforce/baseline_phnode_qforce_seed45,evidence-bearing-B,73203665,202,best_model.pt;block_evaluation.json;config.json;heldout_evaluation.json;training_history.pkl,analysis/section8_current_evidence/horizon_scenario_per_seed.csv;analysis/section8_current_evidence/per_seed_long.csv;docs/checkpoints_retention_manifest.csv,B-zone t2_wpfrag decision suite; primary section 8 evidence under the R-A rule
checkpoints/sweep_oc_phase1a_decision_clean_t2_wpfrag_phnode_qforce,checkpoints/sweep_oc_phase1a_decision_clean_t2_wpfrag_phnode_qforce/baseline_phnode_qforce_seed46,evidence-bearing-B,72790855,202,best_model.pt;block_evaluation.json;config.json;heldout_evaluation.json;training_history.pkl,analysis/section8_current_evidence/horizon_scenario_per_seed.csv;analysis/section8_current_evidence/per_seed_long.csv;docs/checkpoints_retention_manifest.csv,B-zone t2_wpfrag decision suite; primary section 8 evidence under the R-A rule
checkpoints/sweep_oc_phase1a_decision_clean_t2_wpfrag_se3_accel_blackbox,checkpoints/sweep_oc_phase1a_decision_clean_t2_wpfrag_se3_accel_blackbox/baseline_se3_accel_blackbox_seed42,evidence-bearing-B,73520989,202,best_model.pt;block_evaluation.json;config.json;heldout_evaluation.json;training_history.pkl,analysis/section8_current_evidence/horizon_scenario_per_seed.csv;analysis/section8_current_evidence/per_seed_long.csv;docs/checkpoints_retention_manifest.csv,B-zone t2_wpfrag decision suite; primary section 8 evidence under the R-A rule
checkpoints/sweep_oc_phase1a_decision_clean_t2_wpfrag_se3_accel_blackbox,checkpoints/sweep_oc_phase1a_decision_clean_t2_wpfrag_se3_accel_blackbox/baseline_se3_accel_blackbox_seed43,evidence-bearing-B,73303575,202,best_model.pt;block_evaluation.json;config.json;heldout_evaluation.json;training_history.pkl,analysis/section8_current_evidence/horizon_scenario_per_seed.csv;analysis/section8_current_evidence/per_seed_long.csv;docs/checkpoints_retention_manifest.csv,B-zone t2_wpfrag decision suite; primary section 8 evidence under the R-A rule
checkpoints/sweep_oc_phase1a_decision_clean_t2_wpfrag_se3_accel_blackbox,checkpoints/sweep_oc_phase1a_decision_clean_t2_wpfrag_se3_accel_blackbox/baseline_se3_accel_blackbox_seed44,evidence-bearing-B,73664579,202,best_model.pt;block_evaluation.json;config.json;heldout_evaluation.json;training_history.pkl,analysis/section8_current_evidence/horizon_scenario_per_seed.csv;analysis/section8_current_evidence/per_seed_long.csv;docs/checkpoints_retention_manifest.csv,B-zone t2_wpfrag decision suite; primary section 8 evidence under the R-A rule
checkpoints/sweep_oc_phase1a_decision_clean_t2_wpfrag_se3_accel_blackbox,checkpoints/sweep_oc_phase1a_decision_clean_t2_wpfrag_se3_accel_blackbox/baseline_se3_accel_blackbox_seed45,evidence-bearing-B,73530750,202,best_model.pt;block_evaluation.json;config.json;heldout_evaluation.json;training_history.pkl,analysis/section8_current_evidence/horizon_scenario_per_seed.csv;analysis/section8_current_evidence/per_seed_long.csv;docs/checkpoints_retention_manifest.csv,B-zone t2_wpfrag decision suite; primary section 8 evidence under the R-A rule
checkpoints/sweep_oc_phase1a_decision_clean_t2_wpfrag_se3_accel_blackbox,checkpoints/sweep_oc_phase1a_decision_clean_t2_wpfrag_se3_accel_blackbox/baseline_se3_accel_blackbox_seed46,evidence-bearing-B,73484902,202,best_model.pt;block_evaluation.json;config.json;heldout_evaluation.json;training_history.pkl,analysis/section8_current_evidence/horizon_scenario_per_seed.csv;analysis/section8_current_evidence/per_seed_long.csv;docs/checkpoints_retention_manifest.csv,B-zone t2_wpfrag decision suite; primary section 8 evidence under the R-A rule
checkpoints/sweep_oc_phase1a_decision_clean_t2_wpfrag_se3_momentum_blackbox,checkpoints/sweep_oc_phase1a_decision_clean_t2_wpfrag_se3_momentum_blackbox/baseline_se3_momentum_blackbox_seed42,evidence-bearing-B,73093125,202,best_model.pt;block_evaluation.json;config.json;heldout_evaluation.json;training_history.pkl,analysis/section8_current_evidence/horizon_scenario_per_seed.csv;analysis/section8_current_evidence/per_seed_long.csv;docs/checkpoints_retention_manifest.csv,B-zone t2_wpfrag decision suite; primary section 8 evidence under the R-A rule
checkpoints/sweep_oc_phase1a_decision_clean_t2_wpfrag_se3_momentum_blackbox,checkpoints/sweep_oc_phase1a_decision_clean_t2_wpfrag_se3_momentum_blackbox/baseline_se3_momentum_blackbox_seed43,evidence-bearing-B,73826750,202,best_model.pt;block_evaluation.json;config.json;heldout_evaluation.json;training_history.pkl,analysis/section8_current_evidence/horizon_scenario_per_seed.csv;analysis/section8_current_evidence/per_seed_long.csv;docs/checkpoints_retention_manifest.csv,B-zone t2_wpfrag decision suite; primary section 8 evidence under the R-A rule
checkpoints/sweep_oc_phase1a_decision_clean_t2_wpfrag_se3_momentum_blackbox,checkpoints/sweep_oc_phase1a_decision_clean_t2_wpfrag_se3_momentum_blackbox/baseline_se3_momentum_blackbox_seed44,evidence-bearing-B,73582945,202,best_model.pt;block_evaluation.json;config.json;heldout_evaluation.json;training_history.pkl,analysis/section8_current_evidence/horizon_scenario_per_seed.csv;analysis/section8_current_evidence/per_seed_long.csv;docs/checkpoints_retention_manifest.csv,B-zone t2_wpfrag decision suite; primary section 8 evidence under the R-A rule
checkpoints/sweep_oc_phase1a_decision_clean_t2_wpfrag_se3_momentum_blackbox,checkpoints/sweep_oc_phase1a_decision_clean_t2_wpfrag_se3_momentum_blackbox/baseline_se3_momentum_blackbox_seed45,evidence-bearing-B,73911962,202,best_model.pt;block_evaluation.json;config.json;heldout_evaluation.json;training_history.pkl,analysis/section8_current_evidence/horizon_scenario_per_seed.csv;analysis/section8_current_evidence/per_seed_long.csv;docs/checkpoints_retention_manifest.csv,B-zone t2_wpfrag decision suite; primary section 8 evidence under the R-A rule
checkpoints/sweep_oc_phase1a_decision_clean_t2_wpfrag_se3_momentum_blackbox,checkpoints/sweep_oc_phase1a_decision_clean_t2_wpfrag_se3_momentum_blackbox/baseline_se3_momentum_blackbox_seed46,evidence-bearing-B,73178590,202,best_model.pt;block_evaluation.json;config.json;heldout_evaluation.json;training_history.pkl,analysis/section8_current_evidence/horizon_scenario_per_seed.csv;analysis/section8_current_evidence/per_seed_long.csv;docs/checkpoints_retention_manifest.csv,B-zone t2_wpfrag decision suite; primary section 8 evidence under the R-A rule
checkpoints/sweep_oc_phase1a_decision_extra43-45_clean_phase1a_oc_v4lite_cleanrun_v1,checkpoints/sweep_oc_phase1a_decision_extra43-45_clean_phase1a_oc_v4lite_cleanrun_v1/ablation_ablate_no_lift_seed43,evidence-bearing-B,49053162,156,best_model.pt;block_evaluation.json;config.json;heldout_evaluation.json;training_history.pkl,docs/checkpoints_retention_manifest.csv;docs/phase1a_oc_v4lite_cleanrun_v1_report.md,holds 18 of the 45 cleanrun-v1 decision runs (seeds 43/45)
checkpoints/sweep_oc_phase1a_decision_extra43-45_clean_phase1a_oc_v4lite_cleanrun_v1,checkpoints/sweep_oc_phase1a_decision_extra43-45_clean_phase1a_oc_v4lite_cleanrun_v1/ablation_ablate_no_lift_seed45,evidence-bearing-B,54061282,161,best_model.pt;block_evaluation.json;config.json;heldout_evaluation.json;training_history.pkl,docs/checkpoints_retention_manifest.csv,holds 18 of the 45 cleanrun-v1 decision runs (seeds 43/45)
checkpoints/sweep_oc_phase1a_decision_extra43-45_clean_phase1a_oc_v4lite_cleanrun_v1,checkpoints/sweep_oc_phase1a_decision_extra43-45_clean_phase1a_oc_v4lite_cleanrun_v1/ablation_ablate_no_mass_prior_seed43,evidence-bearing-B,55657728,161,best_model.pt;block_evaluation.json;config.json;heldout_evaluation.json;training_history.pkl,docs/checkpoints_retention_manifest.csv,holds 18 of the 45 cleanrun-v1 decision runs (seeds 43/45)
checkpoints/sweep_oc_phase1a_decision_extra43-45_clean_phase1a_oc_v4lite_cleanrun_v1,checkpoints/sweep_oc_phase1a_decision_extra43-45_clean_phase1a_oc_v4lite_cleanrun_v1/ablation_ablate_no_mass_prior_seed45,evidence-bearing-B,55812552,161,best_model.pt;block_evaluation.json;config.json;heldout_evaluation.json;training_history.pkl,docs/checkpoints_retention_manifest.csv,holds 18 of the 45 cleanrun-v1 decision runs (seeds 43/45)
checkpoints/sweep_oc_phase1a_decision_extra43-45_clean_phase1a_oc_v4lite_cleanrun_v1,checkpoints/sweep_oc_phase1a_decision_extra43-45_clean_phase1a_oc_v4lite_cleanrun_v1/main_phnode_full_seed43,evidence-bearing-B,56080852,161,best_model.pt;block_evaluation.json;config.json;heldout_evaluation.json;training_history.pkl,docs/checkpoints_retention_manifest.csv,holds 18 of the 45 cleanrun-v1 decision runs (seeds 43/45)
checkpoints/sweep_oc_phase1a_decision_extra43-45_clean_phase1a_oc_v4lite_cleanrun_v1,checkpoints/sweep_oc_phase1a_decision_extra43-45_clean_phase1a_oc_v4lite_cleanrun_v1/main_phnode_full_seed45,evidence-bearing-B,56073349,161,best_model.pt;block_evaluation.json;config.json;heldout_evaluation.json;training_history.pkl,docs/checkpoints_retention_manifest.csv,holds 18 of the 45 cleanrun-v1 decision runs (seeds 43/45)
checkpoints/sweep_oc_phase1a_decision_extra43-45_iid_phase1a_oc_v4lite_cleanrun_v1,checkpoints/sweep_oc_phase1a_decision_extra43-45_iid_phase1a_oc_v4lite_cleanrun_v1/ablation_ablate_no_lift_seed43,evidence-bearing-B,53469508,161,best_model.pt;block_evaluation.json;config.json;heldout_evaluation.json;training_history.pkl,docs/checkpoints_retention_manifest.csv,holds 18 of the 45 cleanrun-v1 decision runs (seeds 43/45)
checkpoints/sweep_oc_phase1a_decision_extra43-45_iid_phase1a_oc_v4lite_cleanrun_v1,checkpoints/sweep_oc_phase1a_decision_extra43-45_iid_phase1a_oc_v4lite_cleanrun_v1/ablation_ablate_no_lift_seed45,evidence-bearing-B,54018806,161,best_model.pt;block_evaluation.json;config.json;heldout_evaluation.json;training_history.pkl,docs/checkpoints_retention_manifest.csv,holds 18 of the 45 cleanrun-v1 decision runs (seeds 43/45)
checkpoints/sweep_oc_phase1a_decision_extra43-45_iid_phase1a_oc_v4lite_cleanrun_v1,checkpoints/sweep_oc_phase1a_decision_extra43-45_iid_phase1a_oc_v4lite_cleanrun_v1/ablation_ablate_no_mass_prior_seed43,evidence-bearing-B,55478117,161,best_model.pt;block_evaluation.json;config.json;heldout_evaluation.json;training_history.pkl,docs/checkpoints_retention_manifest.csv,holds 18 of the 45 cleanrun-v1 decision runs (seeds 43/45)
checkpoints/sweep_oc_phase1a_decision_extra43-45_iid_phase1a_oc_v4lite_cleanrun_v1,checkpoints/sweep_oc_phase1a_decision_extra43-45_iid_phase1a_oc_v4lite_cleanrun_v1/ablation_ablate_no_mass_prior_seed45,evidence-bearing-B,55465254,161,best_model.pt;block_evaluation.json;config.json;heldout_evaluation.json;training_history.pkl,docs/checkpoints_retention_manifest.csv,holds 18 of the 45 cleanrun-v1 decision runs (seeds 43/45)
checkpoints/sweep_oc_phase1a_decision_extra43-45_iid_phase1a_oc_v4lite_cleanrun_v1,checkpoints/sweep_oc_phase1a_decision_extra43-45_iid_phase1a_oc_v4lite_cleanrun_v1/main_phnode_full_seed43,evidence-bearing-B,55821120,161,best_model.pt;block_evaluation.json;config.json;heldout_evaluation.json;training_history.pkl,docs/checkpoints_retention_manifest.csv,holds 18 of the 45 cleanrun-v1 decision runs (seeds 43/45)
checkpoints/sweep_oc_phase1a_decision_extra43-45_iid_phase1a_oc_v4lite_cleanrun_v1,checkpoints/sweep_oc_phase1a_decision_extra43-45_iid_phase1a_oc_v4lite_cleanrun_v1/main_phnode_full_seed45,evidence-bearing-B,55523609,161,best_model.pt;block_evaluation.json;config.json;heldout_evaluation.json;training_history.pkl,docs/checkpoints_retention_manifest.csv,holds 18 of the 45 cleanrun-v1 decision runs (seeds 43/45)
checkpoints/sweep_oc_phase1a_decision_extra43-45_v4lite_phase1a_oc_v4lite_cleanrun_v1,checkpoints/sweep_oc_phase1a_decision_extra43-45_v4lite_phase1a_oc_v4lite_cleanrun_v1/ablation_ablate_no_lift_seed43,evidence-bearing-B,53692320,161,best_model.pt;block_evaluation.json;config.json;heldout_evaluation.json;training_history.pkl,docs/checkpoints_retention_manifest.csv,holds 18 of the 45 cleanrun-v1 decision runs (seeds 43/45)
checkpoints/sweep_oc_phase1a_decision_extra43-45_v4lite_phase1a_oc_v4lite_cleanrun_v1,checkpoints/sweep_oc_phase1a_decision_extra43-45_v4lite_phase1a_oc_v4lite_cleanrun_v1/ablation_ablate_no_lift_seed45,evidence-bearing-B,53745754,161,best_model.pt;block_evaluation.json;config.json;heldout_evaluation.json;training_history.pkl,docs/checkpoints_retention_manifest.csv,holds 18 of the 45 cleanrun-v1 decision runs (seeds 43/45)
checkpoints/sweep_oc_phase1a_decision_extra43-45_v4lite_phase1a_oc_v4lite_cleanrun_v1,checkpoints/sweep_oc_phase1a_decision_extra43-45_v4lite_phase1a_oc_v4lite_cleanrun_v1/ablation_ablate_no_mass_prior_seed43,evidence-bearing-B,55234057,161,best_model.pt;block_evaluation.json;config.json;heldout_evaluation.json;training_history.pkl,docs/checkpoints_retention_manifest.csv,holds 18 of the 45 cleanrun-v1 decision runs (seeds 43/45)
checkpoints/sweep_oc_phase1a_decision_extra43-45_v4lite_phase1a_oc_v4lite_cleanrun_v1,checkpoints/sweep_oc_phase1a_decision_extra43-45_v4lite_phase1a_oc_v4lite_cleanrun_v1/ablation_ablate_no_mass_prior_seed45,evidence-bearing-B,55215560,161,best_model.pt;block_evaluation.json;config.json;heldout_evaluation.json;training_history.pkl,docs/checkpoints_retention_manifest.csv,holds 18 of the 45 cleanrun-v1 decision runs (seeds 43/45)
checkpoints/sweep_oc_phase1a_decision_extra43-45_v4lite_phase1a_oc_v4lite_cleanrun_v1,checkpoints/sweep_oc_phase1a_decision_extra43-45_v4lite_phase1a_oc_v4lite_cleanrun_v1/main_phnode_full_seed43,evidence-bearing-B,55720538,161,best_model.pt;block_evaluation.json;config.json;heldout_evaluation.json;training_history.pkl,docs/checkpoints_retention_manifest.csv,holds 18 of the 45 cleanrun-v1 decision runs (seeds 43/45)
checkpoints/sweep_oc_phase1a_decision_extra43-45_v4lite_phase1a_oc_v4lite_cleanrun_v1,checkpoints/sweep_oc_phase1a_decision_extra43-45_v4lite_phase1a_oc_v4lite_cleanrun_v1/main_phnode_full_seed45,evidence-bearing-B,55134681,161,best_model.pt;block_evaluation.json;config.json;heldout_evaluation.json;training_history.pkl,docs/checkpoints_retention_manifest.csv,holds 18 of the 45 cleanrun-v1 decision runs (seeds 43/45)
checkpoints/sweep_oc_phase1a_decision_iid_t2_wpfrag_ablate_no_lift,checkpoints/sweep_oc_phase1a_decision_iid_t2_wpfrag_ablate_no_lift/ablation_ablate_no_lift_seed42,evidence-bearing-B,71959517,202,best_model.pt;block_evaluation.json;config.json;heldout_evaluation.json;training_history.pkl,analysis/section8_current_evidence/horizon_scenario_per_seed.csv;analysis/section8_current_evidence/per_seed_long.csv;docs/checkpoints_retention_manifest.csv,B-zone t2_wpfrag decision suite; primary section 8 evidence under the R-A rule
checkpoints/sweep_oc_phase1a_decision_iid_t2_wpfrag_ablate_no_lift,checkpoints/sweep_oc_phase1a_decision_iid_t2_wpfrag_ablate_no_lift/ablation_ablate_no_lift_seed43,evidence-bearing-B,71620154,202,best_model.pt;block_evaluation.json;config.json;heldout_evaluation.json;training_history.pkl,analysis/section8_current_evidence/horizon_scenario_per_seed.csv;analysis/section8_current_evidence/per_seed_long.csv;docs/checkpoints_retention_manifest.csv,B-zone t2_wpfrag decision suite; primary section 8 evidence under the R-A rule
checkpoints/sweep_oc_phase1a_decision_iid_t2_wpfrag_ablate_no_lift,checkpoints/sweep_oc_phase1a_decision_iid_t2_wpfrag_ablate_no_lift/ablation_ablate_no_lift_seed44,evidence-bearing-B,72409219,202,best_model.pt;block_evaluation.json;config.json;heldout_evaluation.json;training_history.pkl,analysis/section8_current_evidence/horizon_scenario_per_seed.csv;analysis/section8_current_evidence/per_seed_long.csv;docs/checkpoints_retention_manifest.csv,B-zone t2_wpfrag decision suite; primary section 8 evidence under the R-A rule
checkpoints/sweep_oc_phase1a_decision_iid_t2_wpfrag_ablate_no_lift,checkpoints/sweep_oc_phase1a_decision_iid_t2_wpfrag_ablate_no_lift/ablation_ablate_no_lift_seed45,evidence-bearing-B,72091209,202,best_model.pt;block_evaluation.json;config.json;heldout_evaluation.json;training_history.pkl,analysis/section8_current_evidence/horizon_scenario_per_seed.csv;analysis/section8_current_evidence/per_seed_long.csv;docs/checkpoints_retention_manifest.csv,B-zone t2_wpfrag decision suite; primary section 8 evidence under the R-A rule
checkpoints/sweep_oc_phase1a_decision_iid_t2_wpfrag_ablate_no_lift,checkpoints/sweep_oc_phase1a_decision_iid_t2_wpfrag_ablate_no_lift/ablation_ablate_no_lift_seed46,evidence-bearing-B,71948793,202,best_model.pt;block_evaluation.json;config.json;heldout_evaluation.json;training_history.pkl,analysis/section8_current_evidence/horizon_scenario_per_seed.csv;analysis/section8_current_evidence/per_seed_long.csv;docs/checkpoints_retention_manifest.csv,B-zone t2_wpfrag decision suite; primary section 8 evidence under the R-A rule
checkpoints/sweep_oc_phase1a_decision_iid_t2_wpfrag_ablate_no_mass_prior,checkpoints/sweep_oc_phase1a_decision_iid_t2_wpfrag_ablate_no_mass_prior/ablation_ablate_no_mass_prior_seed42,evidence-bearing-B,74114781,202,best_model.pt;block_evaluation.json;config.json;heldout_evaluation.json;training_history.pkl,analysis/section8_current_evidence/horizon_scenario_per_seed.csv;analysis/section8_current_evidence/per_seed_long.csv;docs/checkpoints_retention_manifest.csv,B-zone t2_wpfrag decision suite; primary section 8 evidence under the R-A rule
checkpoints/sweep_oc_phase1a_decision_iid_t2_wpfrag_ablate_no_mass_prior,checkpoints/sweep_oc_phase1a_decision_iid_t2_wpfrag_ablate_no_mass_prior/ablation_ablate_no_mass_prior_seed43,evidence-bearing-B,73917887,202,best_model.pt;block_evaluation.json;config.json;heldout_evaluation.json;training_history.pkl,analysis/section8_current_evidence/horizon_scenario_per_seed.csv;analysis/section8_current_evidence/per_seed_long.csv;docs/checkpoints_retention_manifest.csv,B-zone t2_wpfrag decision suite; primary section 8 evidence under the R-A rule
checkpoints/sweep_oc_phase1a_decision_iid_t2_wpfrag_ablate_no_mass_prior,checkpoints/sweep_oc_phase1a_decision_iid_t2_wpfrag_ablate_no_mass_prior/ablation_ablate_no_mass_prior_seed44,evidence-bearing-B,74081491,202,best_model.pt;block_evaluation.json;config.json;heldout_evaluation.json;training_history.pkl,analysis/section8_current_evidence/horizon_scenario_per_seed.csv;analysis/section8_current_evidence/per_seed_long.csv;docs/checkpoints_retention_manifest.csv,B-zone t2_wpfrag decision suite; primary section 8 evidence under the R-A rule
checkpoints/sweep_oc_phase1a_decision_iid_t2_wpfrag_ablate_no_mass_prior,checkpoints/sweep_oc_phase1a_decision_iid_t2_wpfrag_ablate_no_mass_prior/ablation_ablate_no_mass_prior_seed45,evidence-bearing-B,73719954,202,best_model.pt;block_evaluation.json;config.json;heldout_evaluation.json;training_history.pkl,analysis/section8_current_evidence/horizon_scenario_per_seed.csv;analysis/section8_current_evidence/per_seed_long.csv;docs/checkpoints_retention_manifest.csv,B-zone t2_wpfrag decision suite; primary section 8 evidence under the R-A rule
checkpoints/sweep_oc_phase1a_decision_iid_t2_wpfrag_ablate_no_mass_prior,checkpoints/sweep_oc_phase1a_decision_iid_t2_wpfrag_ablate_no_mass_prior/ablation_ablate_no_mass_prior_seed46,evidence-bearing-B,74396696,202,best_model.pt;block_evaluation.json;config.json;heldout_evaluation.json;training_history.pkl,analysis/section8_current_evidence/horizon_scenario_per_seed.csv;analysis/section8_current_evidence/per_seed_long.csv;docs/checkpoints_retention_manifest.csv,B-zone t2_wpfrag decision suite; primary section 8 evidence under the R-A rule
checkpoints/sweep_oc_phase1a_decision_iid_t2_wpfrag_phnode_full,checkpoints/sweep_oc_phase1a_decision_iid_t2_wpfrag_phnode_full/main_phnode_full_seed42,evidence-bearing-B,73669694,202,best_model.pt;block_evaluation.json;config.json;heldout_evaluation.json;training_history.pkl,analysis/section8_current_evidence/horizon_scenario_per_seed.csv;analysis/section8_current_evidence/per_seed_long.csv;docs/checkpoints_retention_manifest.csv,B-zone t2_wpfrag decision suite; primary section 8 evidence under the R-A rule
checkpoints/sweep_oc_phase1a_decision_iid_t2_wpfrag_phnode_full,checkpoints/sweep_oc_phase1a_decision_iid_t2_wpfrag_phnode_full/main_phnode_full_seed43,evidence-bearing-B,74225667,202,best_model.pt;block_evaluation.json;config.json;heldout_evaluation.json;training_history.pkl,analysis/section8_current_evidence/horizon_scenario_per_seed.csv;analysis/section8_current_evidence/per_seed_long.csv;docs/checkpoints_retention_manifest.csv,B-zone t2_wpfrag decision suite; primary section 8 evidence under the R-A rule
checkpoints/sweep_oc_phase1a_decision_iid_t2_wpfrag_phnode_full,checkpoints/sweep_oc_phase1a_decision_iid_t2_wpfrag_phnode_full/main_phnode_full_seed44,evidence-bearing-B,74461207,202,best_model.pt;block_evaluation.json;config.json;heldout_evaluation.json;training_history.pkl,analysis/section8_current_evidence/horizon_scenario_per_seed.csv;analysis/section8_current_evidence/per_seed_long.csv;docs/checkpoints_retention_manifest.csv,B-zone t2_wpfrag decision suite; primary section 8 evidence under the R-A rule
checkpoints/sweep_oc_phase1a_decision_iid_t2_wpfrag_phnode_full,checkpoints/sweep_oc_phase1a_decision_iid_t2_wpfrag_phnode_full/main_phnode_full_seed45,evidence-bearing-B,73858964,202,best_model.pt;block_evaluation.json;config.json;heldout_evaluation.json;training_history.pkl,analysis/section8_current_evidence/horizon_scenario_per_seed.csv;analysis/section8_current_evidence/per_seed_long.csv;docs/checkpoints_retention_manifest.csv,B-zone t2_wpfrag decision suite; primary section 8 evidence under the R-A rule
checkpoints/sweep_oc_phase1a_decision_iid_t2_wpfrag_phnode_full,checkpoints/sweep_oc_phase1a_decision_iid_t2_wpfrag_phnode_full/main_phnode_full_seed46,evidence-bearing-B,73746362,202,best_model.pt;block_evaluation.json;config.json;heldout_evaluation.json;training_history.pkl,analysis/section8_current_evidence/horizon_scenario_per_seed.csv;analysis/section8_current_evidence/per_seed_long.csv;docs/checkpoints_retention_manifest.csv,B-zone t2_wpfrag decision suite; primary section 8 evidence under the R-A rule
checkpoints/sweep_oc_phase1a_decision_iid_t2_wpfrag_phnode_qforce,checkpoints/sweep_oc_phase1a_decision_iid_t2_wpfrag_phnode_qforce/baseline_phnode_qforce_seed42,evidence-bearing-B,72443180,202,best_model.pt;block_evaluation.json;config.json;heldout_evaluation.json;training_history.pkl,analysis/section8_current_evidence/horizon_scenario_per_seed.csv;analysis/section8_current_evidence/per_seed_long.csv;docs/checkpoints_retention_manifest.csv,B-zone t2_wpfrag decision suite; primary section 8 evidence under the R-A rule
checkpoints/sweep_oc_phase1a_decision_iid_t2_wpfrag_phnode_qforce,checkpoints/sweep_oc_phase1a_decision_iid_t2_wpfrag_phnode_qforce/baseline_phnode_qforce_seed43,evidence-bearing-B,72918806,202,best_model.pt;block_evaluation.json;config.json;heldout_evaluation.json;training_history.pkl,analysis/section8_current_evidence/horizon_scenario_per_seed.csv;analysis/section8_current_evidence/per_seed_long.csv;docs/checkpoints_retention_manifest.csv,B-zone t2_wpfrag decision suite; primary section 8 evidence under the R-A rule
checkpoints/sweep_oc_phase1a_decision_iid_t2_wpfrag_phnode_qforce,checkpoints/sweep_oc_phase1a_decision_iid_t2_wpfrag_phnode_qforce/baseline_phnode_qforce_seed44,evidence-bearing-B,73636576,202,best_model.pt;block_evaluation.json;config.json;heldout_evaluation.json;training_history.pkl,analysis/section8_current_evidence/horizon_scenario_per_seed.csv;analysis/section8_current_evidence/per_seed_long.csv;docs/checkpoints_retention_manifest.csv,B-zone t2_wpfrag decision suite; primary section 8 evidence under the R-A rule
checkpoints/sweep_oc_phase1a_decision_iid_t2_wpfrag_phnode_qforce,checkpoints/sweep_oc_phase1a_decision_iid_t2_wpfrag_phnode_qforce/baseline_phnode_qforce_seed45,evidence-bearing-B,74009278,202,best_model.pt;block_evaluation.json;config.json;heldout_evaluation.json;training_history.pkl,analysis/section8_current_evidence/horizon_scenario_per_seed.csv;analysis/section8_current_evidence/per_seed_long.csv;docs/checkpoints_retention_manifest.csv,B-zone t2_wpfrag decision suite; primary section 8 evidence under the R-A rule
checkpoints/sweep_oc_phase1a_decision_iid_t2_wpfrag_phnode_qforce,checkpoints/sweep_oc_phase1a_decision_iid_t2_wpfrag_phnode_qforce/baseline_phnode_qforce_seed46,evidence-bearing-B,73008876,202,best_model.pt;block_evaluation.json;config.json;heldout_evaluation.json;training_history.pkl,analysis/section8_current_evidence/horizon_scenario_per_seed.csv;analysis/section8_current_evidence/per_seed_long.csv;docs/checkpoints_retention_manifest.csv,B-zone t2_wpfrag decision suite; primary section 8 evidence under the R-A rule
checkpoints/sweep_oc_phase1a_decision_v4lite_t2_wpfrag_ablate_no_lift,checkpoints/sweep_oc_phase1a_decision_v4lite_t2_wpfrag_ablate_no_lift/ablation_ablate_no_lift_seed42,evidence-bearing-B,72244076,203,best_model.pt;block_evaluation.json;config.json;heldout_evaluation.json;training_history.pkl,analysis/section8_current_evidence/horizon_scenario_per_seed.csv;analysis/section8_current_evidence/per_seed_long.csv;docs/checkpoints_retention_manifest.csv,B-zone t2_wpfrag decision suite; primary section 8 evidence under the R-A rule
checkpoints/sweep_oc_phase1a_decision_v4lite_t2_wpfrag_ablate_no_lift,checkpoints/sweep_oc_phase1a_decision_v4lite_t2_wpfrag_ablate_no_lift/ablation_ablate_no_lift_seed43,evidence-bearing-B,72014191,202,best_model.pt;block_evaluation.json;config.json;heldout_evaluation.json;training_history.pkl,analysis/section8_current_evidence/horizon_scenario_per_seed.csv;analysis/section8_current_evidence/per_seed_long.csv;docs/checkpoints_retention_manifest.csv,B-zone t2_wpfrag decision suite; primary section 8 evidence under the R-A rule
checkpoints/sweep_oc_phase1a_decision_v4lite_t2_wpfrag_ablate_no_lift,checkpoints/sweep_oc_phase1a_decision_v4lite_t2_wpfrag_ablate_no_lift/ablation_ablate_no_lift_seed44,evidence-bearing-B,71665294,202,best_model.pt;block_evaluation.json;config.json;heldout_evaluation.json;training_history.pkl,analysis/section8_current_evidence/horizon_scenario_per_seed.csv;analysis/section8_current_evidence/per_seed_long.csv;docs/checkpoints_retention_manifest.csv,B-zone t2_wpfrag decision suite; primary section 8 evidence under the R-A rule
checkpoints/sweep_oc_phase1a_decision_v4lite_t2_wpfrag_ablate_no_lift,checkpoints/sweep_oc_phase1a_decision_v4lite_t2_wpfrag_ablate_no_lift/ablation_ablate_no_lift_seed45,evidence-bearing-B,72019693,202,best_model.pt;block_evaluation.json;config.json;heldout_evaluation.json;training_history.pkl,analysis/section8_current_evidence/horizon_scenario_per_seed.csv;analysis/section8_current_evidence/per_seed_long.csv;docs/checkpoints_retention_manifest.csv,B-zone t2_wpfrag decision suite; primary section 8 evidence under the R-A rule
checkpoints/sweep_oc_phase1a_decision_v4lite_t2_wpfrag_ablate_no_lift,checkpoints/sweep_oc_phase1a_decision_v4lite_t2_wpfrag_ablate_no_lift/ablation_ablate_no_lift_seed46,evidence-bearing-B,71708049,202,best_model.pt;block_evaluation.json;config.json;heldout_evaluation.json;training_history.pkl,analysis/section8_current_evidence/horizon_scenario_per_seed.csv;analysis/section8_current_evidence/per_seed_long.csv;docs/checkpoints_retention_manifest.csv,B-zone t2_wpfrag decision suite; primary section 8 evidence under the R-A rule
checkpoints/sweep_oc_phase1a_decision_v4lite_t2_wpfrag_ablate_no_mass_prior,checkpoints/sweep_oc_phase1a_decision_v4lite_t2_wpfrag_ablate_no_mass_prior/ablation_ablate_no_mass_prior_seed42,evidence-bearing-B,74068805,203,best_model.pt;block_evaluation.json;config.json;heldout_evaluation.json;training_history.pkl,analysis/section8_current_evidence/horizon_scenario_per_seed.csv;analysis/section8_current_evidence/per_seed_long.csv;docs/checkpoints_retention_manifest.csv,B-zone t2_wpfrag decision suite; primary section 8 evidence under the R-A rule
checkpoints/sweep_oc_phase1a_decision_v4lite_t2_wpfrag_ablate_no_mass_prior,checkpoints/sweep_oc_phase1a_decision_v4lite_t2_wpfrag_ablate_no_mass_prior/ablation_ablate_no_mass_prior_seed43,evidence-bearing-B,73730150,202,best_model.pt;block_evaluation.json;config.json;heldout_evaluation.json;training_history.pkl,analysis/section8_current_evidence/horizon_scenario_per_seed.csv;analysis/section8_current_evidence/per_seed_long.csv;docs/checkpoints_retention_manifest.csv,B-zone t2_wpfrag decision suite; primary section 8 evidence under the R-A rule
checkpoints/sweep_oc_phase1a_decision_v4lite_t2_wpfrag_ablate_no_mass_prior,checkpoints/sweep_oc_phase1a_decision_v4lite_t2_wpfrag_ablate_no_mass_prior/ablation_ablate_no_mass_prior_seed44,evidence-bearing-B,73144030,202,best_model.pt;block_evaluation.json;config.json;heldout_evaluation.json;training_history.pkl,analysis/section8_current_evidence/horizon_scenario_per_seed.csv;analysis/section8_current_evidence/per_seed_long.csv;docs/checkpoints_retention_manifest.csv,B-zone t2_wpfrag decision suite; primary section 8 evidence under the R-A rule
checkpoints/sweep_oc_phase1a_decision_v4lite_t2_wpfrag_ablate_no_mass_prior,checkpoints/sweep_oc_phase1a_decision_v4lite_t2_wpfrag_ablate_no_mass_prior/ablation_ablate_no_mass_prior_seed45,evidence-bearing-B,73519162,202,best_model.pt;block_evaluation.json;config.json;heldout_evaluation.json;training_history.pkl,analysis/section8_current_evidence/horizon_scenario_per_seed.csv;analysis/section8_current_evidence/per_seed_long.csv;docs/checkpoints_retention_manifest.csv,B-zone t2_wpfrag decision suite; primary section 8 evidence under the R-A rule
checkpoints/sweep_oc_phase1a_decision_v4lite_t2_wpfrag_ablate_no_mass_prior,checkpoints/sweep_oc_phase1a_decision_v4lite_t2_wpfrag_ablate_no_mass_prior/ablation_ablate_no_mass_prior_seed46,evidence-bearing-B,73963454,202,best_model.pt;block_evaluation.json;config.json;heldout_evaluation.json;training_history.pkl,analysis/section8_current_evidence/horizon_scenario_per_seed.csv;analysis/section8_current_evidence/per_seed_long.csv;docs/checkpoints_retention_manifest.csv,B-zone t2_wpfrag decision suite; primary section 8 evidence under the R-A rule
checkpoints/sweep_oc_phase1a_decision_v4lite_t2_wpfrag_phnode_full,checkpoints/sweep_oc_phase1a_decision_v4lite_t2_wpfrag_phnode_full/main_phnode_full_seed42,evidence-bearing-B,73982075,203,best_model.pt;block_evaluation.json;config.json;heldout_evaluation.json;training_history.pkl,analysis/section8_current_evidence/horizon_scenario_per_seed.csv;analysis/section8_current_evidence/per_seed_long.csv;docs/checkpoints_retention_manifest.csv,B-zone t2_wpfrag decision suite; primary section 8 evidence under the R-A rule
checkpoints/sweep_oc_phase1a_decision_v4lite_t2_wpfrag_phnode_full,checkpoints/sweep_oc_phase1a_decision_v4lite_t2_wpfrag_phnode_full/main_phnode_full_seed43,evidence-bearing-B,74222026,202,best_model.pt;block_evaluation.json;config.json;heldout_evaluation.json;training_history.pkl,analysis/section8_current_evidence/horizon_scenario_per_seed.csv;analysis/section8_current_evidence/per_seed_long.csv;docs/checkpoints_retention_manifest.csv,B-zone t2_wpfrag decision suite; primary section 8 evidence under the R-A rule
checkpoints/sweep_oc_phase1a_decision_v4lite_t2_wpfrag_phnode_full,checkpoints/sweep_oc_phase1a_decision_v4lite_t2_wpfrag_phnode_full/main_phnode_full_seed44,evidence-bearing-B,73463468,202,best_model.pt;block_evaluation.json;config.json;heldout_evaluation.json;training_history.pkl,analysis/section8_current_evidence/horizon_scenario_per_seed.csv;analysis/section8_current_evidence/per_seed_long.csv;docs/checkpoints_retention_manifest.csv,B-zone t2_wpfrag decision suite; primary section 8 evidence under the R-A rule
checkpoints/sweep_oc_phase1a_decision_v4lite_t2_wpfrag_phnode_full,checkpoints/sweep_oc_phase1a_decision_v4lite_t2_wpfrag_phnode_full/main_phnode_full_seed45,evidence-bearing-B,73355137,202,best_model.pt;block_evaluation.json;config.json;heldout_evaluation.json;training_history.pkl,analysis/section8_current_evidence/horizon_scenario_per_seed.csv;analysis/section8_current_evidence/per_seed_long.csv;docs/checkpoints_retention_manifest.csv,B-zone t2_wpfrag decision suite; primary section 8 evidence under the R-A rule
checkpoints/sweep_oc_phase1a_decision_v4lite_t2_wpfrag_phnode_full,checkpoints/sweep_oc_phase1a_decision_v4lite_t2_wpfrag_phnode_full/main_phnode_full_seed46,evidence-bearing-B,74008393,202,best_model.pt;block_evaluation.json;config.json;heldout_evaluation.json;training_history.pkl,analysis/section8_current_evidence/horizon_scenario_per_seed.csv;analysis/section8_current_evidence/per_seed_long.csv;docs/checkpoints_retention_manifest.csv,B-zone t2_wpfrag decision suite; primary section 8 evidence under the R-A rule
checkpoints/sweep_oc_phase1a_decision_v4lite_t2_wpfrag_phnode_qforce,checkpoints/sweep_oc_phase1a_decision_v4lite_t2_wpfrag_phnode_qforce/baseline_phnode_qforce_seed42,evidence-bearing-B,73958396,203,best_model.pt;block_evaluation.json;config.json;heldout_evaluation.json;training_history.pkl,analysis/section8_current_evidence/horizon_scenario_per_seed.csv;analysis/section8_current_evidence/per_seed_long.csv;docs/checkpoints_retention_manifest.csv,B-zone t2_wpfrag decision suite; primary section 8 evidence under the R-A rule
checkpoints/sweep_oc_phase1a_decision_v4lite_t2_wpfrag_phnode_qforce,checkpoints/sweep_oc_phase1a_decision_v4lite_t2_wpfrag_phnode_qforce/baseline_phnode_qforce_seed43,evidence-bearing-B,73246604,202,best_model.pt;block_evaluation.json;config.json;heldout_evaluation.json;training_history.pkl,analysis/section8_current_evidence/horizon_scenario_per_seed.csv;analysis/section8_current_evidence/per_seed_long.csv;docs/checkpoints_retention_manifest.csv,B-zone t2_wpfrag decision suite; primary section 8 evidence under the R-A rule
checkpoints/sweep_oc_phase1a_decision_v4lite_t2_wpfrag_phnode_qforce,checkpoints/sweep_oc_phase1a_decision_v4lite_t2_wpfrag_phnode_qforce/baseline_phnode_qforce_seed44,evidence-bearing-B,73601202,202,best_model.pt;block_evaluation.json;config.json;heldout_evaluation.json;training_history.pkl,analysis/section8_current_evidence/horizon_scenario_per_seed.csv;analysis/section8_current_evidence/per_seed_long.csv;docs/checkpoints_retention_manifest.csv,B-zone t2_wpfrag decision suite; primary section 8 evidence under the R-A rule
checkpoints/sweep_oc_phase1a_decision_v4lite_t2_wpfrag_phnode_qforce,checkpoints/sweep_oc_phase1a_decision_v4lite_t2_wpfrag_phnode_qforce/baseline_phnode_qforce_seed45,evidence-bearing-B,74193981,202,best_model.pt;block_evaluation.json;config.json;heldout_evaluation.json;training_history.pkl,analysis/section8_current_evidence/horizon_scenario_per_seed.csv;analysis/section8_current_evidence/per_seed_long.csv;docs/checkpoints_retention_manifest.csv,B-zone t2_wpfrag decision suite; primary section 8 evidence under the R-A rule
checkpoints/sweep_oc_phase1a_decision_v4lite_t2_wpfrag_phnode_qforce,checkpoints/sweep_oc_phase1a_decision_v4lite_t2_wpfrag_phnode_qforce/baseline_phnode_qforce_seed46,evidence-bearing-B,73676267,202,best_model.pt;block_evaluation.json;config.json;heldout_evaluation.json;training_history.pkl,analysis/section8_current_evidence/horizon_scenario_per_seed.csv;analysis/section8_current_evidence/per_seed_long.csv;docs/checkpoints_retention_manifest.csv,B-zone t2_wpfrag decision suite; primary section 8 evidence under the R-A rule
checkpoints/sweep_oc_phase1a_smoke1_clean_phase1a_oc_v4lite_cleanrun_v1,checkpoints/sweep_oc_phase1a_smoke1_clean_phase1a_oc_v4lite_cleanrun_v1/main_phnode_full_seed42,flow-validation-only,29163836,80,best_model.pt;block_evaluation.json;config.json;heldout_evaluation.json;training_history.pkl,docs/checkpoints_retention_manifest.csv,single-seed/single-model smoke; superseded by the smoke3 and t2_wpfrag suites
checkpoints/sweep_oc_phase1a_smoke1_clean_phase1a_oc_v4lite_cleanrun_v1,checkpoints/sweep_oc_phase1a_smoke1_clean_phase1a_oc_v4lite_cleanrun_v1/main_phnode_full_seed44,flow-validation-only,28977740,80,best_model.pt;block_evaluation.json;config.json;heldout_evaluation.json;training_history.pkl,docs/checkpoints_retention_manifest.csv,single-seed/single-model smoke; superseded by the smoke3 and t2_wpfrag suites
checkpoints/sweep_oc_phase1a_smoke1_clean_phase1a_oc_v4lite_cleanrun_v1,checkpoints/sweep_oc_phase1a_smoke1_clean_phase1a_oc_v4lite_cleanrun_v1/main_phnode_full_seed46,flow-validation-only,29511857,80,best_model.pt;block_evaluation.json;config.json;heldout_evaluation.json;training_history.pkl,docs/checkpoints_retention_manifest.csv,single-seed/single-model smoke; superseded by the smoke3 and t2_wpfrag suites
checkpoints/sweep_oc_phase1a_smoke1_clean_t2_wpfrag_ablate_no_lift,checkpoints/sweep_oc_phase1a_smoke1_clean_t2_wpfrag_ablate_no_lift/ablation_ablate_no_lift_seed42,flow-validation-only,40754122,108,best_model.pt;block_evaluation.json;config.json;heldout_evaluation.json;training_history.pkl,docs/checkpoints_retention_manifest.csv,single-seed/single-model smoke; superseded by the smoke3 and t2_wpfrag suites
checkpoints/sweep_oc_phase1a_smoke1_clean_t2_wpfrag_ablate_no_mass_prior,checkpoints/sweep_oc_phase1a_smoke1_clean_t2_wpfrag_ablate_no_mass_prior/ablation_ablate_no_mass_prior_seed42,flow-validation-only,42018292,108,best_model.pt;block_evaluation.json;config.json;heldout_evaluation.json;training_history.pkl,docs/checkpoints_retention_manifest.csv,single-seed/single-model smoke; superseded by the smoke3 and t2_wpfrag suites
checkpoints/sweep_oc_phase1a_smoke1_clean_t2_wpfrag_blackbox_fullstate,checkpoints/sweep_oc_phase1a_smoke1_clean_t2_wpfrag_blackbox_fullstate/baseline_blackbox_fullstate_seed42,flow-validation-only,38247289,108,best_model.pt;block_evaluation.json;config.json;heldout_evaluation.json;training_history.pkl,docs/checkpoints_retention_manifest.csv,single-seed/single-model smoke; superseded by the smoke3 and t2_wpfrag suites
checkpoints/sweep_oc_phase1a_smoke1_clean_t2_wpfrag_phnode_full,checkpoints/sweep_oc_phase1a_smoke1_clean_t2_wpfrag_phnode_full/main_phnode_full_seed42,flow-validation-only,41926711,108,best_model.pt;block_evaluation.json;config.json;heldout_evaluation.json;training_history.pkl,docs/checkpoints_retention_manifest.csv,single-seed/single-model smoke; superseded by the smoke3 and t2_wpfrag suites
checkpoints/sweep_oc_phase1a_smoke1_clean_t2_wpfrag_phnode_qforce,checkpoints/sweep_oc_phase1a_smoke1_clean_t2_wpfrag_phnode_qforce/baseline_phnode_qforce_seed42,flow-validation-only,40872245,108,best_model.pt;block_evaluation.json;config.json;heldout_evaluation.json;training_history.pkl,docs/checkpoints_retention_manifest.csv,single-seed/single-model smoke; superseded by the smoke3 and t2_wpfrag suites
checkpoints/sweep_oc_phase1a_smoke1_clean_t2_wpfrag_se3_accel_blackbox,checkpoints/sweep_oc_phase1a_smoke1_clean_t2_wpfrag_se3_accel_blackbox/baseline_se3_accel_blackbox_seed42,flow-validation-only,41748704,108,best_model.pt;block_evaluation.json;config.json;heldout_evaluation.json;training_history.pkl,docs/checkpoints_retention_manifest.csv,single-seed/single-model smoke; superseded by the smoke3 and t2_wpfrag suites
checkpoints/sweep_oc_phase1a_smoke1_clean_t2_wpfrag_se3_momentum_blackbox,checkpoints/sweep_oc_phase1a_smoke1_clean_t2_wpfrag_se3_momentum_blackbox/baseline_se3_momentum_blackbox_seed42,flow-validation-only,41787655,108,best_model.pt;block_evaluation.json;config.json;heldout_evaluation.json;training_history.pkl,docs/checkpoints_retention_manifest.csv,single-seed/single-model smoke; superseded by the smoke3 and t2_wpfrag suites
checkpoints/sweep_oc_phase1a_smoke1_iid_phase1a_oc_v4lite_cleanrun_v1,checkpoints/sweep_oc_phase1a_smoke1_iid_phase1a_oc_v4lite_cleanrun_v1/main_phnode_full_seed42,flow-validation-only,28791771,80,best_model.pt;block_evaluation.json;config.json;heldout_evaluation.json;training_history.pkl,docs/checkpoints_retention_manifest.csv,single-seed/single-model smoke; superseded by the smoke3 and t2_wpfrag suites
checkpoints/sweep_oc_phase1a_smoke1_iid_phase1a_oc_v4lite_cleanrun_v1,checkpoints/sweep_oc_phase1a_smoke1_iid_phase1a_oc_v4lite_cleanrun_v1/main_phnode_full_seed44,flow-validation-only,28926785,80,best_model.pt;block_evaluation.json;config.json;heldout_evaluation.json;training_history.pkl,docs/checkpoints_retention_manifest.csv,single-seed/single-model smoke; superseded by the smoke3 and t2_wpfrag suites
checkpoints/sweep_oc_phase1a_smoke1_iid_phase1a_oc_v4lite_cleanrun_v1,checkpoints/sweep_oc_phase1a_smoke1_iid_phase1a_oc_v4lite_cleanrun_v1/main_phnode_full_seed46,flow-validation-only,29007438,80,best_model.pt;block_evaluation.json;config.json;heldout_evaluation.json;training_history.pkl,docs/checkpoints_retention_manifest.csv,single-seed/single-model smoke; superseded by the smoke3 and t2_wpfrag suites
checkpoints/sweep_oc_phase1a_smoke1_iid_t2_wpfrag_ablate_no_lift,checkpoints/sweep_oc_phase1a_smoke1_iid_t2_wpfrag_ablate_no_lift/ablation_ablate_no_lift_seed42,flow-validation-only,40278989,108,best_model.pt;block_evaluation.json;config.json;heldout_evaluation.json;training_history.pkl,docs/checkpoints_retention_manifest.csv,single-seed/single-model smoke; superseded by the smoke3 and t2_wpfrag suites
checkpoints/sweep_oc_phase1a_smoke1_iid_t2_wpfrag_ablate_no_mass_prior,checkpoints/sweep_oc_phase1a_smoke1_iid_t2_wpfrag_ablate_no_mass_prior/ablation_ablate_no_mass_prior_seed42,flow-validation-only,42251589,108,best_model.pt;block_evaluation.json;config.json;heldout_evaluation.json;training_history.pkl,docs/checkpoints_retention_manifest.csv,single-seed/single-model smoke; superseded by the smoke3 and t2_wpfrag suites
checkpoints/sweep_oc_phase1a_smoke1_iid_t2_wpfrag_phnode_full,checkpoints/sweep_oc_phase1a_smoke1_iid_t2_wpfrag_phnode_full/main_phnode_full_seed42,flow-validation-only,41449105,108,best_model.pt;block_evaluation.json;config.json;heldout_evaluation.json;training_history.pkl,docs/checkpoints_retention_manifest.csv,single-seed/single-model smoke; superseded by the smoke3 and t2_wpfrag suites
checkpoints/sweep_oc_phase1a_smoke1_iid_t2_wpfrag_phnode_qforce,checkpoints/sweep_oc_phase1a_smoke1_iid_t2_wpfrag_phnode_qforce/baseline_phnode_qforce_seed42,flow-validation-only,40953474,108,best_model.pt;block_evaluation.json;config.json;heldout_evaluation.json;training_history.pkl,docs/checkpoints_retention_manifest.csv,single-seed/single-model smoke; superseded by the smoke3 and t2_wpfrag suites
checkpoints/sweep_oc_phase1a_smoke1_v4lite_phase1a_oc_v4lite_cleanrun_v1,checkpoints/sweep_oc_phase1a_smoke1_v4lite_phase1a_oc_v4lite_cleanrun_v1/main_phnode_full_seed42,flow-validation-only,29094311,81,best_model.pt;block_evaluation.json;config.json;heldout_evaluation.json;training_history.pkl,docs/checkpoints_retention_manifest.csv,single-seed/single-model smoke; superseded by the smoke3 and t2_wpfrag suites
checkpoints/sweep_oc_phase1a_smoke1_v4lite_phase1a_oc_v4lite_cleanrun_v1,checkpoints/sweep_oc_phase1a_smoke1_v4lite_phase1a_oc_v4lite_cleanrun_v1/main_phnode_full_seed44,flow-validation-only,29004468,80,best_model.pt;block_evaluation.json;config.json;heldout_evaluation.json;training_history.pkl,docs/checkpoints_retention_manifest.csv,single-seed/single-model smoke; superseded by the smoke3 and t2_wpfrag suites
checkpoints/sweep_oc_phase1a_smoke1_v4lite_phase1a_oc_v4lite_cleanrun_v1,checkpoints/sweep_oc_phase1a_smoke1_v4lite_phase1a_oc_v4lite_cleanrun_v1/main_phnode_full_seed46,flow-validation-only,28797405,80,best_model.pt;block_evaluation.json;config.json;heldout_evaluation.json;training_history.pkl,docs/checkpoints_retention_manifest.csv,single-seed/single-model smoke; superseded by the smoke3 and t2_wpfrag suites
checkpoints/sweep_oc_phase1a_smoke1_v4lite_t2_wpfrag_ablate_no_lift,checkpoints/sweep_oc_phase1a_smoke1_v4lite_t2_wpfrag_ablate_no_lift/ablation_ablate_no_lift_seed42,flow-validation-only,40186525,109,best_model.pt;block_evaluation.json;config.json;heldout_evaluation.json;training_history.pkl,docs/checkpoints_retention_manifest.csv,single-seed/single-model smoke; superseded by the smoke3 and t2_wpfrag suites
checkpoints/sweep_oc_phase1a_smoke1_v4lite_t2_wpfrag_ablate_no_mass_prior,checkpoints/sweep_oc_phase1a_smoke1_v4lite_t2_wpfrag_ablate_no_mass_prior/ablation_ablate_no_mass_prior_seed42,flow-validation-only,41780278,109,best_model.pt;block_evaluation.json;config.json;heldout_evaluation.json;training_history.pkl,docs/checkpoints_retention_manifest.csv,single-seed/single-model smoke; superseded by the smoke3 and t2_wpfrag suites
checkpoints/sweep_oc_phase1a_smoke1_v4lite_t2_wpfrag_phnode_full,checkpoints/sweep_oc_phase1a_smoke1_v4lite_t2_wpfrag_phnode_full/main_phnode_full_seed42,flow-validation-only,41703746,109,best_model.pt;block_evaluation.json;config.json;heldout_evaluation.json;training_history.pkl,docs/checkpoints_retention_manifest.csv,single-seed/single-model smoke; superseded by the smoke3 and t2_wpfrag suites
checkpoints/sweep_oc_phase1a_smoke1_v4lite_t2_wpfrag_phnode_qforce,checkpoints/sweep_oc_phase1a_smoke1_v4lite_t2_wpfrag_phnode_qforce/baseline_phnode_qforce_seed42,flow-validation-only,41823393,109,best_model.pt;block_evaluation.json;config.json;heldout_evaluation.json;training_history.pkl,docs/checkpoints_retention_manifest.csv,single-seed/single-model smoke; superseded by the smoke3 and t2_wpfrag suites
checkpoints/sweep_oc_phase1a_smoke3_clean_phase1a_oc_v4lite_cleanrun_v1,checkpoints/sweep_oc_phase1a_smoke3_clean_phase1a_oc_v4lite_cleanrun_v1/ablation_ablate_no_lift_seed42,evidence-bearing-B,74154463,206,best_model.pt;block_evaluation.json;config.json;heldout_evaluation.json;training_history.pkl,docs/checkpoints_retention_manifest.csv,"holds 27 of the 45 cleanrun-v1 decision runs (seeds 42/44/46); named smoke but is evidence, see inventory B.2/B.6"
checkpoints/sweep_oc_phase1a_smoke3_clean_phase1a_oc_v4lite_cleanrun_v1,checkpoints/sweep_oc_phase1a_smoke3_clean_phase1a_oc_v4lite_cleanrun_v1/ablation_ablate_no_lift_seed44,evidence-bearing-B,73068397,206,best_model.pt;block_evaluation.json;config.json;heldout_evaluation.json;training_history.pkl,docs/checkpoints_retention_manifest.csv,"holds 27 of the 45 cleanrun-v1 decision runs (seeds 42/44/46); named smoke but is evidence, see inventory B.2/B.6"
checkpoints/sweep_oc_phase1a_smoke3_clean_phase1a_oc_v4lite_cleanrun_v1,checkpoints/sweep_oc_phase1a_smoke3_clean_phase1a_oc_v4lite_cleanrun_v1/ablation_ablate_no_lift_seed46,evidence-bearing-B,73561001,206,best_model.pt;block_evaluation.json;config.json;heldout_evaluation.json;training_history.pkl,docs/checkpoints_retention_manifest.csv,"holds 27 of the 45 cleanrun-v1 decision runs (seeds 42/44/46); named smoke but is evidence, see inventory B.2/B.6"
checkpoints/sweep_oc_phase1a_smoke3_clean_phase1a_oc_v4lite_cleanrun_v1,checkpoints/sweep_oc_phase1a_smoke3_clean_phase1a_oc_v4lite_cleanrun_v1/ablation_ablate_no_mass_prior_seed42,evidence-bearing-B,75425545,206,best_model.pt;block_evaluation.json;config.json;heldout_evaluation.json;training_history.pkl,docs/checkpoints_retention_manifest.csv,"holds 27 of the 45 cleanrun-v1 decision runs (seeds 42/44/46); named smoke but is evidence, see inventory B.2/B.6"
checkpoints/sweep_oc_phase1a_smoke3_clean_phase1a_oc_v4lite_cleanrun_v1,checkpoints/sweep_oc_phase1a_smoke3_clean_phase1a_oc_v4lite_cleanrun_v1/ablation_ablate_no_mass_prior_seed44,evidence-bearing-B,74688341,206,best_model.pt;block_evaluation.json;config.json;heldout_evaluation.json;training_history.pkl,docs/checkpoints_retention_manifest.csv,"holds 27 of the 45 cleanrun-v1 decision runs (seeds 42/44/46); named smoke but is evidence, see inventory B.2/B.6"
checkpoints/sweep_oc_phase1a_smoke3_clean_phase1a_oc_v4lite_cleanrun_v1,checkpoints/sweep_oc_phase1a_smoke3_clean_phase1a_oc_v4lite_cleanrun_v1/ablation_ablate_no_mass_prior_seed46,evidence-bearing-B,75433071,206,best_model.pt;block_evaluation.json;config.json;heldout_evaluation.json;training_history.pkl,docs/checkpoints_retention_manifest.csv,"holds 27 of the 45 cleanrun-v1 decision runs (seeds 42/44/46); named smoke but is evidence, see inventory B.2/B.6"
checkpoints/sweep_oc_phase1a_smoke3_clean_phase1a_oc_v4lite_cleanrun_v1,checkpoints/sweep_oc_phase1a_smoke3_clean_phase1a_oc_v4lite_cleanrun_v1/main_phnode_full_seed42,evidence-bearing-B,75463229,206,best_model.pt;block_evaluation.json;config.json;heldout_evaluation.json;training_history.pkl,analysis/provenance_audit/phase1_static/run_lock.md;docs/checkpoints_retention_manifest.csv,"holds 27 of the 45 cleanrun-v1 decision runs (seeds 42/44/46); named smoke but is evidence, see inventory B.2/B.6"
checkpoints/sweep_oc_phase1a_smoke3_clean_phase1a_oc_v4lite_cleanrun_v1,checkpoints/sweep_oc_phase1a_smoke3_clean_phase1a_oc_v4lite_cleanrun_v1/main_phnode_full_seed44,evidence-bearing-B,74834967,206,best_model.pt;block_evaluation.json;config.json;heldout_evaluation.json;training_history.pkl,docs/checkpoints_retention_manifest.csv,"holds 27 of the 45 cleanrun-v1 decision runs (seeds 42/44/46); named smoke but is evidence, see inventory B.2/B.6"
checkpoints/sweep_oc_phase1a_smoke3_clean_phase1a_oc_v4lite_cleanrun_v1,checkpoints/sweep_oc_phase1a_smoke3_clean_phase1a_oc_v4lite_cleanrun_v1/main_phnode_full_seed46,evidence-bearing-B,75731209,206,best_model.pt;block_evaluation.json;config.json;heldout_evaluation.json;training_history.pkl,analysis/provenance_audit/phase1_static/run_lock.md;docs/checkpoints_retention_manifest.csv,"holds 27 of the 45 cleanrun-v1 decision runs (seeds 42/44/46); named smoke but is evidence, see inventory B.2/B.6"
checkpoints/sweep_oc_phase1a_smoke3_iid_phase1a_oc_v4lite_cleanrun_v1,checkpoints/sweep_oc_phase1a_smoke3_iid_phase1a_oc_v4lite_cleanrun_v1/ablation_ablate_no_lift_seed42,evidence-bearing-B,73319397,206,best_model.pt;block_evaluation.json;config.json;heldout_evaluation.json;training_history.pkl,docs/checkpoints_retention_manifest.csv,"holds 27 of the 45 cleanrun-v1 decision runs (seeds 42/44/46); named smoke but is evidence, see inventory B.2/B.6"
checkpoints/sweep_oc_phase1a_smoke3_iid_phase1a_oc_v4lite_cleanrun_v1,checkpoints/sweep_oc_phase1a_smoke3_iid_phase1a_oc_v4lite_cleanrun_v1/ablation_ablate_no_lift_seed44,evidence-bearing-B,73811984,206,best_model.pt;block_evaluation.json;config.json;heldout_evaluation.json;training_history.pkl,docs/checkpoints_retention_manifest.csv,"holds 27 of the 45 cleanrun-v1 decision runs (seeds 42/44/46); named smoke but is evidence, see inventory B.2/B.6"
checkpoints/sweep_oc_phase1a_smoke3_iid_phase1a_oc_v4lite_cleanrun_v1,checkpoints/sweep_oc_phase1a_smoke3_iid_phase1a_oc_v4lite_cleanrun_v1/ablation_ablate_no_lift_seed46,evidence-bearing-B,73301038,206,best_model.pt;block_evaluation.json;config.json;heldout_evaluation.json;training_history.pkl,docs/checkpoints_retention_manifest.csv,"holds 27 of the 45 cleanrun-v1 decision runs (seeds 42/44/46); named smoke but is evidence, see inventory B.2/B.6"
checkpoints/sweep_oc_phase1a_smoke3_iid_phase1a_oc_v4lite_cleanrun_v1,checkpoints/sweep_oc_phase1a_smoke3_iid_phase1a_oc_v4lite_cleanrun_v1/ablation_ablate_no_mass_prior_seed42,evidence-bearing-B,75391985,206,best_model.pt;block_evaluation.json;config.json;heldout_evaluation.json;training_history.pkl,docs/checkpoints_retention_manifest.csv,"holds 27 of the 45 cleanrun-v1 decision runs (seeds 42/44/46); named smoke but is evidence, see inventory B.2/B.6"
checkpoints/sweep_oc_phase1a_smoke3_iid_phase1a_oc_v4lite_cleanrun_v1,checkpoints/sweep_oc_phase1a_smoke3_iid_phase1a_oc_v4lite_cleanrun_v1/ablation_ablate_no_mass_prior_seed44,evidence-bearing-B,75349521,206,best_model.pt;block_evaluation.json;config.json;heldout_evaluation.json;training_history.pkl,docs/checkpoints_retention_manifest.csv,"holds 27 of the 45 cleanrun-v1 decision runs (seeds 42/44/46); named smoke but is evidence, see inventory B.2/B.6"
checkpoints/sweep_oc_phase1a_smoke3_iid_phase1a_oc_v4lite_cleanrun_v1,checkpoints/sweep_oc_phase1a_smoke3_iid_phase1a_oc_v4lite_cleanrun_v1/ablation_ablate_no_mass_prior_seed46,evidence-bearing-B,75406931,206,best_model.pt;block_evaluation.json;config.json;heldout_evaluation.json;training_history.pkl,docs/checkpoints_retention_manifest.csv,"holds 27 of the 45 cleanrun-v1 decision runs (seeds 42/44/46); named smoke but is evidence, see inventory B.2/B.6"
checkpoints/sweep_oc_phase1a_smoke3_iid_phase1a_oc_v4lite_cleanrun_v1,checkpoints/sweep_oc_phase1a_smoke3_iid_phase1a_oc_v4lite_cleanrun_v1/main_phnode_full_seed42,evidence-bearing-B,74473587,206,best_model.pt;block_evaluation.json;config.json;heldout_evaluation.json;training_history.pkl,docs/checkpoints_retention_manifest.csv,"holds 27 of the 45 cleanrun-v1 decision runs (seeds 42/44/46); named smoke but is evidence, see inventory B.2/B.6"
checkpoints/sweep_oc_phase1a_smoke3_iid_phase1a_oc_v4lite_cleanrun_v1,checkpoints/sweep_oc_phase1a_smoke3_iid_phase1a_oc_v4lite_cleanrun_v1/main_phnode_full_seed44,evidence-bearing-B,75024531,206,best_model.pt;block_evaluation.json;config.json;heldout_evaluation.json;training_history.pkl,docs/checkpoints_retention_manifest.csv,"holds 27 of the 45 cleanrun-v1 decision runs (seeds 42/44/46); named smoke but is evidence, see inventory B.2/B.6"
checkpoints/sweep_oc_phase1a_smoke3_iid_phase1a_oc_v4lite_cleanrun_v1,checkpoints/sweep_oc_phase1a_smoke3_iid_phase1a_oc_v4lite_cleanrun_v1/main_phnode_full_seed46,evidence-bearing-B,74819505,206,best_model.pt;block_evaluation.json;config.json;heldout_evaluation.json;training_history.pkl,docs/checkpoints_retention_manifest.csv,"holds 27 of the 45 cleanrun-v1 decision runs (seeds 42/44/46); named smoke but is evidence, see inventory B.2/B.6"
checkpoints/sweep_oc_phase1a_smoke3_v4lite_phase1a_oc_v4lite_cleanrun_v1,checkpoints/sweep_oc_phase1a_smoke3_v4lite_phase1a_oc_v4lite_cleanrun_v1/ablation_ablate_no_lift_seed42,evidence-bearing-B,73504009,207,best_model.pt;block_evaluation.json;config.json;heldout_evaluation.json;training_history.pkl,docs/checkpoints_retention_manifest.csv,"holds 27 of the 45 cleanrun-v1 decision runs (seeds 42/44/46); named smoke but is evidence, see inventory B.2/B.6"
checkpoints/sweep_oc_phase1a_smoke3_v4lite_phase1a_oc_v4lite_cleanrun_v1,checkpoints/sweep_oc_phase1a_smoke3_v4lite_phase1a_oc_v4lite_cleanrun_v1/ablation_ablate_no_lift_seed44,evidence-bearing-B,72733742,206,best_model.pt;block_evaluation.json;config.json;heldout_evaluation.json;training_history.pkl,docs/checkpoints_retention_manifest.csv,"holds 27 of the 45 cleanrun-v1 decision runs (seeds 42/44/46); named smoke but is evidence, see inventory B.2/B.6"
checkpoints/sweep_oc_phase1a_smoke3_v4lite_phase1a_oc_v4lite_cleanrun_v1,checkpoints/sweep_oc_phase1a_smoke3_v4lite_phase1a_oc_v4lite_cleanrun_v1/ablation_ablate_no_lift_seed46,evidence-bearing-B,72610208,206,best_model.pt;block_evaluation.json;config.json;heldout_evaluation.json;training_history.pkl,docs/checkpoints_retention_manifest.csv,"holds 27 of the 45 cleanrun-v1 decision runs (seeds 42/44/46); named smoke but is evidence, see inventory B.2/B.6"
checkpoints/sweep_oc_phase1a_smoke3_v4lite_phase1a_oc_v4lite_cleanrun_v1,checkpoints/sweep_oc_phase1a_smoke3_v4lite_phase1a_oc_v4lite_cleanrun_v1/ablation_ablate_no_mass_prior_seed42,evidence-bearing-B,75104925,206,best_model.pt;block_evaluation.json;config.json;heldout_evaluation.json;training_history.pkl,docs/checkpoints_retention_manifest.csv,"holds 27 of the 45 cleanrun-v1 decision runs (seeds 42/44/46); named smoke but is evidence, see inventory B.2/B.6"
checkpoints/sweep_oc_phase1a_smoke3_v4lite_phase1a_oc_v4lite_cleanrun_v1,checkpoints/sweep_oc_phase1a_smoke3_v4lite_phase1a_oc_v4lite_cleanrun_v1/ablation_ablate_no_mass_prior_seed44,evidence-bearing-B,73908474,206,best_model.pt;block_evaluation.json;config.json;heldout_evaluation.json;training_history.pkl,docs/checkpoints_retention_manifest.csv,"holds 27 of the 45 cleanrun-v1 decision runs (seeds 42/44/46); named smoke but is evidence, see inventory B.2/B.6"
checkpoints/sweep_oc_phase1a_smoke3_v4lite_phase1a_oc_v4lite_cleanrun_v1,checkpoints/sweep_oc_phase1a_smoke3_v4lite_phase1a_oc_v4lite_cleanrun_v1/ablation_ablate_no_mass_prior_seed46,evidence-bearing-B,75045870,206,best_model.pt;block_evaluation.json;config.json;heldout_evaluation.json;training_history.pkl,docs/checkpoints_retention_manifest.csv,"holds 27 of the 45 cleanrun-v1 decision runs (seeds 42/44/46); named smoke but is evidence, see inventory B.2/B.6"
checkpoints/sweep_oc_phase1a_smoke3_v4lite_phase1a_oc_v4lite_cleanrun_v1,checkpoints/sweep_oc_phase1a_smoke3_v4lite_phase1a_oc_v4lite_cleanrun_v1/main_phnode_full_seed42,evidence-bearing-B,74879315,207,best_model.pt;block_evaluation.json;config.json;heldout_evaluation.json;training_history.pkl,docs/checkpoints_retention_manifest.csv,"holds 27 of the 45 cleanrun-v1 decision runs (seeds 42/44/46); named smoke but is evidence, see inventory B.2/B.6"
checkpoints/sweep_oc_phase1a_smoke3_v4lite_phase1a_oc_v4lite_cleanrun_v1,checkpoints/sweep_oc_phase1a_smoke3_v4lite_phase1a_oc_v4lite_cleanrun_v1/main_phnode_full_seed44,evidence-bearing-B,74620951,206,best_model.pt;block_evaluation.json;config.json;heldout_evaluation.json;training_history.pkl,docs/checkpoints_retention_manifest.csv,"holds 27 of the 45 cleanrun-v1 decision runs (seeds 42/44/46); named smoke but is evidence, see inventory B.2/B.6"
checkpoints/sweep_oc_phase1a_smoke3_v4lite_phase1a_oc_v4lite_cleanrun_v1,checkpoints/sweep_oc_phase1a_smoke3_v4lite_phase1a_oc_v4lite_cleanrun_v1/main_phnode_full_seed46,evidence-bearing-B,74827881,206,best_model.pt;block_evaluation.json;config.json;heldout_evaluation.json;training_history.pkl,docs/checkpoints_retention_manifest.csv,"holds 27 of the 45 cleanrun-v1 decision runs (seeds 42/44/46); named smoke but is evidence, see inventory B.2/B.6"
checkpoints/sweep_oc_smoke/sweep_oc_v4lite_protocol_smoke_auv_oc_traj12_blk8_s123_20260421,checkpoints/sweep_oc_smoke/sweep_oc_v4lite_protocol_smoke_auv_oc_traj12_blk8_s123_20260421/smoke_clean_v2,flow-validation-only,1869,13,best_model.pt;block_evaluation.json;config.json;heldout_evaluation.json;training_history.pkl,docs/checkpoints_retention_manifest.csv,"flow/protocol validation only, never paper evidence (repo_structure_audit 2.6)"
checkpoints/sweep_oc_smoke/sweep_oc_v4lite_protocol_smoke_auv_oc_traj12_blk8_s123_20260421,checkpoints/sweep_oc_smoke/sweep_oc_v4lite_protocol_smoke_auv_oc_traj12_blk8_s123_20260421/smoke_iid_v1,flow-validation-only,2006,14,best_model.pt;block_evaluation.json;config.json;heldout_evaluation.json;training_history.pkl,docs/checkpoints_retention_manifest.csv,"flow/protocol validation only, never paper evidence (repo_structure_audit 2.6)"
checkpoints/sweep_oc_smoke/sweep_oc_v4lite_protocol_smoke_auv_oc_traj12_blk8_s123_20260421,checkpoints/sweep_oc_smoke/sweep_oc_v4lite_protocol_smoke_auv_oc_traj12_blk8_s123_20260421/smoke_v4lite_v1,flow-validation-only,4863,15,best_model.pt;block_evaluation.json;config.json;heldout_evaluation.json;training_history.pkl,docs/checkpoints_retention_manifest.csv,"flow/protocol validation only, never paper evidence (repo_structure_audit 2.6)"
checkpoints/unused/sweep_oc_core_noise_l1_auv_oc_traj1000_blk150_s23_d0be9434_s43-44-45_20260406_070456,checkpoints/unused/sweep_oc_core_noise_l1_auv_oc_traj1000_blk150_s23_d0be9434_s43-44-45_20260406_070456/baseline_blackbox_fullstate_seed43,delete-candidate,996146,11,best_model.pt;block_evaluation.json;config.json;heldout_evaluation.json;training_history.pkl,docs/checkpoints_retention_manifest.csv,"old noise design, invalid for current evidence (repo_structure_audit 2.8)"
checkpoints/unused/sweep_oc_core_noise_l1_auv_oc_traj1000_blk150_s23_d0be9434_s43-44-45_20260406_070456,checkpoints/unused/sweep_oc_core_noise_l1_auv_oc_traj1000_blk150_s23_d0be9434_s43-44-45_20260406_070456/baseline_blackbox_fullstate_seed44,delete-candidate,996155,11,best_model.pt;block_evaluation.json;config.json;heldout_evaluation.json;training_history.pkl,docs/checkpoints_retention_manifest.csv,"old noise design, invalid for current evidence (repo_structure_audit 2.8)"
checkpoints/unused/sweep_oc_core_noise_l1_auv_oc_traj1000_blk150_s23_d0be9434_s43-44-45_20260406_070456,checkpoints/unused/sweep_oc_core_noise_l1_auv_oc_traj1000_blk150_s23_d0be9434_s43-44-45_20260406_070456/baseline_blackbox_fullstate_seed45,delete-candidate,996215,11,best_model.pt;block_evaluation.json;config.json;heldout_evaluation.json;training_history.pkl,docs/checkpoints_retention_manifest.csv,"old noise design, invalid for current evidence (repo_structure_audit 2.8)"
checkpoints/unused/sweep_oc_core_noise_l1_auv_oc_traj1000_blk150_s23_d0be9434_s43-44-45_20260406_070456,checkpoints/unused/sweep_oc_core_noise_l1_auv_oc_traj1000_blk150_s23_d0be9434_s43-44-45_20260406_070456/baseline_phnode_merged_force_seed43,delete-candidate,1016909,11,best_model.pt;block_evaluation.json;config.json;heldout_evaluation.json;training_history.pkl,docs/checkpoints_retention_manifest.csv,"old noise design, invalid for current evidence (repo_structure_audit 2.8)"
checkpoints/unused/sweep_oc_core_noise_l1_auv_oc_traj1000_blk150_s23_d0be9434_s43-44-45_20260406_070456,checkpoints/unused/sweep_oc_core_noise_l1_auv_oc_traj1000_blk150_s23_d0be9434_s43-44-45_20260406_070456/baseline_phnode_merged_force_seed44,delete-candidate,1016770,11,best_model.pt;block_evaluation.json;config.json;heldout_evaluation.json;training_history.pkl,docs/checkpoints_retention_manifest.csv,"old noise design, invalid for current evidence (repo_structure_audit 2.8)"
checkpoints/unused/sweep_oc_core_noise_l1_auv_oc_traj1000_blk150_s23_d0be9434_s43-44-45_20260406_070456,checkpoints/unused/sweep_oc_core_noise_l1_auv_oc_traj1000_blk150_s23_d0be9434_s43-44-45_20260406_070456/baseline_phnode_merged_force_seed45,delete-candidate,1016800,11,best_model.pt;block_evaluation.json;config.json;heldout_evaluation.json;training_history.pkl,docs/checkpoints_retention_manifest.csv,"old noise design, invalid for current evidence (repo_structure_audit 2.8)"
checkpoints/unused/sweep_oc_core_noise_l1_auv_oc_traj1000_blk150_s23_d0be9434_s43-44-45_20260406_070456,checkpoints/unused/sweep_oc_core_noise_l1_auv_oc_traj1000_blk150_s23_d0be9434_s43-44-45_20260406_070456/baseline_phnode_qforce_seed43,delete-candidate,1042914,11,best_model.pt;block_evaluation.json;config.json;heldout_evaluation.json;training_history.pkl,docs/checkpoints_retention_manifest.csv,"old noise design, invalid for current evidence (repo_structure_audit 2.8)"
checkpoints/unused/sweep_oc_core_noise_l1_auv_oc_traj1000_blk150_s23_d0be9434_s43-44-45_20260406_070456,checkpoints/unused/sweep_oc_core_noise_l1_auv_oc_traj1000_blk150_s23_d0be9434_s43-44-45_20260406_070456/baseline_phnode_qforce_seed44,delete-candidate,1042837,11,best_model.pt;block_evaluation.json;config.json;heldout_evaluation.json;training_history.pkl,docs/checkpoints_retention_manifest.csv,"old noise design, invalid for current evidence (repo_structure_audit 2.8)"
checkpoints/unused/sweep_oc_core_noise_l1_auv_oc_traj1000_blk150_s23_d0be9434_s43-44-45_20260406_070456,checkpoints/unused/sweep_oc_core_noise_l1_auv_oc_traj1000_blk150_s23_d0be9434_s43-44-45_20260406_070456/baseline_phnode_qforce_seed45,delete-candidate,1043337,11,best_model.pt;block_evaluation.json;config.json;heldout_evaluation.json;training_history.pkl,docs/checkpoints_retention_manifest.csv,"old noise design, invalid for current evidence (repo_structure_audit 2.8)"
checkpoints/unused/sweep_oc_core_noise_l1_auv_oc_traj1000_blk150_s23_d0be9434_s43-44-45_20260406_070456,checkpoints/unused/sweep_oc_core_noise_l1_auv_oc_traj1000_blk150_s23_d0be9434_s43-44-45_20260406_070456/baseline_se3_accel_blackbox_seed43,delete-candidate,1016831,11,best_model.pt;block_evaluation.json;config.json;heldout_evaluation.json;training_history.pkl,docs/checkpoints_retention_manifest.csv,"old noise design, invalid for current evidence (repo_structure_audit 2.8)"
checkpoints/unused/sweep_oc_core_noise_l1_auv_oc_traj1000_blk150_s23_d0be9434_s43-44-45_20260406_070456,checkpoints/unused/sweep_oc_core_noise_l1_auv_oc_traj1000_blk150_s23_d0be9434_s43-44-45_20260406_070456/baseline_se3_accel_blackbox_seed44,delete-candidate,1016890,11,best_model.pt;block_evaluation.json;config.json;heldout_evaluation.json;training_history.pkl,docs/checkpoints_retention_manifest.csv,"old noise design, invalid for current evidence (repo_structure_audit 2.8)"
checkpoints/unused/sweep_oc_core_noise_l1_auv_oc_traj1000_blk150_s23_d0be9434_s43-44-45_20260406_070456,checkpoints/unused/sweep_oc_core_noise_l1_auv_oc_traj1000_blk150_s23_d0be9434_s43-44-45_20260406_070456/baseline_se3_accel_blackbox_seed45,delete-candidate,1016871,11,best_model.pt;block_evaluation.json;config.json;heldout_evaluation.json;training_history.pkl,docs/checkpoints_retention_manifest.csv,"old noise design, invalid for current evidence (repo_structure_audit 2.8)"
checkpoints/unused/sweep_oc_core_noise_l1_auv_oc_traj1000_blk150_s23_d0be9434_s43-44-45_20260406_070456,checkpoints/unused/sweep_oc_core_noise_l1_auv_oc_traj1000_blk150_s23_d0be9434_s43-44-45_20260406_070456/baseline_se3_momentum_blackbox_seed43,delete-candidate,1036339,11,best_model.pt;block_evaluation.json;config.json;heldout_evaluation.json;training_history.pkl,docs/checkpoints_retention_manifest.csv,"old noise design, invalid for current evidence (repo_structure_audit 2.8)"
checkpoints/unused/sweep_oc_core_noise_l1_auv_oc_traj1000_blk150_s23_d0be9434_s43-44-45_20260406_070456,checkpoints/unused/sweep_oc_core_noise_l1_auv_oc_traj1000_blk150_s23_d0be9434_s43-44-45_20260406_070456/baseline_se3_momentum_blackbox_seed44,delete-candidate,1036237,11,best_model.pt;block_evaluation.json;config.json;heldout_evaluation.json;training_history.pkl,docs/checkpoints_retention_manifest.csv,"old noise design, invalid for current evidence (repo_structure_audit 2.8)"
checkpoints/unused/sweep_oc_core_noise_l1_auv_oc_traj1000_blk150_s23_d0be9434_s43-44-45_20260406_070456,checkpoints/unused/sweep_oc_core_noise_l1_auv_oc_traj1000_blk150_s23_d0be9434_s43-44-45_20260406_070456/baseline_se3_momentum_blackbox_seed45,delete-candidate,1036294,11,best_model.pt;block_evaluation.json;config.json;heldout_evaluation.json;training_history.pkl,docs/checkpoints_retention_manifest.csv,"old noise design, invalid for current evidence (repo_structure_audit 2.8)"
checkpoints/unused/sweep_oc_core_noise_l1_auv_oc_traj1000_blk150_s23_d0be9434_s43-44-45_20260406_070456,checkpoints/unused/sweep_oc_core_noise_l1_auv_oc_traj1000_blk150_s23_d0be9434_s43-44-45_20260406_070456/main_phnode_full_seed43,delete-candidate,1037247,11,best_model.pt;block_evaluation.json;config.json;heldout_evaluation.json;training_history.pkl,docs/checkpoints_retention_manifest.csv,"old noise design, invalid for current evidence (repo_structure_audit 2.8)"
checkpoints/unused/sweep_oc_core_noise_l1_auv_oc_traj1000_blk150_s23_d0be9434_s43-44-45_20260406_070456,checkpoints/unused/sweep_oc_core_noise_l1_auv_oc_traj1000_blk150_s23_d0be9434_s43-44-45_20260406_070456/main_phnode_full_seed44,delete-candidate,1035948,11,best_model.pt;block_evaluation.json;config.json;heldout_evaluation.json;training_history.pkl,docs/checkpoints_retention_manifest.csv,"old noise design, invalid for current evidence (repo_structure_audit 2.8)"
checkpoints/unused/sweep_oc_core_noise_l1_auv_oc_traj1000_blk150_s23_d0be9434_s43-44-45_20260406_070456,checkpoints/unused/sweep_oc_core_noise_l1_auv_oc_traj1000_blk150_s23_d0be9434_s43-44-45_20260406_070456/main_phnode_full_seed45,delete-candidate,1035360,11,best_model.pt;block_evaluation.json;config.json;heldout_evaluation.json;training_history.pkl,docs/checkpoints_retention_manifest.csv,"old noise design, invalid for current evidence (repo_structure_audit 2.8)"
checkpoints/unused/sweep_oc_core_noise_l2_auv_oc_traj1000_blk150_s23_d0be9434_s43-44-45_20260406_043408,checkpoints/unused/sweep_oc_core_noise_l2_auv_oc_traj1000_blk150_s23_d0be9434_s43-44-45_20260406_043408/baseline_blackbox_fullstate_seed43,delete-candidate,996182,11,best_model.pt;block_evaluation.json;config.json;heldout_evaluation.json;training_history.pkl,docs/checkpoints_retention_manifest.csv,"old noise design, invalid for current evidence (repo_structure_audit 2.8)"
checkpoints/unused/sweep_oc_core_noise_l2_auv_oc_traj1000_blk150_s23_d0be9434_s43-44-45_20260406_043408,checkpoints/unused/sweep_oc_core_noise_l2_auv_oc_traj1000_blk150_s23_d0be9434_s43-44-45_20260406_043408/baseline_blackbox_fullstate_seed44,delete-candidate,996214,11,best_model.pt;block_evaluation.json;config.json;heldout_evaluation.json;training_history.pkl,docs/checkpoints_retention_manifest.csv,"old noise design, invalid for current evidence (repo_structure_audit 2.8)"
checkpoints/unused/sweep_oc_core_noise_l2_auv_oc_traj1000_blk150_s23_d0be9434_s43-44-45_20260406_043408,checkpoints/unused/sweep_oc_core_noise_l2_auv_oc_traj1000_blk150_s23_d0be9434_s43-44-45_20260406_043408/baseline_blackbox_fullstate_seed45,delete-candidate,996211,11,best_model.pt;block_evaluation.json;config.json;heldout_evaluation.json;training_history.pkl,docs/checkpoints_retention_manifest.csv,"old noise design, invalid for current evidence (repo_structure_audit 2.8)"
checkpoints/unused/sweep_oc_core_noise_l2_auv_oc_traj1000_blk150_s23_d0be9434_s43-44-45_20260406_043408,checkpoints/unused/sweep_oc_core_noise_l2_auv_oc_traj1000_blk150_s23_d0be9434_s43-44-45_20260406_043408/baseline_phnode_merged_force_seed43,delete-candidate,1016675,11,best_model.pt;block_evaluation.json;config.json;heldout_evaluation.json;training_history.pkl,docs/checkpoints_retention_manifest.csv,"old noise design, invalid for current evidence (repo_structure_audit 2.8)"
checkpoints/unused/sweep_oc_core_noise_l2_auv_oc_traj1000_blk150_s23_d0be9434_s43-44-45_20260406_043408,checkpoints/unused/sweep_oc_core_noise_l2_auv_oc_traj1000_blk150_s23_d0be9434_s43-44-45_20260406_043408/baseline_phnode_merged_force_seed44,delete-candidate,1016850,11,best_model.pt;block_evaluation.json;config.json;heldout_evaluation.json;training_history.pkl,docs/checkpoints_retention_manifest.csv,"old noise design, invalid for current evidence (repo_structure_audit 2.8)"
checkpoints/unused/sweep_oc_core_noise_l2_auv_oc_traj1000_blk150_s23_d0be9434_s43-44-45_20260406_043408,checkpoints/unused/sweep_oc_core_noise_l2_auv_oc_traj1000_blk150_s23_d0be9434_s43-44-45_20260406_043408/baseline_phnode_merged_force_seed45,delete-candidate,1016752,11,best_model.pt;block_evaluation.json;config.json;heldout_evaluation.json;training_history.pkl,docs/checkpoints_retention_manifest.csv,"old noise design, invalid for current evidence (repo_structure_audit 2.8)"
checkpoints/unused/sweep_oc_core_noise_l2_auv_oc_traj1000_blk150_s23_d0be9434_s43-44-45_20260406_043408,checkpoints/unused/sweep_oc_core_noise_l2_auv_oc_traj1000_blk150_s23_d0be9434_s43-44-45_20260406_043408/baseline_phnode_qforce_seed43,delete-candidate,1042878,11,best_model.pt;block_evaluation.json;config.json;heldout_evaluation.json;training_history.pkl,docs/checkpoints_retention_manifest.csv,"old noise design, invalid for current evidence (repo_structure_audit 2.8)"
checkpoints/unused/sweep_oc_core_noise_l2_auv_oc_traj1000_blk150_s23_d0be9434_s43-44-45_20260406_043408,checkpoints/unused/sweep_oc_core_noise_l2_auv_oc_traj1000_blk150_s23_d0be9434_s43-44-45_20260406_043408/baseline_phnode_qforce_seed44,delete-candidate,1042826,11,best_model.pt;block_evaluation.json;config.json;heldout_evaluation.json;training_history.pkl,docs/checkpoints_retention_manifest.csv,"old noise design, invalid for current evidence (repo_structure_audit 2.8)"
checkpoints/unused/sweep_oc_core_noise_l2_auv_oc_traj1000_blk150_s23_d0be9434_s43-44-45_20260406_043408,checkpoints/unused/sweep_oc_core_noise_l2_auv_oc_traj1000_blk150_s23_d0be9434_s43-44-45_20260406_043408/baseline_phnode_qforce_seed45,delete-candidate,1042726,11,best_model.pt;block_evaluation.json;config.json;heldout_evaluation.json;training_history.pkl,docs/checkpoints_retention_manifest.csv,"old noise design, invalid for current evidence (repo_structure_audit 2.8)"
checkpoints/unused/sweep_oc_core_noise_l2_auv_oc_traj1000_blk150_s23_d0be9434_s43-44-45_20260406_043408,checkpoints/unused/sweep_oc_core_noise_l2_auv_oc_traj1000_blk150_s23_d0be9434_s43-44-45_20260406_043408/baseline_se3_accel_blackbox_seed43,delete-candidate,1016909,11,best_model.pt;block_evaluation.json;config.json;heldout_evaluation.json;training_history.pkl,docs/checkpoints_retention_manifest.csv,"old noise design, invalid for current evidence (repo_structure_audit 2.8)"
checkpoints/unused/sweep_oc_core_noise_l2_auv_oc_traj1000_blk150_s23_d0be9434_s43-44-45_20260406_043408,checkpoints/unused/sweep_oc_core_noise_l2_auv_oc_traj1000_blk150_s23_d0be9434_s43-44-45_20260406_043408/baseline_se3_accel_blackbox_seed44,delete-candidate,1016904,11,best_model.pt;block_evaluation.json;config.json;heldout_evaluation.json;training_history.pkl,docs/checkpoints_retention_manifest.csv,"old noise design, invalid for current evidence (repo_structure_audit 2.8)"
checkpoints/unused/sweep_oc_core_noise_l2_auv_oc_traj1000_blk150_s23_d0be9434_s43-44-45_20260406_043408,checkpoints/unused/sweep_oc_core_noise_l2_auv_oc_traj1000_blk150_s23_d0be9434_s43-44-45_20260406_043408/baseline_se3_accel_blackbox_seed45,delete-candidate,1017025,11,best_model.pt;block_evaluation.json;config.json;heldout_evaluation.json;training_history.pkl,docs/checkpoints_retention_manifest.csv,"old noise design, invalid for current evidence (repo_structure_audit 2.8)"
checkpoints/unused/sweep_oc_core_noise_l2_auv_oc_traj1000_blk150_s23_d0be9434_s43-44-45_20260406_043408,checkpoints/unused/sweep_oc_core_noise_l2_auv_oc_traj1000_blk150_s23_d0be9434_s43-44-45_20260406_043408/baseline_se3_momentum_blackbox_seed43,delete-candidate,1036288,11,best_model.pt;block_evaluation.json;config.json;heldout_evaluation.json;training_history.pkl,docs/checkpoints_retention_manifest.csv,"old noise design, invalid for current evidence (repo_structure_audit 2.8)"
checkpoints/unused/sweep_oc_core_noise_l2_auv_oc_traj1000_blk150_s23_d0be9434_s43-44-45_20260406_043408,checkpoints/unused/sweep_oc_core_noise_l2_auv_oc_traj1000_blk150_s23_d0be9434_s43-44-45_20260406_043408/baseline_se3_momentum_blackbox_seed44,delete-candidate,1036218,11,best_model.pt;block_evaluation.json;config.json;heldout_evaluation.json;training_history.pkl,docs/checkpoints_retention_manifest.csv,"old noise design, invalid for current evidence (repo_structure_audit 2.8)"
checkpoints/unused/sweep_oc_core_noise_l2_auv_oc_traj1000_blk150_s23_d0be9434_s43-44-45_20260406_043408,checkpoints/unused/sweep_oc_core_noise_l2_auv_oc_traj1000_blk150_s23_d0be9434_s43-44-45_20260406_043408/baseline_se3_momentum_blackbox_seed45,delete-candidate,1036341,11,best_model.pt;block_evaluation.json;config.json;heldout_evaluation.json;training_history.pkl,docs/checkpoints_retention_manifest.csv,"old noise design, invalid for current evidence (repo_structure_audit 2.8)"
checkpoints/unused/sweep_oc_core_noise_l2_auv_oc_traj1000_blk150_s23_d0be9434_s43-44-45_20260406_043408,checkpoints/unused/sweep_oc_core_noise_l2_auv_oc_traj1000_blk150_s23_d0be9434_s43-44-45_20260406_043408/main_phnode_full_seed43,delete-candidate,1035388,11,best_model.pt;block_evaluation.json;config.json;heldout_evaluation.json;training_history.pkl,docs/checkpoints_retention_manifest.csv,"old noise design, invalid for current evidence (repo_structure_audit 2.8)"
checkpoints/unused/sweep_oc_core_noise_l2_auv_oc_traj1000_blk150_s23_d0be9434_s43-44-45_20260406_043408,checkpoints/unused/sweep_oc_core_noise_l2_auv_oc_traj1000_blk150_s23_d0be9434_s43-44-45_20260406_043408/main_phnode_full_seed44,delete-candidate,1035302,11,best_model.pt;block_evaluation.json;config.json;heldout_evaluation.json;training_history.pkl,docs/checkpoints_retention_manifest.csv,"old noise design, invalid for current evidence (repo_structure_audit 2.8)"
checkpoints/unused/sweep_oc_core_noise_l2_auv_oc_traj1000_blk150_s23_d0be9434_s43-44-45_20260406_043408,checkpoints/unused/sweep_oc_core_noise_l2_auv_oc_traj1000_blk150_s23_d0be9434_s43-44-45_20260406_043408/main_phnode_full_seed45,delete-candidate,1035331,11,best_model.pt;block_evaluation.json;config.json;heldout_evaluation.json;training_history.pkl,docs/checkpoints_retention_manifest.csv,"old noise design, invalid for current evidence (repo_structure_audit 2.8)"
checkpoints/unused/sweep_oc_core_noise_l2_auv_oc_traj1000_blk150_s23_d0be9434_s43-44-45_20260406_090347,checkpoints/unused/sweep_oc_core_noise_l2_auv_oc_traj1000_blk150_s23_d0be9434_s43-44-45_20260406_090347/baseline_blackbox_fullstate_seed43,delete-candidate,996704,11,best_model.pt;block_evaluation.json;config.json;heldout_evaluation.json;training_history.pkl,docs/checkpoints_retention_manifest.csv,"old noise design, invalid for current evidence (repo_structure_audit 2.8)"
checkpoints/unused/sweep_oc_core_noise_l2_auv_oc_traj1000_blk150_s23_d0be9434_s43-44-45_20260406_090347,checkpoints/unused/sweep_oc_core_noise_l2_auv_oc_traj1000_blk150_s23_d0be9434_s43-44-45_20260406_090347/baseline_blackbox_fullstate_seed44,delete-candidate,996821,11,best_model.pt;block_evaluation.json;config.json;heldout_evaluation.json;training_history.pkl,docs/checkpoints_retention_manifest.csv,"old noise design, invalid for current evidence (repo_structure_audit 2.8)"
checkpoints/unused/sweep_oc_core_noise_l2_auv_oc_traj1000_blk150_s23_d0be9434_s43-44-45_20260406_090347,checkpoints/unused/sweep_oc_core_noise_l2_auv_oc_traj1000_blk150_s23_d0be9434_s43-44-45_20260406_090347/baseline_blackbox_fullstate_seed45,delete-candidate,996789,11,best_model.pt;block_evaluation.json;config.json;heldout_evaluation.json;training_history.pkl,docs/checkpoints_retention_manifest.csv,"old noise design, invalid for current evidence (repo_structure_audit 2.8)"
checkpoints/unused/sweep_oc_core_noise_l2_auv_oc_traj1000_blk150_s23_d0be9434_s43-44-45_20260406_090347,checkpoints/unused/sweep_oc_core_noise_l2_auv_oc_traj1000_blk150_s23_d0be9434_s43-44-45_20260406_090347/baseline_phnode_merged_force_seed43,delete-candidate,1017678,11,best_model.pt;block_evaluation.json;config.json;heldout_evaluation.json;training_history.pkl,docs/checkpoints_retention_manifest.csv,"old noise design, invalid for current evidence (repo_structure_audit 2.8)"
checkpoints/unused/sweep_oc_core_noise_l2_auv_oc_traj1000_blk150_s23_d0be9434_s43-44-45_20260406_090347,checkpoints/unused/sweep_oc_core_noise_l2_auv_oc_traj1000_blk150_s23_d0be9434_s43-44-45_20260406_090347/baseline_phnode_merged_force_seed44,delete-candidate,1017576,11,best_model.pt;block_evaluation.json;config.json;heldout_evaluation.json;training_history.pkl,docs/checkpoints_retention_manifest.csv,"old noise design, invalid for current evidence (repo_structure_audit 2.8)"
checkpoints/unused/sweep_oc_core_noise_l2_auv_oc_traj1000_blk150_s23_d0be9434_s43-44-45_20260406_090347,checkpoints/unused/sweep_oc_core_noise_l2_auv_oc_traj1000_blk150_s23_d0be9434_s43-44-45_20260406_090347/baseline_phnode_merged_force_seed45,delete-candidate,1017651,11,best_model.pt;block_evaluation.json;config.json;heldout_evaluation.json;training_history.pkl,docs/checkpoints_retention_manifest.csv,"old noise design, invalid for current evidence (repo_structure_audit 2.8)"
checkpoints/unused/sweep_oc_core_noise_l2_auv_oc_traj1000_blk150_s23_d0be9434_s43-44-45_20260406_090347,checkpoints/unused/sweep_oc_core_noise_l2_auv_oc_traj1000_blk150_s23_d0be9434_s43-44-45_20260406_090347/baseline_phnode_qforce_seed43,delete-candidate,1043672,11,best_model.pt;block_evaluation.json;config.json;heldout_evaluation.json;training_history.pkl,docs/checkpoints_retention_manifest.csv,"old noise design, invalid for current evidence (repo_structure_audit 2.8)"
checkpoints/unused/sweep_oc_core_noise_l2_auv_oc_traj1000_blk150_s23_d0be9434_s43-44-45_20260406_090347,checkpoints/unused/sweep_oc_core_noise_l2_auv_oc_traj1000_blk150_s23_d0be9434_s43-44-45_20260406_090347/baseline_phnode_qforce_seed44,delete-candidate,1043397,11,best_model.pt;block_evaluation.json;config.json;heldout_evaluation.json;training_history.pkl,docs/checkpoints_retention_manifest.csv,"old noise design, invalid for current evidence (repo_structure_audit 2.8)"
checkpoints/unused/sweep_oc_core_noise_l2_auv_oc_traj1000_blk150_s23_d0be9434_s43-44-45_20260406_090347,checkpoints/unused/sweep_oc_core_noise_l2_auv_oc_traj1000_blk150_s23_d0be9434_s43-44-45_20260406_090347/baseline_phnode_qforce_seed45,delete-candidate,1043656,11,best_model.pt;block_evaluation.json;config.json;heldout_evaluation.json;training_history.pkl,docs/checkpoints_retention_manifest.csv,"old noise design, invalid for current evidence (repo_structure_audit 2.8)"
checkpoints/unused/sweep_oc_core_noise_l2_auv_oc_traj1000_blk150_s23_d0be9434_s43-44-45_20260406_090347,checkpoints/unused/sweep_oc_core_noise_l2_auv_oc_traj1000_blk150_s23_d0be9434_s43-44-45_20260406_090347/baseline_se3_accel_blackbox_seed43,delete-candidate,1017660,11,best_model.pt;block_evaluation.json;config.json;heldout_evaluation.json;training_history.pkl,docs/checkpoints_retention_manifest.csv,"old noise design, invalid for current evidence (repo_structure_audit 2.8)"
checkpoints/unused/sweep_oc_core_noise_l2_auv_oc_traj1000_blk150_s23_d0be9434_s43-44-45_20260406_090347,checkpoints/unused/sweep_oc_core_noise_l2_auv_oc_traj1000_blk150_s23_d0be9434_s43-44-45_20260406_090347/baseline_se3_accel_blackbox_seed44,delete-candidate,1017241,11,best_model.pt;block_evaluation.json;config.json;heldout_evaluation.json;training_history.pkl,docs/checkpoints_retention_manifest.csv,"old noise design, invalid for current evidence (repo_structure_audit 2.8)"
checkpoints/unused/sweep_oc_core_noise_l2_auv_oc_traj1000_blk150_s23_d0be9434_s43-44-45_20260406_090347,checkpoints/unused/sweep_oc_core_noise_l2_auv_oc_traj1000_blk150_s23_d0be9434_s43-44-45_20260406_090347/baseline_se3_accel_blackbox_seed45,delete-candidate,1017630,11,best_model.pt;block_evaluation.json;config.json;heldout_evaluation.json;training_history.pkl,docs/checkpoints_retention_manifest.csv,"old noise design, invalid for current evidence (repo_structure_audit 2.8)"
checkpoints/unused/sweep_oc_core_noise_l2_auv_oc_traj1000_blk150_s23_d0be9434_s43-44-45_20260406_090347,checkpoints/unused/sweep_oc_core_noise_l2_auv_oc_traj1000_blk150_s23_d0be9434_s43-44-45_20260406_090347/baseline_se3_momentum_blackbox_seed43,delete-candidate,1037030,11,best_model.pt;block_evaluation.json;config.json;heldout_evaluation.json;training_history.pkl,docs/checkpoints_retention_manifest.csv,"old noise design, invalid for current evidence (repo_structure_audit 2.8)"
checkpoints/unused/sweep_oc_core_noise_l2_auv_oc_traj1000_blk150_s23_d0be9434_s43-44-45_20260406_090347,checkpoints/unused/sweep_oc_core_noise_l2_auv_oc_traj1000_blk150_s23_d0be9434_s43-44-45_20260406_090347/baseline_se3_momentum_blackbox_seed44,delete-candidate,1036969,11,best_model.pt;block_evaluation.json;config.json;heldout_evaluation.json;training_history.pkl,docs/checkpoints_retention_manifest.csv,"old noise design, invalid for current evidence (repo_structure_audit 2.8)"
checkpoints/unused/sweep_oc_core_noise_l2_auv_oc_traj1000_blk150_s23_d0be9434_s43-44-45_20260406_090347,checkpoints/unused/sweep_oc_core_noise_l2_auv_oc_traj1000_blk150_s23_d0be9434_s43-44-45_20260406_090347/baseline_se3_momentum_blackbox_seed45,delete-candidate,1037036,11,best_model.pt;block_evaluation.json;config.json;heldout_evaluation.json;training_history.pkl,docs/checkpoints_retention_manifest.csv,"old noise design, invalid for current evidence (repo_structure_audit 2.8)"
checkpoints/unused/sweep_oc_core_noise_l2_auv_oc_traj1000_blk150_s23_d0be9434_s43-44-45_20260406_090347,checkpoints/unused/sweep_oc_core_noise_l2_auv_oc_traj1000_blk150_s23_d0be9434_s43-44-45_20260406_090347/main_phnode_full_seed43,delete-candidate,1036222,11,best_model.pt;block_evaluation.json;config.json;heldout_evaluation.json;training_history.pkl,docs/checkpoints_retention_manifest.csv,"old noise design, invalid for current evidence (repo_structure_audit 2.8)"
checkpoints/unused/sweep_oc_core_noise_l2_auv_oc_traj1000_blk150_s23_d0be9434_s43-44-45_20260406_090347,checkpoints/unused/sweep_oc_core_noise_l2_auv_oc_traj1000_blk150_s23_d0be9434_s43-44-45_20260406_090347/main_phnode_full_seed44,delete-candidate,1036257,11,best_model.pt;block_evaluation.json;config.json;heldout_evaluation.json;training_history.pkl,docs/checkpoints_retention_manifest.csv,"old noise design, invalid for current evidence (repo_structure_audit 2.8)"
checkpoints/unused/sweep_oc_core_noise_l2_auv_oc_traj1000_blk150_s23_d0be9434_s43-44-45_20260406_090347,checkpoints/unused/sweep_oc_core_noise_l2_auv_oc_traj1000_blk150_s23_d0be9434_s43-44-45_20260406_090347/main_phnode_full_seed45,delete-candidate,1036209,11,best_model.pt;block_evaluation.json;config.json;heldout_evaluation.json;training_history.pkl,docs/checkpoints_retention_manifest.csv,"old noise design, invalid for current evidence (repo_structure_audit 2.8)"
