model_type,seed,epoch,train_total,test_total,train_so3_orth,train_success_rate
phnode_full,42,1,4.35082,5.04584,1.25736e-07,1
phnode_full,42,2,3.58489,4.30459,1.19084e-07,1
phnode_full,42,3,2.95038,3.22102,1.16026e-07,1
phnode_full,42,4,1.78187,1.04357,1.20038e-07,1
phnode_full,42,5,0.771543,0.618566,1.292e-07,1
phnode_full,42,6,0.73271,0.729848,1.15262e-07,1
phnode_full,42,7,0.731893,0.702043,1.19014e-07,1
phnode_full,42,8,0.916459,1.36572,1.88019e-07,1
phnode_full,42,9,0.646708,0.429916,2.9295e-07,1
phnode_full,42,10,0.401015,0.322723,1.32061e-07,1
phnode_full,42,11,0.546104,0.763715,1.17364e-07,1
phnode_full,42,12,0.688518,1.33014,1.21779e-07,1
phnode_full,42,13,0.988365,1.70488,1.38661e-07,1
phnode_full,42,14,1.20107,1.12632,6.33881e-07,1
phnode_full,42,15,0.706571,0.418989,2.45922e-07,1
phnode_full,42,16,0.369992,0.414571,1.52459e-07,1
phnode_full,42,17,0.826307,127.982,4.08535e-07,1
phnode_full,42,18,9.82271,1.64716,1.35522e-05,1
phnode_full,42,19,0.90113,1.5542,1.21157e-07,1
phnode_full,42,20,0.645809,0.421241,1.17356e-07,1
phnode_full,42,21,0.498586,0.258559,1.14169e-07,1
phnode_full,42,22,1.10761,3.21833,1.18354e-07,1
phnode_full,42,23,1.00522,0.88541,1.37036e-07,1
phnode_full,42,24,0.517248,0.430192,1.27245e-07,1
phnode_full,42,25,0.421379,0.709244,1.14158e-07,1
phnode_full,42,26,0.739174,0.612786,1.16586e-07,1
phnode_full,42,27,0.557322,0.491485,1.13523e-07,1
phnode_full,42,28,0.409438,0.299905,1.13368e-07,1
phnode_full,42,29,0.33119,0.387841,1.13658e-07,1
phnode_full,42,30,0.296137,0.379767,1.13395e-07,1
phnode_full,42,31,0.266102,0.177938,1.13738e-07,1
phnode_full,42,32,0.34427,0.423771,1.14348e-07,1
phnode_full,42,33,0.294936,0.309514,1.13731e-07,1
phnode_full,42,34,0.309398,0.247172,1.13396e-07,1
phnode_full,42,35,0.245397,0.218804,1.13591e-07,1
phnode_full,42,36,0.254692,0.358874,1.14085e-07,1
phnode_full,42,37,0.183635,0.124695,1.13763e-07,1
phnode_full,42,38,0.202431,0.258751,1.14247e-07,1
phnode_full,42,39,0.193949,0.235792,1.14324e-07,1
phnode_full,42,40,0.274301,0.264866,1.1426e-07,1
phnode_full,42,41,0.202687,0.250048,1.14152e-07,1
phnode_full,42,42,0.379153,0.491647,1.14623e-07,1
phnode_full,42,43,0.209183,0.129216,1.13952e-07,1
phnode_full,42,44,0.315958,0.491383,1.14426e-07,1
phnode_full,42,45,0.371338,0.2878,1.13989e-07,1
phnode_full,42,46,0.381929,0.408017,1.1411e-07,1
phnode_full,42,47,0.207484,0.129669,1.14072e-07,1
phnode_full,42,48,0.270987,0.309302,1.1483e-07,1
phnode_full,42,49,0.17944,0.137533,1.14022e-07,1
phnode_full,42,50,0.117036,0.0916271,1.14507e-07,1
phnode_full,42,51,0.234576,0.198367,1.14548e-07,1
phnode_full,42,52,0.176016,0.224544,1.14563e-07,1
phnode_full,42,53,0.113983,0.101441,1.1443e-07,1
phnode_full,42,54,0.14875,0.178586,1.14819e-07,1
phnode_full,42,55,0.1538,0.113512,1.14294e-07,1
phnode_full,42,56,0.101993,0.12991,1.15021e-07,1
phnode_full,42,57,0.111974,0.129313,1.15278e-07,1
phnode_full,42,58,0.0847322,0.0806409,1.15782e-07,1
phnode_full,42,59,0.0869147,0.13275,1.16673e-07,1
phnode_full,42,60,0.219259,0.152934,1.15835e-07,1
phnode_full,42,61,0.160919,0.1048,1.14994e-07,1
phnode_full,42,62,0.0908947,0.0956883,1.16305e-07,1
phnode_full,42,63,0.0751136,0.0890476,1.16764e-07,1
phnode_full,42,64,0.0708564,0.0658956,1.16526e-07,1
phnode_full,42,65,0.0687144,0.0703239,1.16334e-07,1
phnode_full,42,66,0.0584927,0.106902,1.16198e-07,1
phnode_full,42,67,0.0756513,0.0879843,1.16232e-07,1
phnode_full,42,68,0.0878793,0.0807859,1.15735e-07,1
phnode_full,42,69,0.0651903,0.0682785,1.15836e-07,1
phnode_full,42,70,0.071615,0.107608,1.15663e-07,1
phnode_full,42,71,0.0669488,0.062039,1.15488e-07,1
phnode_full,42,72,0.0695015,0.0586499,1.1575e-07,1
phnode_full,42,73,0.0771239,0.0630355,1.15578e-07,1
phnode_full,42,74,0.0614041,0.059311,1.15349e-07,1
phnode_full,42,75,0.0568252,0.083078,1.15347e-07,1
phnode_full,42,76,0.0883648,0.0672738,1.15614e-07,1
phnode_full,42,77,0.0598743,0.0476189,1.15402e-07,1
phnode_full,42,78,0.0463625,0.044534,1.15596e-07,1
phnode_full,42,79,0.0711241,0.0455317,1.15637e-07,1
phnode_full,42,80,0.0447964,0.0543363,1.15645e-07,1
phnode_full,42,81,0.065072,0.0554005,1.15605e-07,1
phnode_full,42,82,0.0421362,0.039637,1.15528e-07,1
phnode_full,42,83,0.0361803,0.036724,1.15458e-07,1
phnode_full,42,84,0.0350259,0.0421959,1.15594e-07,1
phnode_full,42,85,0.0316168,0.0305683,1.15436e-07,1
phnode_full,42,86,0.036397,0.0329621,1.15622e-07,1
phnode_full,42,87,0.0292997,0.0250678,1.15664e-07,1
phnode_full,42,88,0.0272222,0.0262887,1.15762e-07,1
phnode_full,42,89,0.0236726,0.0164995,1.15808e-07,1
phnode_full,42,90,0.0210201,0.0241967,1.1597e-07,1
phnode_full,42,91,0.0167199,0.0136249,1.16249e-07,1
phnode_full,42,92,0.0115159,0.0110321,1.16434e-07,1
phnode_full,42,93,0.0113792,0.0139466,1.16549e-07,1
phnode_full,42,94,0.0194579,0.0163864,1.16484e-07,1
phnode_full,42,95,0.0168048,0.0117048,1.16248e-07,1
phnode_full,42,96,0.017272,0.010341,1.16513e-07,1
phnode_full,42,97,0.0153169,0.00942648,1.16451e-07,1
phnode_full,42,98,0.026895,0.0266103,1.16595e-07,1
phnode_full,42,99,0.0156508,0.0132854,1.16377e-07,1
phnode_full,42,100,0.011298,0.0155914,1.16603e-07,1
phnode_full,42,101,0.0133384,0.0177366,1.16606e-07,1
phnode_full,42,102,0.0138497,0.0151302,1.16539e-07,1
phnode_full,42,103,0.0138028,0.0150822,1.16623e-07,1
phnode_full,42,104,0.0135696,0.0170369,1.16413e-07,1
phnode_full,42,105,0.0127288,0.0112488,1.16503e-07,1
phnode_full,42,106,0.0124983,0.0179163,1.16332e-07,1
phnode_full,42,107,0.0120703,0.0114698,1.16622e-07,1
phnode_full,42,108,0.0110734,0.0113818,1.16597e-07,1
phnode_full,42,109,0.0105536,0.00991674,1.16563e-07,1
phnode_full,42,110,0.0102199,0.00973578,1.16839e-07,1
phnode_full,42,111,0.00950129,0.00880223,1.16568e-07,1
phnode_full,42,112,0.00957153,0.0103436,1.1662e-07,1
phnode_full,42,113,0.00848468,0.00874955,1.16848e-07,1
phnode_full,42,114,0.00654048,0.00572984,1.16777e-07,1
phnode_full,42,115,0.00560935,0.00543379,1.16873e-07,1
phnode_full,42,116,0.00776757,0.0390598,1.16682e-07,1
phnode_full,42,117,0.0301489,0.0211992,1.16767e-07,1
phnode_full,42,118,0.0120304,0.00751656,1.16489e-07,1
phnode_full,42,119,0.00681055,0.00605362,1.16608e-07,1
phnode_full,42,120,0.0056695,0.00561035,1.16771e-07,1
phnode_full,42,121,0.00694805,0.00886776,1.1681e-07,1
phnode_full,42,122,0.00722196,0.00645975,1.16848e-07,1
phnode_full,42,123,0.00822093,0.00758579,1.16703e-07,1
phnode_full,42,124,0.00819249,0.00960342,1.16738e-07,1
phnode_full,42,125,0.00793893,0.00815617,1.16792e-07,1
phnode_full,42,126,0.0078767,0.00845795,1.16524e-07,1
phnode_full,42,127,0.00770611,0.00844314,1.16717e-07,1
phnode_full,42,128,0.0076026,0.00585585,1.16668e-07,1
phnode_full,42,129,0.0074011,0.00693365,1.16641e-07,1
phnode_full,42,130,0.00711582,0.00678457,1.16722e-07,1
phnode_full,42,131,0.00704066,0.00728445,1.16979e-07,1
phnode_full,42,132,0.0065979,0.0090459,1.16942e-07,1
phnode_full,42,133,0.00662046,0.00623109,1.16853e-07,1
phnode_full,42,134,0.00517168,0.00493484,1.16709e-07,1
phnode_full,42,135,0.00457122,0.00472962,1.16814e-07,1
phnode_full,42,136,0.00445216,0.00459387,1.16935e-07,1
phnode_full,42,137,0.00444981,0.00460602,1.16897e-07,1
phnode_full,42,138,0.00439504,0.00467425,1.16769e-07,1
phnode_full,42,139,0.00440766,0.00468994,1.16972e-07,1
phnode_full,42,140,0.00436797,0.00454834,1.16926e-07,1
phnode_full,42,141,0.00432311,0.00447338,1.16931e-07,1
phnode_full,42,142,0.00432218,0.00452597,1.16872e-07,1
phnode_full,42,143,0.00430128,0.0045705,1.16978e-07,1
phnode_full,42,144,0.00431144,0.00450633,1.16885e-07,1
phnode_full,42,145,0.00428987,0.0044182,1.16914e-07,1
phnode_full,42,146,0.0042455,0.00440947,1.1711e-07,1
phnode_full,42,147,0.00427533,0.00457559,1.17046e-07,1
phnode_full,42,148,0.00428652,0.00462307,1.1688e-07,1
phnode_full,42,149,0.00425978,0.0046052,1.16835e-07,1
phnode_full,42,150,0.00424959,0.0043722,1.17009e-07,1
phnode_full,42,151,0.00419478,0.00443715,1.16924e-07,1
phnode_full,42,152,0.00420772,0.00433475,1.17063e-07,1
phnode_full,42,153,0.00419146,0.00445861,1.1701e-07,1
phnode_full,42,154,0.00417696,0.00443421,1.16986e-07,1
phnode_full,42,155,0.00423752,0.00439026,1.16958e-07,1
phnode_full,42,156,0.00415006,0.0043289,1.17102e-07,1
phnode_full,42,157,0.00417599,0.00434458,1.16915e-07,1
phnode_full,42,158,0.00415649,0.00442072,1.17047e-07,1
phnode_full,42,159,0.00418869,0.00453212,1.17024e-07,1
phnode_full,42,160,0.00421781,0.00463503,1.17179e-07,1
phnode_full,42,161,0.00417004,0.00431211,1.17067e-07,1
phnode_full,42,162,0.00411594,0.00437417,1.17063e-07,1
phnode_full,42,163,0.00409846,0.0043301,1.17082e-07,1
phnode_full,42,164,0.00409502,0.00429865,1.17279e-07,1
phnode_full,42,165,0.00409192,0.00426452,1.16963e-07,1
phnode_full,42,166,0.00406832,0.00430221,1.17072e-07,1
phnode_full,42,167,0.00408662,0.00424241,1.16983e-07,1
phnode_full,42,168,0.00403758,0.0042625,1.17067e-07,1
phnode_full,42,169,0.004061,0.00427232,1.17025e-07,1
phnode_full,42,170,0.00408589,0.00443882,1.17081e-07,1
phnode_full,42,171,0.0040776,0.004238,1.17069e-07,1
phnode_full,42,172,0.00403666,0.00427395,1.17119e-07,1
phnode_full,42,173,0.00406383,0.00421119,1.16848e-07,1
phnode_full,42,174,0.00401353,0.00419058,1.17147e-07,1
phnode_full,42,175,0.00401137,0.00424693,1.17053e-07,1
phnode_full,42,176,0.00401997,0.00418593,1.17104e-07,1
phnode_full,42,177,0.00399953,0.00423604,1.17108e-07,1
phnode_full,42,178,0.00401097,0.00421385,1.16936e-07,1
phnode_full,42,179,0.00399581,0.00423957,1.17172e-07,1
phnode_full,42,180,0.00401757,0.00416091,1.17141e-07,1
phnode_full,42,181,0.00398139,0.0041607,1.17162e-07,1
phnode_full,42,182,0.00398185,0.0042195,1.17155e-07,1
phnode_full,42,183,0.00400172,0.00416857,1.17201e-07,1
phnode_full,42,184,0.0039633,0.0041421,1.17081e-07,1
phnode_full,42,185,0.00396431,0.00417423,1.1708e-07,1
phnode_full,42,186,0.00396692,0.00415764,1.17213e-07,1
phnode_full,42,187,0.00398068,0.00413899,1.17189e-07,1
phnode_full,42,188,0.00397004,0.00412511,1.17224e-07,1
phnode_full,42,189,0.00395833,0.00415907,1.17086e-07,1
phnode_full,42,190,0.00395301,0.00415955,1.17172e-07,1
phnode_full,42,191,0.0039546,0.00414485,1.17021e-07,1
phnode_full,42,192,0.00394236,0.00409925,1.17174e-07,1
phnode_full,42,193,0.00392846,0.00413138,1.17232e-07,1
phnode_full,42,194,0.00393176,0.00410854,1.17162e-07,1
phnode_full,42,195,0.00392913,0.00409737,1.17301e-07,1
phnode_full,42,196,0.00393055,0.00413611,1.17003e-07,1
phnode_full,42,197,0.00393977,0.00411122,1.17158e-07,1
phnode_full,42,198,0.00392202,0.00409733,1.17157e-07,1
phnode_full,42,199,0.00392099,0.00409689,1.17241e-07,1
phnode_full,42,200,0.00393403,0.00408809,1.17218e-07,1
phnode_full,42,201,0.00392556,0.00411571,1.17076e-07,1
phnode_full,42,202,0.0039087,0.00408944,1.17175e-07,1
phnode_full,42,203,0.00391233,0.00409568,1.17105e-07,1
phnode_full,42,204,0.00391463,0.004105,1.17179e-07,1
phnode_full,42,205,0.00391744,0.00410234,1.17027e-07,1
phnode_full,42,206,0.00390602,0.0040753,1.17215e-07,1
phnode_full,42,207,0.00390301,0.00408578,1.17252e-07,1
phnode_full,42,208,0.00389787,0.0040832,1.17204e-07,1
phnode_full,42,209,0.00389469,0.00407073,1.17088e-07,1
phnode_full,42,210,0.00388935,0.00407622,1.17314e-07,1
phnode_full,42,211,0.00390054,0.00405842,1.17207e-07,1
phnode_full,42,212,0.00389071,0.00405455,1.1727e-07,1
phnode_full,42,213,0.00388653,0.00407882,1.17401e-07,1
phnode_full,42,214,0.00388854,0.00405699,1.1699e-07,1
phnode_full,42,215,0.00387748,0.00408046,1.17306e-07,1
phnode_full,42,216,0.0038833,0.00404348,1.17094e-07,1
phnode_full,42,217,0.00387618,0.00405546,1.17146e-07,1
phnode_full,42,218,0.003876,0.00404991,1.17336e-07,1
phnode_full,42,219,0.00387338,0.00410428,1.17256e-07,1
phnode_full,42,220,0.0038867,0.00406678,1.17209e-07,1
phnode_full,42,221,0.00387285,0.00407487,1.17234e-07,1
phnode_full,42,222,0.00387715,0.00404462,1.17047e-07,1
phnode_full,42,223,0.00387277,0.00405283,1.17199e-07,1
phnode_full,42,224,0.00387118,0.00405086,1.17416e-07,1
phnode_full,42,225,0.00385963,0.00404626,1.17265e-07,1
phnode_full,42,226,0.00386406,0.00403761,1.17296e-07,1
phnode_full,42,227,0.00386761,0.00404657,1.17307e-07,1
phnode_full,42,228,0.00387161,0.00404058,1.17163e-07,1
phnode_full,42,229,0.00386397,0.00404031,1.17326e-07,1
phnode_full,42,230,0.0038614,0.0040381,1.1712e-07,1
phnode_full,42,231,0.00386367,0.00403826,1.17226e-07,1
phnode_full,42,232,0.00386379,0.00403466,1.1712e-07,1
phnode_full,42,233,0.00386342,0.0040356,1.17231e-07,1
phnode_full,42,234,0.00385529,0.0040315,1.17208e-07,1
phnode_full,42,235,0.00386359,0.00402907,1.17144e-07,1
phnode_full,42,236,0.0038586,0.0040322,1.17049e-07,1
phnode_full,42,237,0.00386034,0.00402735,1.17183e-07,1
phnode_full,42,238,0.00385802,0.00402749,1.17219e-07,1
phnode_full,42,239,0.00385914,0.00402842,1.17128e-07,1
phnode_full,42,240,0.00385759,0.00402936,1.17216e-07,1
phnode_full,42,241,0.00385434,0.00402824,1.17289e-07,1
phnode_full,42,242,0.00384956,0.00403267,1.17134e-07,1
phnode_full,42,243,0.00385389,0.00402942,1.17162e-07,1
phnode_full,42,244,0.00385618,0.00402278,1.17178e-07,1
phnode_full,42,245,0.00385291,0.00402222,1.1719e-07,1
phnode_full,42,246,0.00385272,0.00402682,1.17204e-07,1
phnode_full,42,247,0.00385267,0.00402492,1.1722e-07,1
phnode_full,42,248,0.00385931,0.00402334,1.17207e-07,1
phnode_full,42,249,0.00384581,0.00402145,1.17344e-07,1
phnode_full,42,250,0.00385309,0.00402488,1.17162e-07,1
phnode_full,43,1,4.40432,5.27094,1.26107e-07,1
phnode_full,43,2,3.66543,4.53427,1.1919e-07,1
phnode_full,43,3,3.11323,3.5704,1.16666e-07,1
phnode_full,43,4,2.31684,2.25506,1.14871e-07,1
phnode_full,43,5,1.292,1.18195,1.14442e-07,1
phnode_full,43,6,0.800454,0.790188,1.1372e-07,1
phnode_full,43,7,0.679212,0.872892,1.13605e-07,1
phnode_full,43,8,0.664248,0.484795,1.15537e-07,1
phnode_full,43,9,0.582023,2.03943,1.17935e-07,1
phnode_full,43,10,0.864359,0.909808,1.21333e-07,1
phnode_full,43,11,0.818436,0.794882,1.21326e-07,1
phnode_full,43,12,0.489044,0.530512,1.28385e-07,1
phnode_full,43,13,0.361881,0.33549,1.16646e-07,1
phnode_full,43,14,2.72909,1.36305,7.35397e-07,1
phnode_full,43,15,0.914923,0.793325,9.77343e-07,1
phnode_full,43,16,0.476408,0.489239,1.79587e-07,1
phnode_full,43,17,0.353882,0.395163,1.19868e-07,1
phnode_full,43,18,0.261367,0.217533,1.15408e-07,1
phnode_full,43,19,0.197484,0.660259,1.14e-07,1
phnode_full,43,20,37.3387,1.44337,3.7397e-05,1
phnode_full,43,21,1.1768,6.30517,1.68516e-06,1
phnode_full,43,22,144088,5.92989,7.46603,1
phnode_full,43,23,4.30978,1.54411,2.17633e-06,1
phnode_full,43,24,163.832,1.17789,0.0291691,1
phnode_full,43,25,0.704102,0.494584,7.54684e-07,1
phnode_full,43,26,0.807025,1.31445,2.54417e-07,1
phnode_full,43,27,0.62262,0.41436,1.54424e-06,1
phnode_full,43,28,0.291263,0.196239,1.29757e-07,1
phnode_full,43,29,0.684793,0.264521,1.15524e-07,1
phnode_full,43,30,0.504237,0.889748,1.15882e-07,1
phnode_full,43,31,0.660405,0.544768,1.16214e-07,1
phnode_full,43,32,0.515815,0.500896,1.18611e-07,1
phnode_full,43,33,0.269015,0.372283,1.13679e-07,1
phnode_full,43,34,0.297756,0.18285,1.13644e-07,1
phnode_full,43,35,0.210562,0.250947,1.13697e-07,1
phnode_full,43,36,0.286399,0.451489,1.14008e-07,1
phnode_full,43,37,0.398632,0.216092,1.1427e-07,1
phnode_full,43,38,0.159969,0.138011,1.13885e-07,1
phnode_full,43,39,0.165074,0.250462,1.14114e-07,1
phnode_full,43,40,0.234141,0.258301,1.14513e-07,1
phnode_full,43,41,0.206213,0.180404,1.14559e-07,1
phnode_full,43,42,0.143846,0.16995,1.14266e-07,1
phnode_full,43,43,0.143093,0.113978,1.14524e-07,1
phnode_full,43,44,0.228662,0.456227,1.14444e-07,1
phnode_full,43,45,0.238012,0.128696,1.14279e-07,1
phnode_full,43,46,0.258269,0.175888,1.14067e-07,1
phnode_full,43,47,0.155327,0.115435,1.14122e-07,1
phnode_full,43,48,0.219717,0.227272,1.14845e-07,1
phnode_full,43,49,0.172578,0.125763,1.14769e-07,1
phnode_full,43,50,0.129466,0.150887,1.14846e-07,1
phnode_full,43,51,0.0995654,0.0833153,1.15319e-07,1
phnode_full,43,52,0.178767,0.131307,1.15764e-07,1
phnode_full,43,53,0.096014,0.0988216,1.14803e-07,1
phnode_full,43,54,0.146744,0.112184,1.15738e-07,1
phnode_full,43,55,0.114113,0.118201,1.15153e-07,1
phnode_full,43,56,0.110407,0.153961,1.15398e-07,1
phnode_full,43,57,0.0951246,0.123924,1.15736e-07,1
phnode_full,43,58,0.0946781,0.0740414,1.15932e-07,1
phnode_full,43,59,0.0878358,0.0897287,1.15617e-07,1
phnode_full,43,60,0.0808846,0.0629533,1.15944e-07,1
phnode_full,43,61,0.0953342,0.128055,1.16085e-07,1
phnode_full,43,62,0.082588,0.116225,1.15924e-07,1
phnode_full,43,63,0.0786823,0.0708842,1.16395e-07,1
phnode_full,43,64,0.0827911,0.0744214,1.16136e-07,1
phnode_full,43,65,0.0692766,0.0694704,1.15735e-07,1
phnode_full,43,66,0.0713376,0.073593,1.1618e-07,1
phnode_full,43,67,0.0563598,0.142115,1.15946e-07,1
phnode_full,43,68,0.0765855,0.0542087,1.16288e-07,1
phnode_full,43,69,0.0472628,0.0602919,1.15898e-07,1
phnode_full,43,70,0.0633629,0.0929702,1.16182e-07,1
phnode_full,43,71,0.0542672,0.0427807,1.15867e-07,1
phnode_full,43,72,0.0454993,0.452303,1.15443e-07,1
phnode_full,43,73,0.322716,0.189833,1.16436e-07,1
phnode_full,43,74,0.111439,0.0533334,1.15046e-07,1
phnode_full,43,75,0.0624972,0.0798154,1.1578e-07,1
phnode_full,43,76,0.047211,0.121951,1.15527e-07,1
phnode_full,43,77,0.0589936,0.0420887,1.15945e-07,1
phnode_full,43,78,0.0587945,0.0519438,1.15811e-07,1
phnode_full,43,79,0.049915,0.0721724,1.15672e-07,1
phnode_full,43,80,0.0569558,0.0533926,1.16125e-07,1
phnode_full,43,81,0.0770053,0.0566039,1.15898e-07,1
phnode_full,43,82,0.0661308,0.0356864,1.15715e-07,1
phnode_full,43,83,0.0389396,0.0279539,1.16039e-07,1
phnode_full,43,84,0.0303784,0.0363367,1.16293e-07,1
phnode_full,43,85,0.0405304,0.0348762,1.16332e-07,1
phnode_full,43,86,0.027398,0.0254463,1.16006e-07,1
phnode_full,43,87,0.0213363,0.0200451,1.16289e-07,1
phnode_full,43,88,0.0202752,0.0378733,1.16335e-07,1
phnode_full,43,89,0.0348823,0.0257099,1.16283e-07,1
phnode_full,43,90,0.0260835,0.022911,1.16456e-07,1
phnode_full,43,91,0.0221425,0.0211876,1.16477e-07,1
phnode_full,43,92,0.0190376,0.0234448,1.16391e-07,1
phnode_full,43,93,0.0275418,0.0175799,1.16333e-07,1
phnode_full,43,94,0.0179194,0.0293295,1.16333e-07,1
phnode_full,43,95,0.0216111,0.0476765,1.16348e-07,1
phnode_full,43,96,0.0247266,0.030044,1.16293e-07,1
phnode_full,43,97,0.0277502,0.0364265,1.16213e-07,1
phnode_full,43,98,0.0237991,0.0138487,1.1632e-07,1
phnode_full,43,99,0.0153527,0.0174214,1.16708e-07,1
phnode_full,43,100,0.0168954,0.0191579,1.1654e-07,1
phnode_full,43,101,0.0273864,0.0260188,1.16311e-07,1
phnode_full,43,102,0.0148248,0.011858,1.16207e-07,1
phnode_full,43,103,0.0108624,0.0136211,1.16494e-07,1
phnode_full,43,104,0.0101827,0.0108351,1.16586e-07,1
phnode_full,43,105,0.00959807,0.00977471,1.16598e-07,1
phnode_full,43,106,0.00928006,0.0114153,1.1648e-07,1
phnode_full,43,107,0.00959197,0.0236471,1.16629e-07,1
phnode_full,43,108,0.0174127,0.0144337,1.16534e-07,1
phnode_full,43,109,0.0189447,0.0259738,1.1634e-07,1
phnode_full,43,110,0.0164351,0.0133484,1.16367e-07,1
phnode_full,43,111,0.0145399,0.0104008,1.16588e-07,1
phnode_full,43,112,0.0134143,0.0141534,1.167e-07,1
phnode_full,43,113,0.0114365,0.0148388,1.16647e-07,1
phnode_full,43,114,0.012761,0.0161844,1.16632e-07,1
phnode_full,43,115,0.0110543,0.00885583,1.1644e-07,1
phnode_full,43,116,0.0118661,0.0113856,1.16637e-07,1
phnode_full,43,117,0.0107442,0.0109569,1.16558e-07,1
phnode_full,43,118,0.00908065,0.00956864,1.16558e-07,1
phnode_full,43,119,0.0147498,0.0103048,1.16627e-07,1
phnode_full,43,120,0.0111905,0.00787152,1.1643e-07,1
phnode_full,43,121,0.00788154,0.00775282,1.16643e-07,1
phnode_full,43,122,0.00773653,0.00838391,1.16656e-07,1
phnode_full,43,123,0.00759478,0.0103315,1.16741e-07,1
phnode_full,43,124,0.0217154,0.0126764,1.16694e-07,1
phnode_full,43,125,0.0122184,0.00845195,1.163e-07,1
phnode_full,43,126,0.00764206,0.00833159,1.16571e-07,1
phnode_full,43,127,0.00712754,0.00820227,1.16423e-07,1
phnode_full,43,128,0.00688391,0.00820941,1.16599e-07,1
phnode_full,43,129,0.00891725,0.00628938,1.16688e-07,1
phnode_full,43,130,0.00859469,0.00848169,1.16553e-07,1
phnode_full,43,131,0.00941872,0.00927117,1.16543e-07,1
phnode_full,43,132,0.00915603,0.0123643,1.16501e-07,1
phnode_full,43,133,0.0171283,0.0153072,1.16543e-07,1
phnode_full,43,134,0.00938682,0.00624671,1.16259e-07,1
phnode_full,43,135,0.0103205,0.00940064,1.16622e-07,1
phnode_full,43,136,0.00775291,0.00791471,1.1661e-07,1
phnode_full,43,137,0.00642304,0.00722339,1.16726e-07,1
phnode_full,43,138,0.00609407,0.00673793,1.16645e-07,1
phnode_full,43,139,0.00595459,0.00663745,1.16652e-07,1
phnode_full,43,140,0.00589489,0.00663022,1.16635e-07,1
phnode_full,43,141,0.00586203,0.00603784,1.16692e-07,1
phnode_full,43,142,0.00669008,0.00642223,1.16864e-07,1
phnode_full,43,143,0.0110939,0.0102303,1.16375e-07,1
phnode_full,43,144,0.00998688,0.00626933,1.16548e-07,1
phnode_full,43,145,0.00998636,0.00658798,1.16339e-07,1
phnode_full,43,146,0.00699178,0.00725504,1.1678e-07,1
phnode_full,43,147,0.0059089,0.00714546,1.16771e-07,1
phnode_full,43,148,0.00589785,0.00592937,1.16835e-07,1
phnode_full,43,149,0.00604083,0.0172039,1.16745e-07,1
phnode_full,43,150,0.0085803,0.0126733,1.16661e-07,1
phnode_full,43,151,0.0081132,0.00816361,1.16675e-07,1
phnode_full,43,152,0.00694972,0.0057565,1.16802e-07,1
phnode_full,43,153,0.00654832,0.0101975,1.16814e-07,1
phnode_full,43,154,0.00642515,0.00691829,1.16762e-07,1
phnode_full,43,155,0.00634091,0.00576972,1.16748e-07,1
phnode_full,43,156,0.00621607,0.00863705,1.16803e-07,1
phnode_full,43,157,0.00611383,0.00678888,1.16807e-07,1
phnode_full,43,158,0.0060946,0.0062227,1.16783e-07,1
phnode_full,43,159,0.00588487,0.00774412,1.16894e-07,1
phnode_full,43,160,0.00592988,0.00607138,1.16674e-07,1
phnode_full,43,161,0.00579961,0.00510752,1.16939e-07,1
phnode_full,43,162,0.00643048,0.00751703,1.16924e-07,1
phnode_full,43,163,0.00563422,0.00747034,1.16878e-07,1
phnode_full,43,164,0.00592714,0.00577213,1.16916e-07,1
phnode_full,43,165,0.00551035,0.00957725,1.16774e-07,1
phnode_full,43,166,0.00706739,0.00633186,1.1689e-07,1
phnode_full,43,167,0.00663814,0.00882426,1.16733e-07,1
phnode_full,43,168,0.00627022,0.00702376,1.16807e-07,1
phnode_full,43,169,0.0054666,0.00538901,1.16781e-07,1
phnode_full,43,170,0.00515537,0.00535065,1.16858e-07,1
phnode_full,43,171,0.0048517,0.00506487,1.16942e-07,1
phnode_full,43,172,0.00464303,0.00504587,1.16877e-07,1
phnode_full,43,173,0.00454852,0.004636,1.16966e-07,1
phnode_full,43,174,0.00451605,0.00475617,1.16927e-07,1
phnode_full,43,175,0.00453875,0.00496021,1.1688e-07,1
phnode_full,43,176,0.00446893,0.00464378,1.16987e-07,1
phnode_full,43,177,0.00446617,0.0046257,1.16892e-07,1
phnode_full,43,178,0.00449676,0.00453386,1.1689e-07,1
phnode_full,43,179,0.00452712,0.00465538,1.17041e-07,1
phnode_full,43,180,0.00457017,0.00477437,1.16902e-07,1
phnode_full,43,181,0.00437195,0.00446118,1.16802e-07,1
phnode_full,43,182,0.00429296,0.00450786,1.1683e-07,1
phnode_full,43,183,0.00428975,0.0044812,1.16991e-07,1
phnode_full,43,184,0.00426549,0.00442999,1.16951e-07,1
phnode_full,43,185,0.00442133,0.0051849,1.16953e-07,1
phnode_full,43,186,0.00541771,0.00554709,1.1677e-07,1
phnode_full,43,187,0.0049698,0.00460631,1.17068e-07,1
phnode_full,43,188,0.00477481,0.00509589,1.1697e-07,1
phnode_full,43,189,0.00459403,0.00483868,1.17044e-07,1
phnode_full,43,190,0.00430074,0.00448612,1.16836e-07,1
phnode_full,43,191,0.00425784,0.00446667,1.16785e-07,1
phnode_full,43,192,0.00421051,0.0044135,1.16709e-07,1
phnode_full,43,193,0.00418496,0.00435562,1.16749e-07,1
phnode_full,43,194,0.00418829,0.00441437,1.16974e-07,1
phnode_full,43,195,0.0041789,0.00435394,1.1703e-07,1
phnode_full,43,196,0.00416994,0.0043598,1.16908e-07,1
phnode_full,43,197,0.00416552,0.00430332,1.16746e-07,1
phnode_full,43,198,0.0041506,0.00436093,1.16889e-07,1
phnode_full,43,199,0.00415725,0.00433533,1.16862e-07,1
phnode_full,43,200,0.0041487,0.00433178,1.16863e-07,1
phnode_full,43,201,0.0041203,0.00430092,1.16892e-07,1
phnode_full,43,202,0.00411944,0.00429291,1.17132e-07,1
phnode_full,43,203,0.00411395,0.00427986,1.17009e-07,1
phnode_full,43,204,0.00410965,0.00427441,1.16985e-07,1
phnode_full,43,205,0.00410755,0.00429181,1.16838e-07,1
phnode_full,43,206,0.00410137,0.00426322,1.16807e-07,1
phnode_full,43,207,0.00409586,0.00431378,1.17156e-07,1
phnode_full,43,208,0.00409772,0.00431009,1.17019e-07,1
phnode_full,43,209,0.00409124,0.00430384,1.16915e-07,1
phnode_full,43,210,0.004073,0.00424901,1.16786e-07,1
phnode_full,43,211,0.00406354,0.00421848,1.16928e-07,1
phnode_full,43,212,0.00406395,0.00422658,1.17167e-07,1
phnode_full,43,213,0.00406334,0.00423736,1.16903e-07,1
phnode_full,43,214,0.00406491,0.00421928,1.16776e-07,1
phnode_full,43,215,0.00405514,0.00422391,1.16918e-07,1
phnode_full,43,216,0.0040592,0.00423503,1.17087e-07,1
phnode_full,43,217,0.00405112,0.00422766,1.16907e-07,1
phnode_full,43,218,0.00404893,0.00421418,1.17082e-07,1
phnode_full,43,219,0.00403818,0.00421825,1.16933e-07,1
phnode_full,43,220,0.00403808,0.00421449,1.1696e-07,1
phnode_full,43,221,0.00403485,0.00421146,1.16992e-07,1
phnode_full,43,222,0.00402675,0.00420601,1.16991e-07,1
phnode_full,43,223,0.00403023,0.00420009,1.16998e-07,1
phnode_full,43,224,0.00402481,0.00418808,1.16988e-07,1
phnode_full,43,225,0.00402604,0.00419505,1.1681e-07,1
phnode_full,43,226,0.00402285,0.00419859,1.17071e-07,1
phnode_full,43,227,0.00402218,0.0041996,1.17114e-07,1
phnode_full,43,228,0.00401683,0.00418397,1.17171e-07,1
phnode_full,43,229,0.00401013,0.00417969,1.16841e-07,1
phnode_full,43,230,0.00401258,0.00417965,1.16881e-07,1
phnode_full,43,231,0.00401204,0.00418635,1.17091e-07,1
phnode_full,43,232,0.00400859,0.00417373,1.17122e-07,1
phnode_full,43,233,0.00400995,0.00417718,1.16895e-07,1
phnode_full,43,234,0.00400903,0.00416549,1.17039e-07,1
phnode_full,43,235,0.00400855,0.00417234,1.16951e-07,1
phnode_full,43,236,0.00400213,0.00417447,1.16989e-07,1
phnode_full,43,237,0.00400931,0.00418007,1.17052e-07,1
phnode_full,43,238,0.00400194,0.00416185,1.16997e-07,1
phnode_full,43,239,0.00399639,0.00416461,1.17069e-07,1
phnode_full,43,240,0.00400647,0.00418793,1.17024e-07,1
phnode_full,43,241,0.00400053,0.00416264,1.16954e-07,1
phnode_full,43,242,0.0039957,0.00416387,1.17042e-07,1
phnode_full,43,243,0.00399383,0.00415887,1.17035e-07,1
phnode_full,43,244,0.00399528,0.00415699,1.16939e-07,1
phnode_full,43,245,0.00399197,0.00416007,1.17174e-07,1
phnode_full,43,246,0.0039866,0.00416589,1.17193e-07,1
phnode_full,43,247,0.00398824,0.00415475,1.17041e-07,1
phnode_full,43,248,0.00399185,0.00415558,1.16971e-07,1
phnode_full,43,249,0.00399081,0.00416158,1.1704e-07,1
phnode_full,43,250,0.00398758,0.00416228,1.17214e-07,1
phnode_full,44,1,4.40509,5.17752,1.26148e-07,1
phnode_full,44,2,3.61937,4.38505,1.19221e-07,1
phnode_full,44,3,2.97502,3.29135,1.16165e-07,1
phnode_full,44,4,2.24299,2.14532,1.1441e-07,1
phnode_full,44,5,1.256,1.03996,1.13849e-07,1
phnode_full,44,6,0.763596,0.709575,1.14949e-07,1
phnode_full,44,7,0.494214,0.988955,1.13606e-07,1
phnode_full,44,8,2.42189,1.56554,1.32542e-07,1
phnode_full,44,9,1.06188,0.862063,3.16475e-07,1
phnode_full,44,10,0.824384,0.694908,1.27292e-07,1
phnode_full,44,11,0.494194,0.338267,1.22744e-07,1
phnode_full,44,12,0.428301,0.442848,1.17066e-07,1
phnode_full,44,13,0.411273,0.41831,1.17901e-07,1
phnode_full,44,14,0.396893,0.335377,1.19547e-07,1
phnode_full,44,15,0.393038,0.682728,1.2009e-07,1
phnode_full,44,16,0.505926,0.56984,1.80491e-07,1
phnode_full,44,17,0.433617,0.509195,1.22852e-07,1
phnode_full,44,18,0.309791,0.406968,1.16977e-07,1
phnode_full,44,19,0.52741,0.403395,1.18737e-07,1
phnode_full,44,20,0.287287,0.303981,1.17908e-07,1
phnode_full,44,21,0.221803,2.13691,1.15015e-07,1
phnode_full,44,22,1.18129,0.621466,5.02243e-07,1
phnode_full,44,23,0.84875,1.0787,2.51741e-07,1
phnode_full,44,24,4.05099,6.61992,9.33359e-06,1
phnode_full,44,25,1.62127,0.401663,1.73693e-07,1
phnode_full,44,26,0.418301,0.615485,1.17077e-07,1
phnode_full,44,27,0.281636,0.173199,1.13906e-07,1
phnode_full,44,28,0.333035,0.631341,1.15227e-07,1
phnode_full,44,29,0.531424,0.58114,1.17548e-07,1
phnode_full,44,30,0.343325,0.235686,1.13509e-07,1
phnode_full,44,31,0.365037,0.363618,1.1361e-07,1
phnode_full,44,32,0.228702,0.204892,1.13632e-07,1
phnode_full,44,33,0.223474,0.376649,1.13946e-07,1
phnode_full,44,34,0.269423,0.211155,1.13901e-07,1
phnode_full,44,35,0.218069,0.897283,1.1373e-07,1
phnode_full,44,36,0.423152,0.621188,1.14154e-07,1
phnode_full,44,37,0.678788,0.417649,1.13793e-07,1
phnode_full,44,38,0.320055,0.253054,1.13247e-07,1
phnode_full,44,39,0.235563,0.311052,1.13329e-07,1
phnode_full,44,40,0.23874,0.18934,1.13839e-07,1
phnode_full,44,41,0.250462,0.256725,1.13748e-07,1
phnode_full,44,42,0.285869,0.272744,1.1322e-07,1
phnode_full,44,43,0.265301,0.400166,1.13744e-07,1
phnode_full,44,44,0.67472,0.501588,1.14894e-07,1
phnode_full,44,45,0.426253,0.301847,1.14382e-07,1
phnode_full,44,46,0.27251,0.237048,1.13459e-07,1
phnode_full,44,47,0.22158,0.202609,1.13377e-07,1
phnode_full,44,48,0.187955,0.156567,1.13957e-07,1
phnode_full,44,49,0.253663,0.267978,1.14194e-07,1
phnode_full,44,50,0.699514,0.610842,1.16926e-07,1
phnode_full,44,51,0.351101,0.262388,1.14992e-07,1
phnode_full,44,52,0.244186,0.218802,1.13465e-07,1
phnode_full,44,53,0.190828,0.177517,1.13673e-07,1
phnode_full,44,54,0.160171,0.218885,1.14316e-07,1
phnode_full,44,55,0.206938,0.191323,1.1467e-07,1
phnode_full,44,56,0.155295,0.123612,1.14076e-07,1
phnode_full,44,57,0.231634,0.327037,1.14754e-07,1
phnode_full,44,58,0.304253,0.26808,1.14455e-07,1
phnode_full,44,59,0.248813,0.232215,1.14083e-07,1
phnode_full,44,60,0.189269,0.216907,1.14111e-07,1
phnode_full,44,61,0.165664,0.211966,1.14447e-07,1
phnode_full,44,62,0.143849,0.128829,1.14739e-07,1
phnode_full,44,63,0.113932,0.090894,1.14946e-07,1
phnode_full,44,64,0.113965,0.203305,1.15765e-07,1
phnode_full,44,65,0.121852,0.0855837,1.15617e-07,1
phnode_full,44,66,0.0793555,0.0754229,1.15894e-07,1
phnode_full,44,67,0.0862851,0.0744915,1.15794e-07,1
phnode_full,44,68,0.0757952,0.0725303,1.15579e-07,1
phnode_full,44,69,0.112595,0.0748748,1.15778e-07,1
phnode_full,44,70,0.0928637,0.0892475,1.15453e-07,1
phnode_full,44,71,0.0681845,0.0651939,1.15705e-07,1
phnode_full,44,72,0.0735218,0.0750267,1.15519e-07,1
phnode_full,44,73,0.0792539,0.245423,1.15637e-07,1
phnode_full,44,74,0.120633,0.0839699,1.15953e-07,1
phnode_full,44,75,0.066113,0.207606,1.15691e-07,1
phnode_full,44,76,0.107204,0.112696,1.16224e-07,1
phnode_full,44,77,0.125943,0.117854,1.15737e-07,1
phnode_full,44,78,0.0759185,0.0599465,1.156e-07,1
phnode_full,44,79,0.0660097,0.0461017,1.15967e-07,1
phnode_full,44,80,0.0477538,0.0415879,1.15908e-07,1
phnode_full,44,81,0.0422955,0.0503037,1.15858e-07,1
phnode_full,44,82,0.0658627,0.0973948,1.16002e-07,1
phnode_full,44,83,0.0567398,0.043101,1.15667e-07,1
phnode_full,44,84,0.0412837,0.0467152,1.15903e-07,1
phnode_full,44,85,0.0407803,0.0572582,1.15766e-07,1
phnode_full,44,86,0.0477416,0.0644388,1.15628e-07,1
phnode_full,44,87,0.0474138,0.0430332,1.15633e-07,1
phnode_full,44,88,0.0352362,0.0308235,1.15409e-07,1
phnode_full,44,89,0.032534,0.0338113,1.15544e-07,1
phnode_full,44,90,0.027098,0.0286452,1.15726e-07,1
phnode_full,44,91,0.0339507,0.085819,1.15557e-07,1
phnode_full,44,92,0.0470835,0.0317348,1.15718e-07,1
phnode_full,44,93,0.0285644,0.0313331,1.15921e-07,1
phnode_full,44,94,0.0206831,0.0549973,1.15803e-07,1
phnode_full,44,95,0.0309457,0.0352799,1.16154e-07,1
phnode_full,44,96,0.0223199,0.0303869,1.16124e-07,1
phnode_full,44,97,0.0186367,0.0320934,1.16133e-07,1
phnode_full,44,98,0.0188255,0.0138611,1.16136e-07,1
phnode_full,44,99,0.018431,0.0224413,1.16478e-07,1
phnode_full,44,100,0.023947,0.0120303,1.16364e-07,1
phnode_full,44,101,0.0296849,0.0331298,1.16338e-07,1
phnode_full,44,102,0.0429015,0.0194651,1.16076e-07,1
phnode_full,44,103,0.0185695,0.0109112,1.16195e-07,1
phnode_full,44,104,0.0146596,0.0193905,1.16354e-07,1
phnode_full,44,105,0.0164075,0.0131211,1.16359e-07,1
phnode_full,44,106,0.0170545,0.00934683,1.16379e-07,1
phnode_full,44,107,0.0151766,0.0101059,1.16358e-07,1
phnode_full,44,108,0.0114514,0.00972918,1.16471e-07,1
phnode_full,44,109,0.0146851,0.0203657,1.16275e-07,1
phnode_full,44,110,0.0148603,0.0190508,1.16362e-07,1
phnode_full,44,111,0.0145031,0.0113465,1.1623e-07,1
phnode_full,44,112,0.0129906,0.0106865,1.16248e-07,1
phnode_full,44,113,0.0115498,0.00932902,1.16446e-07,1
phnode_full,44,114,0.00838543,0.00835742,1.16405e-07,1
phnode_full,44,115,0.00768438,0.00895704,1.16626e-07,1
phnode_full,44,116,0.00723897,0.00706051,1.16769e-07,1
phnode_full,44,117,0.00703973,0.00777305,1.16535e-07,1
phnode_full,44,118,0.010545,0.0161248,1.1654e-07,1
phnode_full,44,119,0.0132132,0.0107866,1.16551e-07,1
phnode_full,44,120,0.0119817,0.0151045,1.16247e-07,1
phnode_full,44,121,0.0117622,0.00866906,1.16511e-07,1
phnode_full,44,122,0.0104364,0.00981624,1.16409e-07,1
phnode_full,44,123,0.00881167,0.0066246,1.16551e-07,1
phnode_full,44,124,0.00831103,0.0111805,1.16747e-07,1
phnode_full,44,125,0.00784927,0.00931456,1.166e-07,1
phnode_full,44,126,0.00774337,0.00653511,1.16516e-07,1
phnode_full,44,127,0.00698899,0.0181039,1.1656e-07,1
phnode_full,44,128,0.00899373,0.00963304,1.16466e-07,1
phnode_full,44,129,0.00965954,0.00800094,1.16644e-07,1
phnode_full,44,130,0.0101501,0.0103075,1.16623e-07,1
phnode_full,44,131,0.00980925,0.00979549,1.16428e-07,1
phnode_full,44,132,0.00991067,0.0111715,1.1657e-07,1
phnode_full,44,133,0.00964394,0.00933939,1.1662e-07,1
phnode_full,44,134,0.00919133,0.00979515,1.16433e-07,1
phnode_full,44,135,0.00808855,0.0082531,1.16571e-07,1
phnode_full,44,136,0.00633719,0.0060333,1.16655e-07,1
phnode_full,44,137,0.00612751,0.0062303,1.16853e-07,1
phnode_full,44,138,0.0081646,0.0318561,1.16739e-07,1
phnode_full,44,139,0.00990396,0.0113903,1.16693e-07,1
phnode_full,44,140,0.00689677,0.00602698,1.16635e-07,1
phnode_full,44,141,0.00795569,0.0078045,1.1672e-07,1
phnode_full,44,142,0.00718258,0.0066697,1.16761e-07,1
phnode_full,44,143,0.00702682,0.00708426,1.16696e-07,1
phnode_full,44,144,0.00752097,0.00744229,1.16616e-07,1
phnode_full,44,145,0.00756044,0.00709139,1.16632e-07,1
phnode_full,44,146,0.00717413,0.00759031,1.16728e-07,1
phnode_full,44,147,0.00685636,0.00817279,1.16687e-07,1
phnode_full,44,148,0.00662884,0.0111184,1.16633e-07,1
phnode_full,44,149,0.0061032,0.00522273,1.16633e-07,1
phnode_full,44,150,0.00493529,0.00528073,1.16897e-07,1
phnode_full,44,151,0.00484749,0.00498858,1.16789e-07,1
phnode_full,44,152,0.00486826,0.00494234,1.1675e-07,1
phnode_full,44,153,0.0047508,0.00497405,1.16743e-07,1
phnode_full,44,154,0.0047329,0.00500914,1.16678e-07,1
phnode_full,44,155,0.00476145,0.00486377,1.16916e-07,1
phnode_full,44,156,0.00481948,0.00516013,1.16696e-07,1
phnode_full,44,157,0.00470467,0.00478456,1.16805e-07,1
phnode_full,44,158,0.0051897,0.0138594,1.16756e-07,1
phnode_full,44,159,0.00593258,0.00491594,1.16813e-07,1
phnode_full,44,160,0.00527569,0.00531473,1.16843e-07,1
phnode_full,44,161,0.00538628,0.00504539,1.17035e-07,1
phnode_full,44,162,0.00477339,0.00500493,1.1688e-07,1
phnode_full,44,163,0.00464952,0.00477935,1.16761e-07,1
phnode_full,44,164,0.00448439,0.00476314,1.16783e-07,1
phnode_full,44,165,0.00451041,0.00478057,1.16863e-07,1
phnode_full,44,166,0.00451311,0.00473384,1.16897e-07,1
phnode_full,44,167,0.00444672,0.00467062,1.16818e-07,1
phnode_full,44,168,0.00451216,0.00495742,1.16906e-07,1
phnode_full,44,169,0.00445199,0.00460359,1.17102e-07,1
phnode_full,44,170,0.00439281,0.0046167,1.16846e-07,1
phnode_full,44,171,0.0044093,0.00451475,1.16739e-07,1
phnode_full,44,172,0.00437357,0.00464629,1.16951e-07,1
phnode_full,44,173,0.00441414,0.00470466,1.16953e-07,1
phnode_full,44,174,0.00437093,0.00460551,1.16966e-07,1
phnode_full,44,175,0.00436255,0.00450298,1.16881e-07,1
phnode_full,44,176,0.00431606,0.00453135,1.16983e-07,1
phnode_full,44,177,0.00427774,0.00454986,1.17044e-07,1
phnode_full,44,178,0.00429903,0.00446964,1.16857e-07,1
phnode_full,44,179,0.00428519,0.00442696,1.16876e-07,1
phnode_full,44,180,0.00426649,0.00449082,1.16964e-07,1
phnode_full,44,181,0.00425766,0.00440989,1.17074e-07,1
phnode_full,44,182,0.00422703,0.00446635,1.16987e-07,1
phnode_full,44,183,0.00423691,0.00445202,1.16805e-07,1
phnode_full,44,184,0.0042333,0.00441647,1.16966e-07,1
phnode_full,44,185,0.0042323,0.00439376,1.16971e-07,1
phnode_full,44,186,0.004219,0.00439194,1.16777e-07,1
phnode_full,44,187,0.00418968,0.00438493,1.1687e-07,1
phnode_full,44,188,0.00419606,0.0043722,1.17115e-07,1
phnode_full,44,189,0.00418282,0.00443023,1.17062e-07,1
phnode_full,44,190,0.00419598,0.00448148,1.1699e-07,1
phnode_full,44,191,0.00419792,0.00436776,1.16807e-07,1
phnode_full,44,192,0.00417188,0.00436155,1.1698e-07,1
phnode_full,44,193,0.00417093,0.00434277,1.169e-07,1
phnode_full,44,194,0.00415574,0.00435555,1.16917e-07,1
phnode_full,44,195,0.00415975,0.00439528,1.1712e-07,1
phnode_full,44,196,0.00418037,0.00437845,1.16933e-07,1
phnode_full,44,197,0.00416274,0.00436159,1.16883e-07,1
phnode_full,44,198,0.00413577,0.00432317,1.17121e-07,1
phnode_full,44,199,0.00413333,0.00433381,1.16955e-07,1
phnode_full,44,200,0.00413866,0.00433493,1.1681e-07,1
phnode_full,44,201,0.00414077,0.00433053,1.17066e-07,1
phnode_full,44,202,0.00412349,0.00429615,1.17175e-07,1
phnode_full,44,203,0.0041256,0.00428689,1.17058e-07,1
phnode_full,44,204,0.00411613,0.00432786,1.16778e-07,1
phnode_full,44,205,0.00410546,0.00430831,1.16832e-07,1
phnode_full,44,206,0.00410617,0.00427961,1.16954e-07,1
phnode_full,44,207,0.00411214,0.00428496,1.17035e-07,1
phnode_full,44,208,0.00409145,0.0043089,1.17033e-07,1
phnode_full,44,209,0.00409862,0.00427686,1.16844e-07,1
phnode_full,44,210,0.00409046,0.00427346,1.17057e-07,1
phnode_full,44,211,0.00409421,0.00431535,1.16908e-07,1
phnode_full,44,212,0.00408036,0.00427189,1.17095e-07,1
phnode_full,44,213,0.00407396,0.00425669,1.17095e-07,1
phnode_full,44,214,0.00407096,0.00425811,1.17074e-07,1
phnode_full,44,215,0.00407315,0.00427859,1.17139e-07,1
phnode_full,44,216,0.00408102,0.00428058,1.16981e-07,1
phnode_full,44,217,0.00406778,0.00424309,1.17133e-07,1
phnode_full,44,218,0.00406195,0.00424881,1.17016e-07,1
phnode_full,44,219,0.00406024,0.00426267,1.17121e-07,1
phnode_full,44,220,0.00406642,0.00428377,1.17151e-07,1
phnode_full,44,221,0.00406387,0.00424492,1.16909e-07,1
phnode_full,44,222,0.00405885,0.00423859,1.17026e-07,1
phnode_full,44,223,0.00405678,0.00423925,1.17017e-07,1
phnode_full,44,224,0.00405729,0.00423327,1.16997e-07,1
phnode_full,44,225,0.00405129,0.00424699,1.16973e-07,1
phnode_full,44,226,0.00405212,0.00423624,1.17153e-07,1
phnode_full,44,227,0.0040526,0.00423045,1.1712e-07,1
phnode_full,44,228,0.00404955,0.00422931,1.16909e-07,1
phnode_full,44,229,0.00404708,0.00422282,1.17047e-07,1
phnode_full,44,230,0.0040411,0.00422762,1.17021e-07,1
phnode_full,44,231,0.00404274,0.00423011,1.16926e-07,1
phnode_full,44,232,0.00404394,0.0042277,1.16919e-07,1
phnode_full,44,233,0.00403695,0.00422839,1.16951e-07,1
phnode_full,44,234,0.00403648,0.00421836,1.16917e-07,1
phnode_full,44,235,0.00404306,0.00421971,1.17137e-07,1
phnode_full,44,236,0.00403367,0.00421683,1.16814e-07,1
phnode_full,44,237,0.00403377,0.00421964,1.17099e-07,1
phnode_full,44,238,0.00403293,0.00421265,1.16926e-07,1
phnode_full,44,239,0.00403261,0.00421826,1.17221e-07,1
phnode_full,44,240,0.00403519,0.0042128,1.17064e-07,1
phnode_full,44,241,0.0040328,0.00422254,1.1705e-07,1
phnode_full,44,242,0.00403305,0.00420655,1.17148e-07,1
phnode_full,44,243,0.00403017,0.00420984,1.17036e-07,1
phnode_full,44,244,0.00403122,0.00421347,1.16984e-07,1
phnode_full,44,245,0.00402278,0.00420923,1.17069e-07,1
phnode_full,44,246,0.00402618,0.0042102,1.17082e-07,1
phnode_full,44,247,0.00402947,0.00421111,1.17043e-07,1
phnode_full,44,248,0.00402838,0.00420855,1.16894e-07,1
phnode_full,44,249,0.00402177,0.00420765,1.17044e-07,1
phnode_full,44,250,0.00402239,0.004207,1.17002e-07,1
phnode_full,45,1,4.34515,5.0786,1.25833e-07,1
phnode_full,45,2,3.65641,4.43308,1.18873e-07,1
phnode_full,45,3,3.09762,3.41599,1.16403e-07,1
phnode_full,45,4,2.09259,1.87604,1.16492e-07,1
phnode_full,45,5,1.03861,2.06059,1.44986e-07,1
phnode_full,45,6,0.885939,1.06724,1.1822e-07,1
phnode_full,45,7,1.02201,1.2432,1.18046e-07,1
phnode_full,45,8,0.981463,0.99617,1.19833e-07,1
phnode_full,45,9,1.22084,1.01885,1.13762e-07,1
phnode_full,45,10,0.83303,0.958861,1.14882e-07,1
phnode_full,45,11,0.725448,0.482808,1.16489e-07,1
phnode_full,45,12,1.2299,0.954314,1.30652e-07,1
phnode_full,45,13,0.632961,0.784716,1.377e-07,1
phnode_full,45,14,0.954715,0.557714,1.55415e-07,1
phnode_full,45,15,0.704066,0.456915,1.99091e-07,1
phnode_full,45,16,0.688154,1.06366,7.38354e-07,1
phnode_full,45,17,0.912581,0.836962,1.29642e-07,1
phnode_full,45,18,0.558164,0.533942,1.44238e-07,1
phnode_full,45,19,0.826504,0.524413,2.46316e-07,1
phnode_full,45,20,0.393909,0.51045,1.35407e-07,1
phnode_full,45,21,0.725609,1.34386,1.56528e-07,1
phnode_full,45,22,1.12108,0.57927,7.9445e-07,1
phnode_full,45,23,0.468374,0.247259,1.27169e-07,1
phnode_full,45,24,0.322398,0.36323,1.18399e-07,1
phnode_full,45,25,0.559215,0.960883,1.2444e-07,1
phnode_full,45,26,0.921685,1.36441,5.48474e-07,1
phnode_full,45,27,3.38944,2.91898,1.29397e-06,1
phnode_full,45,28,1.61351,2.13931,1.5185e-07,1
phnode_full,45,29,0.735259,0.399552,1.67024e-07,1
phnode_full,45,30,0.38003,0.744415,1.14903e-07,1
phnode_full,45,31,0.571349,0.503532,1.15695e-07,1
phnode_full,45,32,0.387204,0.24063,1.14985e-07,1
phnode_full,45,33,0.318094,0.239441,1.1442e-07,1
phnode_full,45,34,0.283702,0.248288,1.13712e-07,1
phnode_full,45,35,0.175187,0.165478,1.13573e-07,1
phnode_full,45,36,0.126495,0.132076,1.14535e-07,1
phnode_full,45,37,0.272036,0.335505,1.14601e-07,1
phnode_full,45,38,0.269456,0.213305,1.14146e-07,1
phnode_full,45,39,0.315063,0.285939,1.14666e-07,1
phnode_full,45,40,0.157378,0.123658,1.14168e-07,1
phnode_full,45,41,0.158865,0.15077,1.14502e-07,1
phnode_full,45,42,0.152337,0.110854,1.14586e-07,1
phnode_full,45,43,0.136887,0.110803,1.15089e-07,1
phnode_full,45,44,0.109305,0.175551,1.14906e-07,1
phnode_full,45,45,0.163674,0.128389,1.15309e-07,1
phnode_full,45,46,0.112667,0.0854521,1.15027e-07,1
phnode_full,45,47,0.126644,0.216235,1.15185e-07,1
phnode_full,45,48,0.156889,0.100928,1.14852e-07,1
phnode_full,45,49,0.198536,0.14484,1.14989e-07,1
phnode_full,45,50,0.106951,0.0961968,1.14795e-07,1
phnode_full,45,51,0.0732382,0.0902051,1.157e-07,1
phnode_full,45,52,0.0680217,0.0906406,1.15638e-07,1
phnode_full,45,53,0.0872065,0.0957619,1.15976e-07,1
phnode_full,45,54,0.0719026,0.0803545,1.15952e-07,1
phnode_full,45,55,0.0601203,0.0689855,1.16142e-07,1
phnode_full,45,56,0.0801313,0.0811596,1.16081e-07,1
phnode_full,45,57,0.0970827,0.0779001,1.15965e-07,1
phnode_full,45,58,0.0621272,0.0658196,1.15892e-07,1
phnode_full,45,59,0.0567987,0.0709288,1.16266e-07,1
phnode_full,45,60,0.0641198,0.0942352,1.15897e-07,1
phnode_full,45,61,0.0576399,0.0676602,1.16137e-07,1
phnode_full,45,62,0.0569665,0.0495314,1.1634e-07,1
phnode_full,45,63,0.0938862,0.0898643,1.16312e-07,1
phnode_full,45,64,0.0720806,0.0818839,1.15577e-07,1
phnode_full,45,65,0.0519696,0.0548468,1.15767e-07,1
phnode_full,45,66,0.0446576,0.0465193,1.16149e-07,1
phnode_full,45,67,0.0477278,0.0791256,1.16264e-07,1
phnode_full,45,68,0.0440204,0.0473375,1.15766e-07,1
phnode_full,45,69,0.0336871,0.0307261,1.15955e-07,1
phnode_full,45,70,0.0245705,0.0258557,1.16315e-07,1
phnode_full,45,71,0.0582145,0.0516958,1.16285e-07,1
phnode_full,45,72,0.0335002,0.036263,1.16001e-07,1
phnode_full,45,73,0.0387367,0.0353078,1.1696e-07,1
phnode_full,45,74,0.0341555,0.0350627,1.16492e-07,1
phnode_full,45,75,0.0321908,0.0210876,1.1654e-07,1
phnode_full,45,76,0.0301269,0.0216432,1.16487e-07,1
phnode_full,45,77,0.0517686,0.0416306,1.16402e-07,1
phnode_full,45,78,0.0380347,0.026373,1.1601e-07,1
phnode_full,45,79,0.0227083,0.0241406,1.1669e-07,1
phnode_full,45,80,0.0238297,0.0220358,1.16718e-07,1
phnode_full,45,81,0.0186127,0.0181941,1.1643e-07,1
phnode_full,45,82,0.0147361,0.0156385,1.16589e-07,1
phnode_full,45,83,0.0130662,0.0135536,1.16692e-07,1
phnode_full,45,84,0.0157085,0.0321043,1.16709e-07,1
phnode_full,45,85,0.0217362,0.0360184,1.1666e-07,1
phnode_full,45,86,0.0198979,0.019491,1.16472e-07,1
phnode_full,45,87,0.0155874,0.0154994,1.16638e-07,1
phnode_full,45,88,0.0181335,0.0132603,1.16599e-07,1
phnode_full,45,89,0.011238,0.0115664,1.1673e-07,1
phnode_full,45,90,0.0148744,0.0134218,1.16933e-07,1
phnode_full,45,91,0.0176543,0.0197316,1.16574e-07,1
phnode_full,45,92,0.0160386,0.0124763,1.16517e-07,1
phnode_full,45,93,0.0126542,0.0132316,1.16658e-07,1
phnode_full,45,94,0.0105978,0.010055,1.16894e-07,1
phnode_full,45,95,0.00918623,0.0101249,1.16731e-07,1
phnode_full,45,96,0.00875012,0.00870274,1.16886e-07,1
phnode_full,45,97,0.00841573,0.0108964,1.16812e-07,1
phnode_full,45,98,0.0102742,0.0124298,1.16699e-07,1
phnode_full,45,99,0.010236,0.0102982,1.16854e-07,1
phnode_full,45,100,0.0120534,0.0162466,1.16874e-07,1
phnode_full,45,101,0.0231589,0.0278773,1.1677e-07,1
phnode_full,45,102,0.0166511,0.0099486,1.16657e-07,1
phnode_full,45,103,0.0143627,0.0116802,1.16745e-07,1
phnode_full,45,104,0.013744,0.0103469,1.16806e-07,1
phnode_full,45,105,0.0116598,0.0154277,1.167e-07,1
phnode_full,45,106,0.0124906,0.0117942,1.16798e-07,1
phnode_full,45,107,0.0113658,0.0151338,1.16888e-07,1
phnode_full,45,108,0.0120932,0.0101658,1.16837e-07,1
phnode_full,45,109,0.00878273,0.0096264,1.16928e-07,1
phnode_full,45,110,0.0095572,0.00656785,1.1686e-07,1
phnode_full,45,111,0.0206411,0.0156164,1.16816e-07,1
phnode_full,45,112,0.0125886,0.0124029,1.16742e-07,1
phnode_full,45,113,0.0102898,0.0101901,1.16752e-07,1
phnode_full,45,114,0.012074,0.0102747,1.1684e-07,1
phnode_full,45,115,0.00992674,0.0103695,1.16678e-07,1
phnode_full,45,116,0.0104671,0.0104056,1.16807e-07,1
phnode_full,45,117,0.0117283,0.00901197,1.16971e-07,1
phnode_full,45,118,0.00753611,0.0094551,1.16926e-07,1
phnode_full,45,119,0.00691218,0.0120966,1.16909e-07,1
phnode_full,45,120,0.011313,0.00889627,1.16876e-07,1
phnode_full,45,121,0.00706659,0.0068194,1.16848e-07,1
phnode_full,45,122,0.00673692,0.00656402,1.1685e-07,1
phnode_full,45,123,0.00697919,0.0107629,1.16975e-07,1
phnode_full,45,124,0.00680312,0.00727261,1.17115e-07,1
phnode_full,45,125,0.0108418,0.0109791,1.16888e-07,1
phnode_full,45,126,0.0108524,0.00869113,1.16796e-07,1
phnode_full,45,127,0.0105615,0.00795058,1.16719e-07,1
phnode_full,45,128,0.009732,0.00853698,1.16628e-07,1
phnode_full,45,129,0.00748318,0.00679112,1.16583e-07,1
phnode_full,45,130,0.00645672,0.00771134,1.16786e-07,1
phnode_full,45,131,0.00683355,0.0110537,1.16636e-07,1
phnode_full,45,132,0.0104883,0.00741436,1.16891e-07,1
phnode_full,45,133,0.00818994,0.00936475,1.1696e-07,1
phnode_full,45,134,0.00735709,0.00882823,1.16828e-07,1
phnode_full,45,135,0.00880794,0.0120214,1.17068e-07,1
phnode_full,45,136,0.00868388,0.00874883,1.16929e-07,1
phnode_full,45,137,0.00780546,0.00594533,1.16808e-07,1
phnode_full,45,138,0.00651872,0.00707504,1.16645e-07,1
phnode_full,45,139,0.00662191,0.00644767,1.16949e-07,1
phnode_full,45,140,0.00577939,0.00631593,1.16905e-07,1
phnode_full,45,141,0.00588323,0.00679766,1.16965e-07,1
phnode_full,45,142,0.00564061,0.00635367,1.16971e-07,1
phnode_full,45,143,0.00559318,0.00587074,1.16806e-07,1
phnode_full,45,144,0.00552078,0.00522181,1.16816e-07,1
phnode_full,45,145,0.0053295,0.00546008,1.16948e-07,1
phnode_full,45,146,0.00685275,0.00950448,1.1691e-07,1
phnode_full,45,147,0.0068689,0.00633873,1.17056e-07,1
phnode_full,45,148,0.0078975,0.0109429,1.16891e-07,1
phnode_full,45,149,0.00751281,0.0090627,1.16988e-07,1
phnode_full,45,150,0.00639235,0.00596935,1.16881e-07,1
phnode_full,45,151,0.00633168,0.00686352,1.16997e-07,1
phnode_full,45,152,0.0061665,0.00614484,1.16974e-07,1
phnode_full,45,153,0.00536065,0.00496184,1.16901e-07,1
phnode_full,45,154,0.00508908,0.00515298,1.16929e-07,1
phnode_full,45,155,0.00505549,0.00514242,1.16953e-07,1
phnode_full,45,156,0.00498378,0.00528759,1.16916e-07,1
phnode_full,45,157,0.00489772,0.00543265,1.16851e-07,1
phnode_full,45,158,0.00485447,0.00531129,1.17083e-07,1
phnode_full,45,159,0.00484879,0.00534713,1.16926e-07,1
phnode_full,45,160,0.00482775,0.00482292,1.1691e-07,1
phnode_full,45,161,0.00490511,0.00519819,1.17066e-07,1
phnode_full,45,162,0.00458151,0.00592527,1.17087e-07,1
phnode_full,45,163,0.00479044,0.00530251,1.17012e-07,1
phnode_full,45,164,0.00548356,0.00684447,1.16992e-07,1
phnode_full,45,165,0.00588448,0.00533697,1.16818e-07,1
phnode_full,45,166,0.00495998,0.00471654,1.17076e-07,1
phnode_full,45,167,0.00464619,0.00545034,1.17037e-07,1
phnode_full,45,168,0.00468452,0.00532223,1.17133e-07,1
phnode_full,45,169,0.00457196,0.00526544,1.16932e-07,1
phnode_full,45,170,0.00453777,0.00494443,1.1686e-07,1
phnode_full,45,171,0.0044929,0.00484994,1.17077e-07,1
phnode_full,45,172,0.00500506,0.00530441,1.17027e-07,1
phnode_full,45,173,0.00493362,0.00698787,1.17226e-07,1
phnode_full,45,174,0.00478835,0.00483812,1.16957e-07,1
phnode_full,45,175,0.00431305,0.00449719,1.17105e-07,1
phnode_full,45,176,0.00416582,0.00433053,1.171e-07,1
phnode_full,45,177,0.00415917,0.00436097,1.17219e-07,1
phnode_full,45,178,0.00414984,0.00430794,1.17114e-07,1
phnode_full,45,179,0.00412166,0.00432776,1.1703e-07,1
phnode_full,45,180,0.00409948,0.00433583,1.17014e-07,1
phnode_full,45,181,0.00411086,0.00426128,1.1711e-07,1
phnode_full,45,182,0.00409339,0.00429365,1.17172e-07,1
phnode_full,45,183,0.00409005,0.00425268,1.16929e-07,1
phnode_full,45,184,0.00407314,0.00435129,1.17337e-07,1
phnode_full,45,185,0.00407748,0.00427206,1.17147e-07,1
phnode_full,45,186,0.00404628,0.00422779,1.17066e-07,1
phnode_full,45,187,0.00405773,0.00422151,1.17223e-07,1
phnode_full,45,188,0.00410306,0.00422127,1.1697e-07,1
phnode_full,45,189,0.00406718,0.0042593,1.17083e-07,1
phnode_full,45,190,0.00405086,0.00424324,1.16995e-07,1
phnode_full,45,191,0.00402842,0.00424098,1.16979e-07,1
phnode_full,45,192,0.00402228,0.00428361,1.16912e-07,1
phnode_full,45,193,0.00399859,0.0042239,1.16934e-07,1
phnode_full,45,194,0.0039796,0.00415259,1.17165e-07,1
phnode_full,45,195,0.00398548,0.00415424,1.16932e-07,1
phnode_full,45,196,0.00398277,0.00418698,1.17402e-07,1
phnode_full,45,197,0.00397634,0.00414937,1.1717e-07,1
phnode_full,45,198,0.00398965,0.00424214,1.16889e-07,1
phnode_full,45,199,0.00397937,0.00416248,1.16943e-07,1
phnode_full,45,200,0.003954,0.00416727,1.17201e-07,1
phnode_full,45,201,0.00397068,0.00414403,1.1721e-07,1
phnode_full,45,202,0.00395169,0.00410739,1.17206e-07,1
phnode_full,45,203,0.00393346,0.00412304,1.17092e-07,1
phnode_full,45,204,0.0039386,0.00411475,1.16897e-07,1
phnode_full,45,205,0.00394808,0.00412207,1.16912e-07,1
phnode_full,45,206,0.00393504,0.00412755,1.17151e-07,1
phnode_full,45,207,0.00393993,0.0041077,1.17089e-07,1
phnode_full,45,208,0.00392713,0.00414739,1.17052e-07,1
phnode_full,45,209,0.00392249,0.00413256,1.17181e-07,1
phnode_full,45,210,0.00391848,0.00409893,1.17252e-07,1
phnode_full,45,211,0.00392831,0.00410537,1.16993e-07,1
phnode_full,45,212,0.00392353,0.0040907,1.17154e-07,1
phnode_full,45,213,0.00390427,0.00409572,1.17072e-07,1
phnode_full,45,214,0.00390936,0.00409098,1.17156e-07,1
phnode_full,45,215,0.00390286,0.00407389,1.17007e-07,1
phnode_full,45,216,0.00389728,0.00407614,1.17111e-07,1
phnode_full,45,217,0.00390245,0.00406309,1.17182e-07,1
phnode_full,45,218,0.003901,0.00409797,1.17226e-07,1
phnode_full,45,219,0.00389456,0.00406446,1.1707e-07,1
phnode_full,45,220,0.00388631,0.00405719,1.17119e-07,1
phnode_full,45,221,0.00389038,0.00407654,1.17066e-07,1
phnode_full,45,222,0.00388665,0.00407585,1.1716e-07,1
phnode_full,45,223,0.00388936,0.00407251,1.17075e-07,1
phnode_full,45,224,0.00388941,0.0040671,1.17173e-07,1
phnode_full,45,225,0.00388112,0.00404182,1.17221e-07,1
phnode_full,45,226,0.00387512,0.0040547,1.17206e-07,1
phnode_full,45,227,0.003878,0.0040435,1.17304e-07,1
phnode_full,45,228,0.00388007,0.00407682,1.17193e-07,1
phnode_full,45,229,0.00387102,0.00404988,1.17201e-07,1
phnode_full,45,230,0.00387278,0.0040449,1.17261e-07,1
phnode_full,45,231,0.00387085,0.0040422,1.17193e-07,1
phnode_full,45,232,0.00386424,0.00405098,1.17053e-07,1
phnode_full,45,233,0.00386651,0.00404548,1.17012e-07,1
phnode_full,45,234,0.00386721,0.00404738,1.17075e-07,1
phnode_full,45,235,0.0038731,0.00403723,1.17101e-07,1
phnode_full,45,236,0.00386054,0.0040366,1.17463e-07,1
phnode_full,45,237,0.00387033,0.00403779,1.17157e-07,1
phnode_full,45,238,0.00386301,0.00402891,1.17124e-07,1
phnode_full,45,239,0.00385828,0.00403131,1.17238e-07,1
phnode_full,45,240,0.00386308,0.00403181,1.17072e-07,1
phnode_full,45,241,0.00386308,0.00403254,1.17075e-07,1
phnode_full,45,242,0.00386095,0.00404478,1.17112e-07,1
phnode_full,45,243,0.0038639,0.0040324,1.17045e-07,1
phnode_full,45,244,0.00386131,0.00402695,1.17164e-07,1
phnode_full,45,245,0.00385694,0.00404134,1.17359e-07,1
phnode_full,45,246,0.00385673,0.0040303,1.17242e-07,1
phnode_full,45,247,0.00385826,0.00402487,1.16991e-07,1
phnode_full,45,248,0.00385346,0.00402555,1.17115e-07,1
phnode_full,45,249,0.00385085,0.00402549,1.17124e-07,1
phnode_full,45,250,0.0038551,0.00403122,1.17263e-07,1
phnode_full,46,1,4.35724,5.04879,1.25866e-07,1
phnode_full,46,2,3.60333,4.39924,1.19065e-07,1
phnode_full,46,3,3.03228,3.40994,1.15924e-07,1
phnode_full,46,4,1.84823,1.38594,1.15877e-07,1
phnode_full,46,5,1.35984,1.16053,1.49078e-07,1
phnode_full,46,6,0.995242,0.766584,1.8553e-07,1
phnode_full,46,7,0.756299,0.86576,1.29555e-07,1
phnode_full,46,8,0.665759,0.769053,1.18092e-07,1
phnode_full,46,9,1.08899,0.965267,1.28427e-07,1
phnode_full,46,10,1.1387,1.01888,2.71217e-07,1
phnode_full,46,11,1.17383,0.788659,2.31086e-07,1
phnode_full,46,12,0.639894,0.474342,1.76081e-07,1
phnode_full,46,13,31.1739,1.59036,3.1251e-05,1
phnode_full,46,14,0.668583,0.779916,1.56249e-07,1
phnode_full,46,15,0.627178,0.606172,2.35183e-07,1
phnode_full,46,16,0.65194,1.07572,1.70056e-07,1
phnode_full,46,17,0.785776,0.81403,7.11735e-07,1
phnode_full,46,18,0.775647,0.564435,2.31031e-07,1
phnode_full,46,19,0.558582,0.412986,2.89988e-07,1
phnode_full,46,20,0.456229,0.768913,2.10421e-07,1
phnode_full,46,21,0.622191,0.644375,3.38718e-07,1
phnode_full,46,22,0.82744,0.681835,1.37305e-06,1
phnode_full,46,23,1.33048,0.801458,1.82841e-06,1
phnode_full,46,24,1.23227,1.51262,1.21095e-07,1
phnode_full,46,25,1.76705,5.68902,1.24135e-07,1
phnode_full,46,26,2.28855,0.701397,4.94792e-06,1
phnode_full,46,27,0.616075,1.13986,1.81026e-06,1
phnode_full,46,28,0.423253,1.26336,1.17815e-07,1
phnode_full,46,29,0.903271,0.746986,1.28088e-07,1
phnode_full,46,30,0.462009,0.37679,1.29659e-07,1
phnode_full,46,31,0.348568,0.672868,1.16796e-07,1
phnode_full,46,32,0.341246,1.36293,1.14473e-07,1
phnode_full,46,33,0.621879,0.372714,1.16853e-07,1
phnode_full,46,34,0.280746,0.2795,1.15205e-07,1
phnode_full,46,35,0.251398,0.503693,1.14499e-07,1
phnode_full,46,36,0.374438,0.421002,1.16018e-07,1
phnode_full,46,37,0.327862,0.59914,1.14943e-07,1
phnode_full,46,38,0.372654,0.194176,1.14779e-07,1
phnode_full,46,39,0.285601,0.156303,1.14302e-07,1
phnode_full,46,40,0.17593,0.192688,1.14169e-07,1
phnode_full,46,41,0.132146,0.113967,1.1426e-07,1
phnode_full,46,42,0.427181,0.304995,1.16025e-07,1
phnode_full,46,43,0.315234,0.176563,1.15407e-07,1
phnode_full,46,44,0.129647,0.121818,1.14072e-07,1
phnode_full,46,45,0.551667,0.336731,1.18149e-07,1
phnode_full,46,46,0.302252,0.185372,1.15584e-07,1
phnode_full,46,47,0.330181,0.277007,1.15158e-07,1
phnode_full,46,48,0.212529,0.175415,1.14373e-07,1
phnode_full,46,49,0.246137,0.206136,1.14081e-07,1
phnode_full,46,50,0.144191,0.105489,1.13636e-07,1
phnode_full,46,51,0.123622,0.155376,1.14401e-07,1
phnode_full,46,52,0.139841,0.11872,1.13996e-07,1
phnode_full,46,53,0.133991,0.14452,1.14621e-07,1
phnode_full,46,54,0.0979547,0.088285,1.15329e-07,1
phnode_full,46,55,0.105104,0.0851684,1.16621e-07,1
phnode_full,46,56,0.0718405,0.0660831,1.16357e-07,1
phnode_full,46,57,0.0834706,0.0952706,1.16121e-07,1
phnode_full,46,58,0.0834746,0.104914,1.16219e-07,1
phnode_full,46,59,0.0809638,0.0655637,1.15888e-07,1
phnode_full,46,60,0.0600979,0.0634657,1.16163e-07,1
phnode_full,46,61,0.0842371,0.0833587,1.15731e-07,1
phnode_full,46,62,0.0689678,0.0856387,1.15574e-07,1
phnode_full,46,63,0.0693819,0.0658979,1.15827e-07,1
phnode_full,46,64,0.0595114,0.0566347,1.15937e-07,1
phnode_full,46,65,0.0767799,0.0709742,1.16126e-07,1
phnode_full,46,66,0.0779443,0.0746977,1.15699e-07,1
phnode_full,46,67,0.0660303,0.116102,1.16047e-07,1
phnode_full,46,68,0.0694515,0.0714114,1.16009e-07,1
phnode_full,46,69,0.0782389,0.0830281,1.16e-07,1
phnode_full,46,70,0.0513911,0.0693228,1.15959e-07,1
phnode_full,46,71,0.0653087,0.134137,1.15946e-07,1
phnode_full,46,72,0.0679402,0.0557839,1.16003e-07,1
phnode_full,46,73,0.0609778,0.051289,1.16237e-07,1
phnode_full,46,74,0.0448571,0.0508534,1.15875e-07,1
phnode_full,46,75,0.0420207,0.042376,1.15924e-07,1
phnode_full,46,76,0.035365,0.0374386,1.15771e-07,1
phnode_full,46,77,0.035971,0.046384,1.15766e-07,1
phnode_full,46,78,0.0492323,0.0495087,1.1577e-07,1
phnode_full,46,79,0.0449467,0.0850438,1.15489e-07,1
phnode_full,46,80,0.046714,0.0588351,1.1574e-07,1
phnode_full,46,81,0.0418837,0.0452177,1.15464e-07,1
phnode_full,46,82,0.0371538,0.040796,1.15616e-07,1
phnode_full,46,83,0.0344295,0.0208472,1.15829e-07,1
phnode_full,46,84,0.0224116,0.0233194,1.15761e-07,1
phnode_full,46,85,0.0198024,0.0211811,1.16036e-07,1
phnode_full,46,86,0.0266524,0.0267815,1.16317e-07,1
phnode_full,46,87,0.023471,0.0249277,1.1616e-07,1
phnode_full,46,88,0.0168923,0.0158591,1.16388e-07,1
phnode_full,46,89,0.0211182,0.0284325,1.16479e-07,1
phnode_full,46,90,0.0137513,0.0138894,1.16335e-07,1
phnode_full,46,91,0.0126144,0.0114752,1.16509e-07,1
phnode_full,46,92,0.0208783,0.0412906,1.16428e-07,1
phnode_full,46,93,0.0133864,0.0515809,1.16505e-07,1
phnode_full,46,94,0.0172031,0.0284119,1.16601e-07,1
phnode_full,46,95,0.0247936,0.0191072,1.16535e-07,1
phnode_full,46,96,0.0115727,0.0105821,1.16675e-07,1
phnode_full,46,97,0.0106091,0.00967314,1.16671e-07,1
phnode_full,46,98,0.0151188,0.0227806,1.16592e-07,1
phnode_full,46,99,0.0110493,0.0246935,1.16481e-07,1
phnode_full,46,100,0.0318513,0.0184199,1.16649e-07,1
phnode_full,46,101,0.0132697,0.0127909,1.16607e-07,1
phnode_full,46,102,0.0159924,0.0128932,1.16491e-07,1
phnode_full,46,103,0.01576,0.016381,1.16448e-07,1
phnode_full,46,104,0.0153489,0.0129519,1.16257e-07,1
phnode_full,46,105,0.0150929,0.0125293,1.16261e-07,1
phnode_full,46,106,0.010699,0.0110913,1.16524e-07,1
phnode_full,46,107,0.0121744,0.0282468,1.16721e-07,1
phnode_full,46,108,0.0175818,0.00890073,1.16459e-07,1
phnode_full,46,109,0.00891763,0.00965745,1.16639e-07,1
phnode_full,46,110,0.00823015,0.00755016,1.16646e-07,1
phnode_full,46,111,0.00721111,0.00762666,1.16637e-07,1
phnode_full,46,112,0.00870883,0.0110435,1.16674e-07,1
phnode_full,46,113,0.0106171,0.0110708,1.16832e-07,1
phnode_full,46,114,0.00914108,0.0143278,1.16614e-07,1
phnode_full,46,115,0.00873517,0.0116855,1.16605e-07,1
phnode_full,46,116,0.0101961,0.0108655,1.16724e-07,1
phnode_full,46,117,0.0127017,0.012403,1.16594e-07,1
phnode_full,46,118,0.0118738,0.0178213,1.16545e-07,1
phnode_full,46,119,0.0159328,0.0152174,1.16636e-07,1
phnode_full,46,120,0.0131585,0.0145463,1.16575e-07,1
phnode_full,46,121,0.0116576,0.0141746,1.16381e-07,1
phnode_full,46,122,0.00850754,0.0107975,1.1673e-07,1
phnode_full,46,123,0.00776262,0.00808998,1.16442e-07,1
phnode_full,46,124,0.0096412,0.0113968,1.16671e-07,1
phnode_full,46,125,0.00943691,0.0105814,1.16446e-07,1
phnode_full,46,126,0.00914812,0.00845126,1.16602e-07,1
phnode_full,46,127,0.00924876,0.00823762,1.16559e-07,1
phnode_full,46,128,0.00912044,0.00930439,1.16808e-07,1
phnode_full,46,129,0.00849189,0.00909985,1.16622e-07,1
phnode_full,46,130,0.00661564,0.00641717,1.16685e-07,1
phnode_full,46,131,0.00628675,0.00678294,1.16649e-07,1
phnode_full,46,132,0.00687199,0.00669093,1.16763e-07,1
phnode_full,46,133,0.00599649,0.00623487,1.16736e-07,1
phnode_full,46,134,0.00607531,0.00545672,1.16723e-07,1
phnode_full,46,135,0.00660831,0.00821404,1.16766e-07,1
phnode_full,46,136,0.00747618,0.00760819,1.16831e-07,1
phnode_full,46,137,0.007313,0.00892594,1.16728e-07,1
phnode_full,46,138,0.00731468,0.00683556,1.16737e-07,1
phnode_full,46,139,0.00696254,0.00885871,1.16589e-07,1
phnode_full,46,140,0.00698577,0.00737682,1.16723e-07,1
phnode_full,46,141,0.00665739,0.00839184,1.1665e-07,1
phnode_full,46,142,0.00659261,0.00723592,1.1696e-07,1
phnode_full,46,143,0.0065073,0.00741985,1.16718e-07,1
phnode_full,46,144,0.0063811,0.00747054,1.16753e-07,1
phnode_full,46,145,0.0063336,0.00779685,1.16757e-07,1
phnode_full,46,146,0.00614502,0.00615342,1.16789e-07,1
phnode_full,46,147,0.00521308,0.00492423,1.16661e-07,1
phnode_full,46,148,0.00455797,0.0046719,1.16926e-07,1
phnode_full,46,149,0.00445365,0.00482668,1.16789e-07,1
phnode_full,46,150,0.00441742,0.00464756,1.16955e-07,1
phnode_full,46,151,0.00439782,0.0046334,1.16683e-07,1
phnode_full,46,152,0.00443946,0.00479531,1.16898e-07,1
phnode_full,46,153,0.00438607,0.00461483,1.17018e-07,1
phnode_full,46,154,0.00433276,0.00450153,1.16927e-07,1
phnode_full,46,155,0.00433264,0.00447792,1.17114e-07,1
phnode_full,46,156,0.00426355,0.00444181,1.1704e-07,1
phnode_full,46,157,0.00425639,0.00443325,1.17147e-07,1
phnode_full,46,158,0.00423808,0.00441152,1.16897e-07,1
phnode_full,46,159,0.00426358,0.00445689,1.17072e-07,1
phnode_full,46,160,0.00422074,0.00437235,1.17067e-07,1
phnode_full,46,161,0.00421915,0.00438406,1.17126e-07,1
phnode_full,46,162,0.00426617,0.00439263,1.17008e-07,1
phnode_full,46,163,0.00425164,0.00437089,1.17052e-07,1
phnode_full,46,164,0.0042078,0.00444489,1.16973e-07,1
phnode_full,46,165,0.00423446,0.00433552,1.17156e-07,1
phnode_full,46,166,0.00418517,0.00432885,1.17003e-07,1
phnode_full,46,167,0.00414497,0.00431947,1.16993e-07,1
phnode_full,46,168,0.00413158,0.00432418,1.17189e-07,1
phnode_full,46,169,0.00412454,0.00432025,1.17056e-07,1
phnode_full,46,170,0.00412471,0.00428851,1.17051e-07,1
phnode_full,46,171,0.00410946,0.00427128,1.16918e-07,1
phnode_full,46,172,0.00410698,0.00427048,1.1701e-07,1
phnode_full,46,173,0.00410392,0.00422991,1.17224e-07,1
phnode_full,46,174,0.0040845,0.0042358,1.1704e-07,1
phnode_full,46,175,0.00407343,0.00426636,1.17261e-07,1
phnode_full,46,176,0.00407996,0.00423765,1.17296e-07,1
phnode_full,46,177,0.00407669,0.00421319,1.1712e-07,1
phnode_full,46,178,0.00405754,0.00420738,1.17041e-07,1
phnode_full,46,179,0.00405977,0.00429097,1.172e-07,1
phnode_full,46,180,0.00412912,0.00427399,1.17116e-07,1
phnode_full,46,181,0.00410131,0.00421384,1.16958e-07,1
phnode_full,46,182,0.00409424,0.00424247,1.17195e-07,1
phnode_full,46,183,0.00405335,0.0041827,1.17386e-07,1
phnode_full,46,184,0.00402687,0.00419542,1.17079e-07,1
phnode_full,46,185,0.00403722,0.0042757,1.17005e-07,1
phnode_full,46,186,0.00402714,0.00418807,1.17155e-07,1
phnode_full,46,187,0.00401883,0.00416436,1.17226e-07,1
phnode_full,46,188,0.00403264,0.00417236,1.17062e-07,1
phnode_full,46,189,0.0040255,0.00420526,1.17214e-07,1
phnode_full,46,190,0.00401302,0.00414857,1.17119e-07,1
phnode_full,46,191,0.0040063,0.00413496,1.17117e-07,1
phnode_full,46,192,0.00399232,0.00413508,1.17182e-07,1
phnode_full,46,193,0.00397957,0.00414208,1.1738e-07,1
phnode_full,46,194,0.00399421,0.00417924,1.17396e-07,1
phnode_full,46,195,0.00397552,0.00413872,1.17081e-07,1
phnode_full,46,196,0.0039773,0.00413844,1.17178e-07,1
phnode_full,46,197,0.00397098,0.00414923,1.17129e-07,1
phnode_full,46,198,0.00397949,0.00413001,1.17164e-07,1
phnode_full,46,199,0.00397235,0.00410736,1.17134e-07,1
phnode_full,46,200,0.00397229,0.00413898,1.1719e-07,1
phnode_full,46,201,0.00396906,0.00411126,1.17295e-07,1
phnode_full,46,202,0.00396199,0.0041376,1.17232e-07,1
phnode_full,46,203,0.00396455,0.00410042,1.17367e-07,1
phnode_full,46,204,0.00395801,0.00410514,1.17282e-07,1
phnode_full,46,205,0.0039562,0.00411525,1.17013e-07,1
phnode_full,46,206,0.00397867,0.00412108,1.17274e-07,1
phnode_full,46,207,0.00395116,0.00409782,1.17446e-07,1
phnode_full,46,208,0.0039477,0.00409485,1.17306e-07,1
phnode_full,46,209,0.00394601,0.0041055,1.17182e-07,1
phnode_full,46,210,0.0039439,0.00410324,1.17336e-07,1
phnode_full,46,211,0.00395119,0.00409307,1.17101e-07,1
phnode_full,46,212,0.00395117,0.00409281,1.17177e-07,1
phnode_full,46,213,0.00393555,0.00408496,1.17319e-07,1
phnode_full,46,214,0.00393804,0.00409496,1.17067e-07,1
phnode_full,46,215,0.00393321,0.00408173,1.17257e-07,1
phnode_full,46,216,0.00393526,0.00408399,1.17304e-07,1
phnode_full,46,217,0.00393513,0.00412591,1.17211e-07,1
phnode_full,46,218,0.0039491,0.0041061,1.17238e-07,1
phnode_full,46,219,0.00393465,0.00406933,1.1707e-07,1
phnode_full,46,220,0.00392233,0.00407639,1.17134e-07,1
phnode_full,46,221,0.00392873,0.00406714,1.1748e-07,1
phnode_full,46,222,0.00391713,0.00406629,1.17307e-07,1
phnode_full,46,223,0.00391998,0.0040715,1.17166e-07,1
phnode_full,46,224,0.00391898,0.00407118,1.1739e-07,1
phnode_full,46,225,0.00391856,0.00407934,1.17141e-07,1
phnode_full,46,226,0.00392145,0.00406506,1.17264e-07,1
phnode_full,46,227,0.00391689,0.00406536,1.17271e-07,1
phnode_full,46,228,0.00391641,0.00407606,1.17258e-07,1
phnode_full,46,229,0.00391642,0.00405952,1.17347e-07,1
phnode_full,46,230,0.00391526,0.00406335,1.17185e-07,1
phnode_full,46,231,0.00391239,0.00405862,1.172e-07,1
phnode_full,46,232,0.0039136,0.0040589,1.17311e-07,1
phnode_full,46,233,0.00391372,0.00406359,1.17492e-07,1
phnode_full,46,234,0.00390784,0.00405639,1.17302e-07,1
phnode_full,46,235,0.00391478,0.00406077,1.17309e-07,1
phnode_full,46,236,0.00390969,0.00406096,1.17157e-07,1
phnode_full,46,237,0.00390943,0.00405493,1.17397e-07,1
phnode_full,46,238,0.00390982,0.00405325,1.17303e-07,1
phnode_full,46,239,0.00390911,0.0040615,1.17234e-07,1
phnode_full,46,240,0.00390795,0.00405853,1.17339e-07,1
phnode_full,46,241,0.00390269,0.00405167,1.17123e-07,1
phnode_full,46,242,0.00390458,0.0040494,1.17292e-07,1
phnode_full,46,243,0.00390091,0.00404918,1.17335e-07,1
phnode_full,46,244,0.00390506,0.00405581,1.17365e-07,1
phnode_full,46,245,0.00389847,0.00405136,1.17464e-07,1
phnode_full,46,246,0.00390289,0.00404987,1.17263e-07,1
phnode_full,46,247,0.00390733,0.00405129,1.17375e-07,1
phnode_full,46,248,0.00390076,0.00405279,1.17298e-07,1
phnode_full,46,249,0.00389876,0.00404771,1.17469e-07,1
phnode_full,46,250,0.00390388,0.00404709,1.17224e-07,1
blackbox_fullstate,42,1,1.44439,1.59345,0.000732369,1
blackbox_fullstate,42,2,1.31004,1.14457,0.032537,1
blackbox_fullstate,42,3,0.723217,0.554766,0.319735,1
blackbox_fullstate,42,4,0.513591,0.474524,0.221026,1
blackbox_fullstate,42,5,0.474427,0.455792,0.156386,1
blackbox_fullstate,42,6,0.454605,0.445257,0.105954,1
blackbox_fullstate,42,7,0.427989,0.411705,0.0644919,1
blackbox_fullstate,42,8,0.398268,0.411981,0.0423641,1
blackbox_fullstate,42,9,0.382501,0.399928,0.0460757,1
blackbox_fullstate,42,10,0.37293,0.370297,0.0727885,1
blackbox_fullstate,42,11,0.413875,0.365012,0.109951,1
blackbox_fullstate,42,12,0.368595,0.339676,0.167049,1
blackbox_fullstate,42,13,0.363917,0.321497,0.207763,1
blackbox_fullstate,42,14,0.344299,0.313228,0.230309,1
blackbox_fullstate,42,15,0.317328,0.317575,0.230369,1
blackbox_fullstate,42,16,0.360363,0.326057,0.245541,1
blackbox_fullstate,42,17,0.323531,0.30328,0.274691,1
blackbox_fullstate,42,18,0.307935,0.323662,0.277433,1
blackbox_fullstate,42,19,0.304763,0.310918,0.274723,1
blackbox_fullstate,42,20,0.292761,0.29865,0.263707,1
blackbox_fullstate,42,21,0.283168,0.286541,0.247463,1
blackbox_fullstate,42,22,0.274001,0.281059,0.231342,1
blackbox_fullstate,42,23,0.268392,0.270854,0.217577,1
blackbox_fullstate,42,24,0.263508,0.26516,0.206826,1
blackbox_fullstate,42,25,0.258832,0.258402,0.19835,1
blackbox_fullstate,42,26,0.253893,0.250788,0.191548,1
blackbox_fullstate,42,27,0.25104,0.252116,0.186061,1
blackbox_fullstate,42,28,0.248273,0.247419,0.181554,1
blackbox_fullstate,42,29,0.247643,0.249792,0.178299,1
blackbox_fullstate,42,30,0.254011,0.24071,0.180048,1
blackbox_fullstate,42,31,0.319618,0.282746,0.191959,1
blackbox_fullstate,42,32,0.296545,0.274711,0.21903,1
blackbox_fullstate,42,33,0.27083,0.26252,0.233096,1
blackbox_fullstate,42,34,0.259923,0.240226,0.244068,1
blackbox_fullstate,42,35,0.248732,0.26262,0.246945,1
blackbox_fullstate,42,36,0.242238,0.252486,0.24503,1
blackbox_fullstate,42,37,0.233306,0.239268,0.240929,1
blackbox_fullstate,42,38,0.229299,0.229912,0.232894,1
blackbox_fullstate,42,39,0.2262,0.237573,0.225825,1
blackbox_fullstate,42,40,0.223264,0.231996,0.218271,1
blackbox_fullstate,42,41,0.220042,0.235727,0.21203,1
blackbox_fullstate,42,42,0.215588,0.230051,0.206235,1
blackbox_fullstate,42,43,0.211686,0.225227,0.201791,1
blackbox_fullstate,42,44,0.204747,0.219638,0.197743,1
blackbox_fullstate,42,45,0.201333,0.216413,0.193746,1
blackbox_fullstate,42,46,0.198424,0.210923,0.190305,1
blackbox_fullstate,42,47,0.19701,0.21456,0.186535,1
blackbox_fullstate,42,48,0.198048,0.212662,0.183628,1
blackbox_fullstate,42,49,0.201505,0.217585,0.179451,1
blackbox_fullstate,42,50,0.203469,0.230432,0.177558,1
blackbox_fullstate,42,51,0.21118,0.228114,0.182339,1
blackbox_fullstate,42,52,0.208548,0.230186,0.196226,1
blackbox_fullstate,42,53,0.19686,0.208192,0.202715,1
blackbox_fullstate,42,54,0.190421,0.192944,0.1979,1
blackbox_fullstate,42,55,0.187554,0.200441,0.191277,1
blackbox_fullstate,42,56,0.186658,0.197283,0.185739,1
blackbox_fullstate,42,57,0.185658,0.195215,0.180692,1
blackbox_fullstate,42,58,0.184672,0.194761,0.177026,1
blackbox_fullstate,42,59,0.184489,0.19811,0.174285,1
blackbox_fullstate,42,60,0.183083,0.191738,0.171746,1
blackbox_fullstate,42,61,0.180899,0.188234,0.169767,1
blackbox_fullstate,42,62,0.180115,0.189945,0.16821,1
blackbox_fullstate,42,63,0.179213,0.184714,0.167112,1
blackbox_fullstate,42,64,0.177685,0.180777,0.16766,1
blackbox_fullstate,42,65,0.177438,0.194399,0.167045,1
blackbox_fullstate,42,66,0.180618,0.201635,0.166266,1
blackbox_fullstate,42,67,0.187312,0.191215,0.169521,1
blackbox_fullstate,42,68,0.186456,0.219186,0.177323,1
blackbox_fullstate,42,69,0.187875,0.195348,0.192038,1
blackbox_fullstate,42,70,0.179841,0.228121,0.20319,1
blackbox_fullstate,42,71,0.193624,0.192653,0.201626,1
blackbox_fullstate,42,72,0.183036,0.197069,0.197312,1
blackbox_fullstate,42,73,0.172565,0.172734,0.18822,1
blackbox_fullstate,42,74,0.168613,0.174155,0.178608,1
blackbox_fullstate,42,75,0.166059,0.178415,0.171018,1
blackbox_fullstate,42,76,0.166563,0.172887,0.16488,1
blackbox_fullstate,42,77,0.164106,0.171985,0.160751,1
blackbox_fullstate,42,78,0.161433,0.16875,0.159841,1
blackbox_fullstate,42,79,0.157717,0.167288,0.161652,1
blackbox_fullstate,42,80,0.155555,0.163491,0.16229,1
blackbox_fullstate,42,81,0.15283,0.161679,0.162647,1
blackbox_fullstate,42,82,0.151014,0.15898,0.161675,1
blackbox_fullstate,42,83,0.148752,0.158795,0.161213,1
blackbox_fullstate,42,84,0.146626,0.152561,0.161863,1
blackbox_fullstate,42,85,0.142469,0.146557,0.167187,1
blackbox_fullstate,42,86,0.139324,0.150124,0.175733,1
blackbox_fullstate,42,87,0.13814,0.139205,0.18852,1
blackbox_fullstate,42,88,0.128637,0.13211,0.21049,1
blackbox_fullstate,42,89,0.118671,0.131978,0.231774,1
blackbox_fullstate,42,90,0.113028,0.118309,0.231562,1
blackbox_fullstate,42,91,0.107547,0.115287,0.218539,1
blackbox_fullstate,42,92,0.104593,0.113877,0.21005,1
blackbox_fullstate,42,93,0.102193,0.114846,0.209866,1
blackbox_fullstate,42,94,0.101077,0.118376,0.208227,1
blackbox_fullstate,42,95,0.0975273,0.109917,0.204463,1
blackbox_fullstate,42,96,0.0928368,0.102703,0.195761,1
blackbox_fullstate,42,97,0.0913385,0.0960938,0.183828,1
blackbox_fullstate,42,98,0.105477,0.100334,0.156015,1
blackbox_fullstate,42,99,0.0978624,0.105195,0.156987,1
blackbox_fullstate,42,100,0.0963818,0.116793,0.169626,1
blackbox_fullstate,42,101,0.0939935,0.111303,0.172548,1
blackbox_fullstate,42,102,0.0817938,0.0963504,0.168609,1
blackbox_fullstate,42,103,0.0738212,0.0816063,0.171005,1
blackbox_fullstate,42,104,0.0707396,0.0796069,0.175125,1
blackbox_fullstate,42,105,0.0669823,0.0783781,0.178804,1
blackbox_fullstate,42,106,0.0636831,0.0741205,0.183413,1
blackbox_fullstate,42,107,0.0609489,0.0717556,0.184581,1
blackbox_fullstate,42,108,0.058783,0.0681224,0.184967,1
blackbox_fullstate,42,109,0.0565676,0.0679287,0.182974,1
blackbox_fullstate,42,110,0.0542096,0.0629277,0.178702,1
blackbox_fullstate,42,111,0.0535999,0.071378,0.175235,1
blackbox_fullstate,42,112,0.0538103,0.0676869,0.169765,1
blackbox_fullstate,42,113,0.0529577,0.0602087,0.165753,1
blackbox_fullstate,42,114,0.049416,0.0607232,0.15933,1
blackbox_fullstate,42,115,0.0486163,0.0609531,0.156503,1
blackbox_fullstate,42,116,0.0480733,0.0586867,0.153876,1
blackbox_fullstate,42,117,0.0466641,0.0583703,0.151243,1
blackbox_fullstate,42,118,0.0450212,0.0547366,0.150221,1
blackbox_fullstate,42,119,0.0440465,0.0542043,0.148087,1
blackbox_fullstate,42,120,0.0429494,0.0536662,0.146824,1
blackbox_fullstate,42,121,0.0420847,0.053959,0.145908,1
blackbox_fullstate,42,122,0.0409224,0.0515625,0.145096,1
blackbox_fullstate,42,123,0.0400687,0.0500101,0.144757,1
blackbox_fullstate,42,124,0.0392712,0.051355,0.14385,1
blackbox_fullstate,42,125,0.0386241,0.0472775,0.143666,1
blackbox_fullstate,42,126,0.0377981,0.0472995,0.143213,1
blackbox_fullstate,42,127,0.0367864,0.0478422,0.143497,1
blackbox_fullstate,42,128,0.0356842,0.0437715,0.143283,1
blackbox_fullstate,42,129,0.0345612,0.0422056,0.144187,1
blackbox_fullstate,42,130,0.0334722,0.0406919,0.143767,1
blackbox_fullstate,42,131,0.032648,0.0386087,0.143531,1
blackbox_fullstate,42,132,0.0321236,0.0397565,0.143963,1
blackbox_fullstate,42,133,0.0311052,0.0395928,0.143929,1
blackbox_fullstate,42,134,0.0304352,0.0374204,0.144189,1
blackbox_fullstate,42,135,0.0296384,0.0356667,0.1446,1
blackbox_fullstate,42,136,0.0290993,0.0357815,0.14537,1
blackbox_fullstate,42,137,0.0287042,0.0365469,0.145887,1
blackbox_fullstate,42,138,0.0284474,0.035282,0.146233,1
blackbox_fullstate,42,139,0.0286087,0.0349199,0.147026,1
blackbox_fullstate,42,140,0.0280245,0.0328068,0.147562,1
blackbox_fullstate,42,141,0.0274127,0.0347544,0.147386,1
blackbox_fullstate,42,142,0.0261361,0.0313897,0.14747,1
blackbox_fullstate,42,143,0.0254939,0.0315196,0.147856,1
blackbox_fullstate,42,144,0.024673,0.0307186,0.147982,1
blackbox_fullstate,42,145,0.0243928,0.0303916,0.148716,1
blackbox_fullstate,42,146,0.0239723,0.028988,0.149189,1
blackbox_fullstate,42,147,0.023792,0.0290046,0.150136,1
blackbox_fullstate,42,148,0.0232462,0.0286509,0.150507,1
blackbox_fullstate,42,149,0.0231552,0.0279366,0.150961,1
blackbox_fullstate,42,150,0.0225403,0.0280538,0.151835,1
blackbox_fullstate,42,151,0.0223352,0.0274502,0.152412,1
blackbox_fullstate,42,152,0.0218552,0.0259935,0.152867,1
blackbox_fullstate,42,153,0.0217424,0.0272897,0.153072,1
blackbox_fullstate,42,154,0.0209883,0.0255546,0.153555,1
blackbox_fullstate,42,155,0.020798,0.0254951,0.153922,1
blackbox_fullstate,42,156,0.0202722,0.023893,0.1545,1
blackbox_fullstate,42,157,0.0199755,0.0246563,0.154928,1
blackbox_fullstate,42,158,0.0195113,0.0240224,0.155401,1
blackbox_fullstate,42,159,0.0192297,0.0237512,0.155769,1
blackbox_fullstate,42,160,0.0190497,0.0222474,0.156003,1
blackbox_fullstate,42,161,0.0187705,0.0243411,0.156777,1
blackbox_fullstate,42,162,0.0184505,0.0213643,0.157353,1
blackbox_fullstate,42,163,0.0181452,0.0223186,0.157738,1
blackbox_fullstate,42,164,0.0177168,0.0212768,0.158174,1
blackbox_fullstate,42,165,0.0173655,0.0206033,0.15853,1
blackbox_fullstate,42,166,0.0171424,0.0206425,0.158869,1
blackbox_fullstate,42,167,0.016911,0.0212791,0.159289,1
blackbox_fullstate,42,168,0.0167117,0.0198924,0.159859,1
blackbox_fullstate,42,169,0.0165306,0.0196295,0.160116,1
blackbox_fullstate,42,170,0.0162684,0.0195012,0.160696,1
blackbox_fullstate,42,171,0.0160257,0.0194365,0.160887,1
blackbox_fullstate,42,172,0.0157727,0.0183838,0.161403,1
blackbox_fullstate,42,173,0.0156071,0.019041,0.161872,1
blackbox_fullstate,42,174,0.0154737,0.0181022,0.162044,1
blackbox_fullstate,42,175,0.0152243,0.017835,0.162302,1
blackbox_fullstate,42,176,0.0151035,0.0179219,0.162718,1
blackbox_fullstate,42,177,0.0148907,0.0175786,0.162901,1
blackbox_fullstate,42,178,0.0147894,0.0170823,0.162843,1
blackbox_fullstate,42,179,0.0146547,0.0174983,0.163028,1
blackbox_fullstate,42,180,0.0145367,0.0171758,0.163321,1
blackbox_fullstate,42,181,0.0143002,0.0170854,0.163323,1
blackbox_fullstate,42,182,0.0141252,0.0167399,0.163241,1
blackbox_fullstate,42,183,0.0139354,0.0162016,0.163561,1
blackbox_fullstate,42,184,0.0138163,0.016194,0.163803,1
blackbox_fullstate,42,185,0.013752,0.0162873,0.164101,1
blackbox_fullstate,42,186,0.0138425,0.0174088,0.163916,1
blackbox_fullstate,42,187,0.0150375,0.017249,0.164151,1
blackbox_fullstate,42,188,0.0143903,0.0164628,0.163077,1
blackbox_fullstate,42,189,0.0136246,0.0158414,0.161488,1
blackbox_fullstate,42,190,0.0129461,0.0153674,0.161942,1
blackbox_fullstate,42,191,0.0137551,0.0191341,0.162722,1
blackbox_fullstate,42,192,0.0145133,0.0157741,0.162562,1
blackbox_fullstate,42,193,0.0132964,0.0154786,0.162649,1
blackbox_fullstate,42,194,0.0127164,0.015065,0.162716,1
blackbox_fullstate,42,195,0.0125726,0.0149301,0.16255,1
blackbox_fullstate,42,196,0.0124526,0.0148784,0.162744,1
blackbox_fullstate,42,197,0.0123768,0.0145921,0.163067,1
blackbox_fullstate,42,198,0.0123212,0.0144047,0.163228,1
blackbox_fullstate,42,199,0.0122652,0.0148047,0.163666,1
blackbox_fullstate,42,200,0.0122182,0.0142001,0.16408,1
blackbox_fullstate,42,201,0.0120156,0.0140494,0.164359,1
blackbox_fullstate,42,202,0.0116859,0.0139535,0.164856,1
blackbox_fullstate,42,203,0.0116021,0.0137318,0.165807,1
blackbox_fullstate,42,204,0.0114838,0.0136874,0.166323,1
blackbox_fullstate,42,205,0.0114369,0.0136175,0.166944,1
blackbox_fullstate,42,206,0.0114393,0.0135667,0.167434,1
blackbox_fullstate,42,207,0.0114136,0.0135207,0.167719,1
blackbox_fullstate,42,208,0.0113672,0.013443,0.168156,1
blackbox_fullstate,42,209,0.0112568,0.0133566,0.168312,1
blackbox_fullstate,42,210,0.0111845,0.0133058,0.168694,1
blackbox_fullstate,42,211,0.0111271,0.0131798,0.169049,1
blackbox_fullstate,42,212,0.011116,0.0130579,0.16913,1
blackbox_fullstate,42,213,0.0110606,0.0130919,0.169369,1
blackbox_fullstate,42,214,0.0110258,0.0131108,0.169576,1
blackbox_fullstate,42,215,0.0109784,0.0130296,0.16979,1
blackbox_fullstate,42,216,0.0109577,0.0128549,0.169727,1
blackbox_fullstate,42,217,0.0108923,0.0129443,0.169876,1
blackbox_fullstate,42,218,0.0108633,0.012823,0.169886,1
blackbox_fullstate,42,219,0.0108307,0.012771,0.170146,1
blackbox_fullstate,42,220,0.010783,0.0127401,0.170039,1
blackbox_fullstate,42,221,0.0107599,0.0128041,0.170295,1
blackbox_fullstate,42,222,0.0107163,0.0126052,0.170362,1
blackbox_fullstate,42,223,0.0106631,0.0125748,0.170377,1
blackbox_fullstate,42,224,0.01064,0.0125333,0.170483,1
blackbox_fullstate,42,225,0.0106192,0.012514,0.170529,1
blackbox_fullstate,42,226,0.0105722,0.0125029,0.17051,1
blackbox_fullstate,42,227,0.0105665,0.0124638,0.170659,1
blackbox_fullstate,42,228,0.0105287,0.0123829,0.170543,1
blackbox_fullstate,42,229,0.0104718,0.0123463,0.17073,1
blackbox_fullstate,42,230,0.0104566,0.0123445,0.170707,1
blackbox_fullstate,42,231,0.010449,0.0122721,0.170724,1
blackbox_fullstate,42,232,0.0104164,0.0122626,0.170889,1
blackbox_fullstate,42,233,0.0103973,0.0122328,0.170895,1
blackbox_fullstate,42,234,0.0103575,0.0122103,0.170899,1
blackbox_fullstate,42,235,0.010339,0.012167,0.170957,1
blackbox_fullstate,42,236,0.0103015,0.0121252,0.171008,1
blackbox_fullstate,42,237,0.0102862,0.012103,0.17102,1
blackbox_fullstate,42,238,0.0102621,0.0120755,0.17104,1
blackbox_fullstate,42,239,0.0102495,0.0120581,0.17106,1
blackbox_fullstate,42,240,0.010222,0.0119887,0.171125,1
blackbox_fullstate,42,241,0.010218,0.0120337,0.171137,1
blackbox_fullstate,42,242,0.0101837,0.0119639,0.171187,1
blackbox_fullstate,42,243,0.0101778,0.0119649,0.171262,1
blackbox_fullstate,42,244,0.0101579,0.0119296,0.171304,1
blackbox_fullstate,42,245,0.0101334,0.0119113,0.171315,1
blackbox_fullstate,42,246,0.0101139,0.0119034,0.171281,1
blackbox_fullstate,42,247,0.0100891,0.0118769,0.171287,1
blackbox_fullstate,42,248,0.0100891,0.0118419,0.171399,1
blackbox_fullstate,42,249,0.0100744,0.0118384,0.17139,1
blackbox_fullstate,42,250,0.0100544,0.0117989,0.17144,1
blackbox_fullstate,43,1,1.44405,1.595,0.000736401,1
blackbox_fullstate,43,2,1.31527,1.15581,0.0291746,1
blackbox_fullstate,43,3,0.719693,0.537295,0.339865,1
blackbox_fullstate,43,4,0.513631,0.475558,0.227219,1
blackbox_fullstate,43,5,0.476008,0.45631,0.170499,1
blackbox_fullstate,43,6,0.45238,0.433481,0.121354,1
blackbox_fullstate,43,7,0.423851,0.427719,0.0797977,1
blackbox_fullstate,43,8,0.407873,0.400636,0.0487785,1
blackbox_fullstate,43,9,0.381852,0.381674,0.0379906,1
blackbox_fullstate,43,10,0.369658,0.350683,0.0556073,1
blackbox_fullstate,43,11,0.34392,0.337676,0.0937784,1
blackbox_fullstate,43,12,0.413288,0.300025,0.127767,1
blackbox_fullstate,43,13,0.350587,0.356663,0.167577,1
blackbox_fullstate,43,14,0.332136,0.330429,0.184244,1
blackbox_fullstate,43,15,0.313849,0.325943,0.184557,1
blackbox_fullstate,43,16,0.306569,0.314319,0.175252,1
blackbox_fullstate,43,17,0.301514,0.307011,0.166608,1
blackbox_fullstate,43,18,0.295376,0.304395,0.167728,1
blackbox_fullstate,43,19,0.293486,0.302898,0.173543,1
blackbox_fullstate,43,20,0.286861,0.311067,0.184012,1
blackbox_fullstate,43,21,0.286472,0.288767,0.185555,1
blackbox_fullstate,43,22,0.372728,0.346505,0.183003,1
blackbox_fullstate,43,23,0.34714,0.283889,0.208463,1
blackbox_fullstate,43,24,0.319914,0.273088,0.215476,1
blackbox_fullstate,43,25,0.346608,0.292017,0.228048,1
blackbox_fullstate,43,26,0.280803,0.291083,0.248439,1
blackbox_fullstate,43,27,0.328933,0.357837,0.238851,1
blackbox_fullstate,43,28,0.302949,0.285397,0.25896,1
blackbox_fullstate,43,29,0.27617,0.251259,0.28026,1
blackbox_fullstate,43,30,0.251681,0.233601,0.286579,1
blackbox_fullstate,43,31,0.243679,0.249756,0.275879,1
blackbox_fullstate,43,32,0.240689,0.26533,0.263955,1
blackbox_fullstate,43,33,0.241235,0.274051,0.252531,1
blackbox_fullstate,43,34,0.242469,0.238134,0.244208,1
blackbox_fullstate,43,35,0.233291,0.246745,0.238414,1
blackbox_fullstate,43,36,0.231016,0.250563,0.229621,1
blackbox_fullstate,43,37,0.228347,0.236962,0.219902,1
blackbox_fullstate,43,38,0.222516,0.232639,0.21105,1
blackbox_fullstate,43,39,0.219655,0.227605,0.203399,1
blackbox_fullstate,43,40,0.219947,0.220816,0.198442,1
blackbox_fullstate,43,41,0.221162,0.236339,0.200186,1
blackbox_fullstate,43,42,0.214429,0.262407,0.214228,1
blackbox_fullstate,43,43,0.216359,0.236013,0.221462,1
blackbox_fullstate,43,44,0.217569,0.233926,0.227697,1
blackbox_fullstate,43,45,0.206846,0.199503,0.230766,1
blackbox_fullstate,43,46,0.196765,0.205775,0.225845,1
blackbox_fullstate,43,47,0.193795,0.20098,0.219294,1
blackbox_fullstate,43,48,0.191231,0.202599,0.213359,1
blackbox_fullstate,43,49,0.190336,0.202,0.208285,1
blackbox_fullstate,43,50,0.189143,0.195474,0.203638,1
blackbox_fullstate,43,51,0.188282,0.197529,0.199328,1
blackbox_fullstate,43,52,0.187125,0.194163,0.195167,1
blackbox_fullstate,43,53,0.187072,0.200594,0.191875,1
blackbox_fullstate,43,54,0.186005,0.189223,0.188502,1
blackbox_fullstate,43,55,0.186197,0.20327,0.18584,1
blackbox_fullstate,43,56,0.185087,0.191088,0.183482,1
blackbox_fullstate,43,57,0.184111,0.19384,0.182566,1
blackbox_fullstate,43,58,0.18174,0.188357,0.181725,1
blackbox_fullstate,43,59,0.179998,0.184594,0.18049,1
blackbox_fullstate,43,60,0.178675,0.183501,0.181389,1
blackbox_fullstate,43,61,0.178641,0.184431,0.179814,1
blackbox_fullstate,43,62,0.183873,0.19371,0.178574,1
blackbox_fullstate,43,63,0.181971,0.187422,0.175391,1
blackbox_fullstate,43,64,0.175548,0.184575,0.178053,1
blackbox_fullstate,43,65,0.173774,0.178919,0.175622,1
blackbox_fullstate,43,66,0.171404,0.176811,0.17292,1
blackbox_fullstate,43,67,0.170362,0.172778,0.17253,1
blackbox_fullstate,43,68,0.16902,0.177903,0.175501,1
blackbox_fullstate,43,69,0.166267,0.170316,0.179947,1
blackbox_fullstate,43,70,0.163068,0.168022,0.186098,1
blackbox_fullstate,43,71,0.16988,0.177736,0.199064,1
blackbox_fullstate,43,72,0.158451,0.163603,0.206791,1
blackbox_fullstate,43,73,0.149076,0.157033,0.209078,1
blackbox_fullstate,43,74,0.145632,0.145083,0.232768,1
blackbox_fullstate,43,75,0.122113,0.134053,0.233436,1
blackbox_fullstate,43,76,0.112188,0.129579,0.22582,1
blackbox_fullstate,43,77,0.106136,0.127711,0.223382,1
blackbox_fullstate,43,78,0.101914,0.11829,0.222682,1
blackbox_fullstate,43,79,0.0965837,0.115197,0.217624,1
blackbox_fullstate,43,80,0.0915898,0.116168,0.213243,1
blackbox_fullstate,43,81,0.087997,0.109233,0.206272,1
blackbox_fullstate,43,82,0.0848827,0.10658,0.20007,1
blackbox_fullstate,43,83,0.0829121,0.102971,0.190519,1
blackbox_fullstate,43,84,0.0808162,0.103931,0.186078,1
blackbox_fullstate,43,85,0.0804636,0.100967,0.180592,1
blackbox_fullstate,43,86,0.0799854,0.106202,0.180067,1
blackbox_fullstate,43,87,0.079324,0.09478,0.172251,1
blackbox_fullstate,43,88,0.0761774,0.104444,0.171151,1
blackbox_fullstate,43,89,0.0815092,0.177688,0.166051,1
blackbox_fullstate,43,90,0.0947551,0.114375,0.165865,1
blackbox_fullstate,43,91,0.091268,0.146133,0.171903,1
blackbox_fullstate,43,92,0.0933956,0.109398,0.17675,1
blackbox_fullstate,43,93,0.0873202,0.105306,0.189406,1
blackbox_fullstate,43,94,0.0795167,0.093806,0.20291,1
blackbox_fullstate,43,95,0.0704177,0.0881352,0.196955,1
blackbox_fullstate,43,96,0.0669433,0.0798928,0.190175,1
blackbox_fullstate,43,97,0.0640282,0.0816817,0.185573,1
blackbox_fullstate,43,98,0.0627662,0.084525,0.182063,1
blackbox_fullstate,43,99,0.0619353,0.0805316,0.1797,1
blackbox_fullstate,43,100,0.0608395,0.0771379,0.177511,1
blackbox_fullstate,43,101,0.0597994,0.0789548,0.177136,1
blackbox_fullstate,43,102,0.059458,0.0757609,0.176076,1
blackbox_fullstate,43,103,0.0589626,0.0790336,0.17719,1
blackbox_fullstate,43,104,0.0587759,0.0758423,0.176863,1
blackbox_fullstate,43,105,0.0576069,0.0736385,0.177374,1
blackbox_fullstate,43,106,0.0566052,0.0739782,0.176716,1
blackbox_fullstate,43,107,0.0553286,0.073989,0.177191,1
blackbox_fullstate,43,108,0.0548949,0.0705849,0.177599,1
blackbox_fullstate,43,109,0.0536612,0.0698722,0.178035,1
blackbox_fullstate,43,110,0.0529866,0.0686665,0.17839,1
blackbox_fullstate,43,111,0.0522364,0.0661403,0.178555,1
blackbox_fullstate,43,112,0.0512855,0.0680618,0.179556,1
blackbox_fullstate,43,113,0.0504372,0.0651399,0.180236,1
blackbox_fullstate,43,114,0.0498432,0.0624898,0.181055,1
blackbox_fullstate,43,115,0.0480247,0.0595697,0.18153,1
blackbox_fullstate,43,116,0.0466429,0.0589222,0.182501,1
blackbox_fullstate,43,117,0.044434,0.0611882,0.184044,1
blackbox_fullstate,43,118,0.0447797,0.0678942,0.18471,1
blackbox_fullstate,43,119,0.0551189,0.0841664,0.187883,1
blackbox_fullstate,43,120,0.0593238,0.0567359,0.195656,1
blackbox_fullstate,43,121,0.0472299,0.0512897,0.203466,1
blackbox_fullstate,43,122,0.0400596,0.044968,0.202544,1
blackbox_fullstate,43,123,0.0376158,0.0442295,0.201359,1
blackbox_fullstate,43,124,0.0370659,0.0442551,0.202003,1
blackbox_fullstate,43,125,0.0357426,0.0438491,0.202959,1
blackbox_fullstate,43,126,0.0355106,0.0425126,0.204599,1
blackbox_fullstate,43,127,0.0349047,0.044006,0.207366,1
blackbox_fullstate,43,128,0.0357736,0.042753,0.209975,1
blackbox_fullstate,43,129,0.0350263,0.0430939,0.213686,1
blackbox_fullstate,43,130,0.0350684,0.0426935,0.216409,1
blackbox_fullstate,43,131,0.0339896,0.0401074,0.219403,1
blackbox_fullstate,43,132,0.0333714,0.0380893,0.221671,1
blackbox_fullstate,43,133,0.0322776,0.0429982,0.224768,1
blackbox_fullstate,43,134,0.0322574,0.0382017,0.227969,1
blackbox_fullstate,43,135,0.031388,0.0384108,0.231602,1
blackbox_fullstate,43,136,0.0312999,0.0383789,0.235785,1
blackbox_fullstate,43,137,0.0309663,0.0382538,0.239037,1
blackbox_fullstate,43,138,0.0306271,0.0349782,0.242253,1
blackbox_fullstate,43,139,0.0293195,0.0360023,0.243396,1
blackbox_fullstate,43,140,0.029203,0.0364566,0.24455,1
blackbox_fullstate,43,141,0.0285361,0.034702,0.246497,1
blackbox_fullstate,43,142,0.0285662,0.0335905,0.248049,1
blackbox_fullstate,43,143,0.0273429,0.0327356,0.248561,1
blackbox_fullstate,43,144,0.0268955,0.0314874,0.246054,1
blackbox_fullstate,43,145,0.0259516,0.0312489,0.245144,1
blackbox_fullstate,43,146,0.0253965,0.0322676,0.242165,1
blackbox_fullstate,43,147,0.0251517,0.030231,0.240205,1
blackbox_fullstate,43,148,0.0244438,0.029749,0.238137,1
blackbox_fullstate,43,149,0.0236388,0.026381,0.235191,1
blackbox_fullstate,43,150,0.0227737,0.026436,0.232638,1
blackbox_fullstate,43,151,0.0252699,0.0253452,0.22909,1
blackbox_fullstate,43,152,0.0271759,0.0326661,0.227731,1
blackbox_fullstate,43,153,0.0302295,0.040652,0.224973,1
blackbox_fullstate,43,154,0.0388253,0.0323339,0.22424,1
blackbox_fullstate,43,155,0.0244666,0.0262415,0.221857,1
blackbox_fullstate,43,156,0.021177,0.0252253,0.216954,1
blackbox_fullstate,43,157,0.0201421,0.0231299,0.213415,1
blackbox_fullstate,43,158,0.0196773,0.0237437,0.211768,1
blackbox_fullstate,43,159,0.019683,0.0234948,0.211319,1
blackbox_fullstate,43,160,0.0194623,0.021507,0.210846,1
blackbox_fullstate,43,161,0.018802,0.0227873,0.209705,1
blackbox_fullstate,43,162,0.0185306,0.0224572,0.210676,1
blackbox_fullstate,43,163,0.0181189,0.0213673,0.211217,1
blackbox_fullstate,43,164,0.0179381,0.0215687,0.211606,1
blackbox_fullstate,43,165,0.0177214,0.0207932,0.21201,1
blackbox_fullstate,43,166,0.0174193,0.0214779,0.212535,1
blackbox_fullstate,43,167,0.0174318,0.0205175,0.213079,1
blackbox_fullstate,43,168,0.0171851,0.0202207,0.213547,1
blackbox_fullstate,43,169,0.0169518,0.0203623,0.214361,1
blackbox_fullstate,43,170,0.0168099,0.0199458,0.214648,1
blackbox_fullstate,43,171,0.016525,0.0196616,0.21532,1
blackbox_fullstate,43,172,0.0164586,0.0198025,0.216068,1
blackbox_fullstate,43,173,0.0163099,0.019424,0.216578,1
blackbox_fullstate,43,174,0.0162661,0.0190177,0.216813,1
blackbox_fullstate,43,175,0.0160545,0.0190683,0.217624,1
blackbox_fullstate,43,176,0.0158999,0.0186851,0.218351,1
blackbox_fullstate,43,177,0.015741,0.0184044,0.218886,1
blackbox_fullstate,43,178,0.0155574,0.0185315,0.219642,1
blackbox_fullstate,43,179,0.0156675,0.0181011,0.220565,1
blackbox_fullstate,43,180,0.0159538,0.0197231,0.221151,1
blackbox_fullstate,43,181,0.016648,0.0194897,0.221434,1
blackbox_fullstate,43,182,0.0162827,0.0214213,0.220881,1
blackbox_fullstate,43,183,0.0154128,0.018524,0.219368,1
blackbox_fullstate,43,184,0.0142834,0.0171649,0.219162,1
blackbox_fullstate,43,185,0.0140304,0.0166889,0.220901,1
blackbox_fullstate,43,186,0.013849,0.0166466,0.222784,1
blackbox_fullstate,43,187,0.0136814,0.0166033,0.224461,1
blackbox_fullstate,43,188,0.0137242,0.0163768,0.226235,1
blackbox_fullstate,43,189,0.0134625,0.0159903,0.227638,1
blackbox_fullstate,43,190,0.0132966,0.0161078,0.229263,1
blackbox_fullstate,43,191,0.0132697,0.0158494,0.23037,1
blackbox_fullstate,43,192,0.0131839,0.0159173,0.231441,1
blackbox_fullstate,43,193,0.0130816,0.0156367,0.232531,1
blackbox_fullstate,43,194,0.0128958,0.0153652,0.233373,1
blackbox_fullstate,43,195,0.0129136,0.015324,0.234345,1
blackbox_fullstate,43,196,0.0127626,0.0154354,0.234873,1
blackbox_fullstate,43,197,0.0128617,0.0151956,0.235418,1
blackbox_fullstate,43,198,0.0125988,0.0148594,0.235866,1
blackbox_fullstate,43,199,0.0125749,0.0148393,0.236237,1
blackbox_fullstate,43,200,0.0125394,0.0151067,0.236596,1
blackbox_fullstate,43,201,0.0124056,0.0146248,0.236904,1
blackbox_fullstate,43,202,0.0123441,0.0147351,0.237288,1
blackbox_fullstate,43,203,0.0122473,0.0148066,0.237621,1
blackbox_fullstate,43,204,0.0122421,0.0145506,0.237835,1
blackbox_fullstate,43,205,0.0121869,0.0144474,0.238,1
blackbox_fullstate,43,206,0.0121191,0.0142599,0.238079,1
blackbox_fullstate,43,207,0.0120442,0.0142735,0.238151,1
blackbox_fullstate,43,208,0.0119989,0.0141322,0.23824,1
blackbox_fullstate,43,209,0.0119286,0.0143895,0.238162,1
blackbox_fullstate,43,210,0.0119169,0.0141213,0.238232,1
blackbox_fullstate,43,211,0.011885,0.0141217,0.238204,1
blackbox_fullstate,43,212,0.0118207,0.0139123,0.238189,1
blackbox_fullstate,43,213,0.0117604,0.0138412,0.238126,1
blackbox_fullstate,43,214,0.0117533,0.0138165,0.238075,1
blackbox_fullstate,43,215,0.0116817,0.0137858,0.237889,1
blackbox_fullstate,43,216,0.011639,0.0136945,0.237825,1
blackbox_fullstate,43,217,0.0116242,0.013832,0.237688,1
blackbox_fullstate,43,218,0.0116064,0.0136523,0.237651,1
blackbox_fullstate,43,219,0.0115581,0.0135027,0.237519,1
blackbox_fullstate,43,220,0.0115235,0.0135969,0.237389,1
blackbox_fullstate,43,221,0.0114892,0.0135976,0.237281,1
blackbox_fullstate,43,222,0.0114579,0.0134944,0.237164,1
blackbox_fullstate,43,223,0.0114363,0.0134315,0.236974,1
blackbox_fullstate,43,224,0.0114031,0.0133724,0.236843,1
blackbox_fullstate,43,225,0.0113687,0.0134215,0.236848,1
blackbox_fullstate,43,226,0.0113678,0.0135815,0.236727,1
blackbox_fullstate,43,227,0.0113224,0.0133472,0.236535,1
blackbox_fullstate,43,228,0.0112865,0.0133001,0.236257,1
blackbox_fullstate,43,229,0.0112685,0.013294,0.236326,1
blackbox_fullstate,43,230,0.0112419,0.0132188,0.236152,1
blackbox_fullstate,43,231,0.0112207,0.0132407,0.236113,1
blackbox_fullstate,43,232,0.0112119,0.0131558,0.235816,1
blackbox_fullstate,43,233,0.0111786,0.0131502,0.235812,1
blackbox_fullstate,43,234,0.0111562,0.0131381,0.235731,1
blackbox_fullstate,43,235,0.0111483,0.0131023,0.235517,1
blackbox_fullstate,43,236,0.0111374,0.0131072,0.235482,1
blackbox_fullstate,43,237,0.01111,0.0130776,0.235378,1
blackbox_fullstate,43,238,0.011121,0.0130077,0.235401,1
blackbox_fullstate,43,239,0.0110819,0.0130759,0.235292,1
blackbox_fullstate,43,240,0.0110707,0.0130381,0.235229,1
blackbox_fullstate,43,241,0.0110595,0.0130484,0.234996,1
blackbox_fullstate,43,242,0.0110362,0.0129867,0.235097,1
blackbox_fullstate,43,243,0.0110264,0.0130092,0.234855,1
blackbox_fullstate,43,244,0.0110105,0.0129315,0.234827,1
blackbox_fullstate,43,245,0.0109857,0.0129161,0.234598,1
blackbox_fullstate,43,246,0.0109806,0.0129361,0.234667,1
blackbox_fullstate,43,247,0.0109725,0.0129426,0.234497,1
blackbox_fullstate,43,248,0.0109631,0.0129372,0.23442,1
blackbox_fullstate,43,249,0.0109699,0.0129049,0.23429,1
blackbox_fullstate,43,250,0.0109396,0.0129047,0.234328,1
blackbox_fullstate,44,1,1.44482,1.5954,0.000634748,1
blackbox_fullstate,44,2,1.31847,1.16296,0.0288557,1
blackbox_fullstate,44,3,0.726148,0.539161,0.351429,1
blackbox_fullstate,44,4,0.518088,0.477889,0.227077,1
blackbox_fullstate,44,5,0.476706,0.455473,0.163447,1
blackbox_fullstate,44,6,0.453002,0.441599,0.11249,1
blackbox_fullstate,44,7,0.423815,0.412629,0.0717549,1
blackbox_fullstate,44,8,0.397755,0.378724,0.0477498,1
blackbox_fullstate,44,9,0.365664,0.346696,0.0494052,1
blackbox_fullstate,44,10,0.352117,0.306296,0.0862332,1
blackbox_fullstate,44,11,0.571987,0.409001,0.124137,1
blackbox_fullstate,44,12,0.379002,0.370819,0.173413,1
blackbox_fullstate,44,13,0.339358,0.334942,0.20102,1
blackbox_fullstate,44,14,0.315723,0.31663,0.201273,1
blackbox_fullstate,44,15,0.311499,0.31394,0.197179,1
blackbox_fullstate,44,16,0.312546,0.344019,0.205509,1
blackbox_fullstate,44,17,0.314985,0.310074,0.228571,1
blackbox_fullstate,44,18,0.304277,0.305384,0.243294,1
blackbox_fullstate,44,19,0.288598,0.292346,0.246671,1
blackbox_fullstate,44,20,0.28166,0.285657,0.233413,1
blackbox_fullstate,44,21,0.280265,0.300506,0.209057,1
blackbox_fullstate,44,22,0.287934,0.260997,0.198785,1
blackbox_fullstate,44,23,0.2807,0.27375,0.219241,1
blackbox_fullstate,44,24,0.268882,0.265793,0.2285,1
blackbox_fullstate,44,25,0.258115,0.25753,0.222401,1
blackbox_fullstate,44,26,0.251646,0.254698,0.213036,1
blackbox_fullstate,44,27,0.248897,0.248587,0.207083,1
blackbox_fullstate,44,28,0.259434,0.297404,0.202638,1
blackbox_fullstate,44,29,0.267182,0.258188,0.204376,1
blackbox_fullstate,44,30,0.251009,0.248649,0.210653,1
blackbox_fullstate,44,31,0.241497,0.239609,0.212616,1
blackbox_fullstate,44,32,0.238585,0.238473,0.20831,1
blackbox_fullstate,44,33,0.234115,0.235306,0.201778,1
blackbox_fullstate,44,34,0.231622,0.240834,0.195145,1
blackbox_fullstate,44,35,0.230804,0.234594,0.189397,1
blackbox_fullstate,44,36,0.228897,0.235452,0.185828,1
blackbox_fullstate,44,37,0.226386,0.232095,0.182539,1
blackbox_fullstate,44,38,0.223628,0.227052,0.179377,1
blackbox_fullstate,44,39,0.22085,0.228206,0.177355,1
blackbox_fullstate,44,40,0.217191,0.22883,0.174823,1
blackbox_fullstate,44,41,0.21129,0.216204,0.169707,1
blackbox_fullstate,44,42,0.207304,0.22205,0.165309,1
blackbox_fullstate,44,43,0.207892,0.21393,0.163165,1
blackbox_fullstate,44,44,0.235527,0.224102,0.17358,1
blackbox_fullstate,44,45,0.231354,0.212965,0.18783,1
blackbox_fullstate,44,46,0.221413,0.229642,0.20226,1
blackbox_fullstate,44,47,0.215694,0.204446,0.213418,1
blackbox_fullstate,44,48,0.211072,0.217354,0.224189,1
blackbox_fullstate,44,49,0.195932,0.210768,0.227409,1
blackbox_fullstate,44,50,0.191177,0.205925,0.215732,1
blackbox_fullstate,44,51,0.189271,0.201423,0.202557,1
blackbox_fullstate,44,52,0.187993,0.202818,0.190052,1
blackbox_fullstate,44,53,0.186357,0.201718,0.177023,1
blackbox_fullstate,44,54,0.182786,0.193866,0.161872,1
blackbox_fullstate,44,55,0.174606,0.177744,0.146948,1
blackbox_fullstate,44,56,0.15873,0.172101,0.158214,1
blackbox_fullstate,44,57,0.149573,0.161737,0.178313,1
blackbox_fullstate,44,58,0.145387,0.158908,0.164446,1
blackbox_fullstate,44,59,0.139947,0.158466,0.161609,1
blackbox_fullstate,44,60,0.134683,0.146467,0.162862,1
blackbox_fullstate,44,61,0.12869,0.137411,0.162023,1
blackbox_fullstate,44,62,0.122778,0.129282,0.159093,1
blackbox_fullstate,44,63,0.115318,0.119704,0.154732,1
blackbox_fullstate,44,64,0.10909,0.119567,0.155068,1
blackbox_fullstate,44,65,0.104729,0.114823,0.158927,1
blackbox_fullstate,44,66,0.100391,0.112119,0.162623,1
blackbox_fullstate,44,67,0.0973276,0.107499,0.164334,1
blackbox_fullstate,44,68,0.0948171,0.10266,0.163419,1
blackbox_fullstate,44,69,0.091812,0.103221,0.160906,1
blackbox_fullstate,44,70,0.0897031,0.104428,0.158767,1
blackbox_fullstate,44,71,0.0874014,0.0985951,0.156573,1
blackbox_fullstate,44,72,0.0844806,0.0978879,0.154289,1
blackbox_fullstate,44,73,0.0818137,0.100477,0.151201,1
blackbox_fullstate,44,74,0.0794929,0.0952065,0.147805,1
blackbox_fullstate,44,75,0.0773717,0.0902964,0.145309,1
blackbox_fullstate,44,76,0.0766574,0.0931538,0.143821,1
blackbox_fullstate,44,77,0.0775268,0.0917859,0.141479,1
blackbox_fullstate,44,78,0.0721408,0.0855695,0.142869,1
blackbox_fullstate,44,79,0.069007,0.0893699,0.142777,1
blackbox_fullstate,44,80,0.066799,0.0804117,0.142894,1
blackbox_fullstate,44,81,0.0663349,0.0796623,0.1431,1
blackbox_fullstate,44,82,0.0651312,0.0768404,0.142754,1
blackbox_fullstate,44,83,0.0667016,0.0823657,0.142655,1
blackbox_fullstate,44,84,0.0649446,0.0769521,0.143451,1
blackbox_fullstate,44,85,0.060395,0.070471,0.144071,1
blackbox_fullstate,44,86,0.0573382,0.0769391,0.145891,1
blackbox_fullstate,44,87,0.0587608,0.0669826,0.146083,1
blackbox_fullstate,44,88,0.0573989,0.0654899,0.14604,1
blackbox_fullstate,44,89,0.056234,0.0740088,0.146914,1
blackbox_fullstate,44,90,0.056933,0.061008,0.147622,1
blackbox_fullstate,44,91,0.0569204,0.0835652,0.148508,1
blackbox_fullstate,44,92,0.104891,0.136739,0.155479,1
blackbox_fullstate,44,93,0.0827042,0.104619,0.166941,1
blackbox_fullstate,44,94,0.0732499,0.0715135,0.17475,1
blackbox_fullstate,44,95,0.054522,0.0610057,0.176922,1
blackbox_fullstate,44,96,0.0495944,0.0566342,0.176374,1
blackbox_fullstate,44,97,0.0482196,0.0523951,0.176828,1
blackbox_fullstate,44,98,0.0472079,0.0493263,0.177347,1
blackbox_fullstate,44,99,0.0456816,0.0492242,0.176171,1
blackbox_fullstate,44,100,0.0450007,0.0474979,0.175534,1
blackbox_fullstate,44,101,0.0436229,0.0474589,0.174592,1
blackbox_fullstate,44,102,0.042791,0.0471614,0.173192,1
blackbox_fullstate,44,103,0.042431,0.0451565,0.172526,1
blackbox_fullstate,44,104,0.0418578,0.0438673,0.171884,1
blackbox_fullstate,44,105,0.0407157,0.0431082,0.172187,1
blackbox_fullstate,44,106,0.039613,0.0433407,0.171602,1
blackbox_fullstate,44,107,0.0388967,0.0425463,0.1705,1
blackbox_fullstate,44,108,0.0381469,0.0409427,0.169436,1
blackbox_fullstate,44,109,0.0370155,0.0416633,0.16789,1
blackbox_fullstate,44,110,0.0359796,0.0386029,0.165714,1
blackbox_fullstate,44,111,0.0352773,0.0403151,0.162966,1
blackbox_fullstate,44,112,0.0347785,0.0388066,0.161852,1
blackbox_fullstate,44,113,0.0340977,0.043386,0.158477,1
blackbox_fullstate,44,114,0.0365294,0.0442411,0.15838,1
blackbox_fullstate,44,115,0.0345358,0.0406263,0.157906,1
blackbox_fullstate,44,116,0.0325358,0.0362505,0.156344,1
blackbox_fullstate,44,117,0.0309285,0.0377742,0.155474,1
blackbox_fullstate,44,118,0.031022,0.0383937,0.153875,1
blackbox_fullstate,44,119,0.0322711,0.0314757,0.152923,1
blackbox_fullstate,44,120,0.0302602,0.035234,0.152989,1
blackbox_fullstate,44,121,0.0292085,0.0324145,0.152783,1
blackbox_fullstate,44,122,0.0282847,0.0329693,0.15166,1
blackbox_fullstate,44,123,0.0279355,0.0325282,0.151338,1
blackbox_fullstate,44,124,0.0278509,0.0311112,0.150635,1
blackbox_fullstate,44,125,0.0274029,0.0334055,0.150779,1
blackbox_fullstate,44,126,0.0272265,0.0349501,0.150432,1
blackbox_fullstate,44,127,0.0266568,0.0331585,0.150355,1
blackbox_fullstate,44,128,0.0266887,0.03221,0.150292,1
blackbox_fullstate,44,129,0.0266743,0.0319332,0.149715,1
blackbox_fullstate,44,130,0.0266162,0.0280787,0.14929,1
blackbox_fullstate,44,131,0.0252852,0.0304083,0.149118,1
blackbox_fullstate,44,132,0.0248842,0.0298002,0.149142,1
blackbox_fullstate,44,133,0.0245932,0.0283813,0.148921,1
blackbox_fullstate,44,134,0.0240258,0.0297715,0.149378,1
blackbox_fullstate,44,135,0.0238759,0.0292443,0.149391,1
blackbox_fullstate,44,136,0.0237802,0.0283367,0.14947,1
blackbox_fullstate,44,137,0.023522,0.0282442,0.150109,1
blackbox_fullstate,44,138,0.023128,0.0286581,0.150076,1
blackbox_fullstate,44,139,0.0229079,0.0268648,0.150271,1
blackbox_fullstate,44,140,0.0221822,0.0263537,0.150303,1
blackbox_fullstate,44,141,0.0218103,0.0263728,0.150779,1
blackbox_fullstate,44,142,0.0215241,0.0268458,0.150952,1
blackbox_fullstate,44,143,0.0213744,0.0267055,0.151377,1
blackbox_fullstate,44,144,0.0214403,0.0251372,0.151899,1
blackbox_fullstate,44,145,0.0209754,0.0252368,0.15175,1
blackbox_fullstate,44,146,0.0207151,0.0246253,0.151649,1
blackbox_fullstate,44,147,0.0202488,0.0247427,0.151995,1
blackbox_fullstate,44,148,0.0201652,0.0243537,0.152555,1
blackbox_fullstate,44,149,0.0200661,0.0246988,0.153063,1
blackbox_fullstate,44,150,0.020006,0.0246724,0.153423,1
blackbox_fullstate,44,151,0.020057,0.0235838,0.152504,1
blackbox_fullstate,44,152,0.0195426,0.0233235,0.153328,1
blackbox_fullstate,44,153,0.0194747,0.0235709,0.1534,1
blackbox_fullstate,44,154,0.0193453,0.024335,0.153918,1
blackbox_fullstate,44,155,0.019153,0.0234878,0.154245,1
blackbox_fullstate,44,156,0.0186593,0.0221515,0.154227,1
blackbox_fullstate,44,157,0.0184302,0.0222619,0.154675,1
blackbox_fullstate,44,158,0.0183027,0.0218588,0.155495,1
blackbox_fullstate,44,159,0.0180479,0.0218476,0.15552,1
blackbox_fullstate,44,160,0.0187798,0.0233514,0.155232,1
blackbox_fullstate,44,161,0.0213336,0.0281197,0.15608,1
blackbox_fullstate,44,162,0.0251101,0.0361818,0.157795,1
blackbox_fullstate,44,163,0.0247679,0.0286204,0.15992,1
blackbox_fullstate,44,164,0.0246565,0.027797,0.159869,1
blackbox_fullstate,44,165,0.0215362,0.024071,0.161593,1
blackbox_fullstate,44,166,0.0177824,0.0213263,0.162636,1
blackbox_fullstate,44,167,0.016857,0.020333,0.16298,1
blackbox_fullstate,44,168,0.0165931,0.0201663,0.162945,1
blackbox_fullstate,44,169,0.0164713,0.0193811,0.163149,1
blackbox_fullstate,44,170,0.0164254,0.0191348,0.163419,1
blackbox_fullstate,44,171,0.0161931,0.0197526,0.163493,1
blackbox_fullstate,44,172,0.0160201,0.0193469,0.163775,1
blackbox_fullstate,44,173,0.0159647,0.0191413,0.163989,1
blackbox_fullstate,44,174,0.015799,0.018904,0.164168,1
blackbox_fullstate,44,175,0.0157411,0.0189126,0.164583,1
blackbox_fullstate,44,176,0.0156134,0.0190589,0.164817,1
blackbox_fullstate,44,177,0.0154438,0.0185588,0.165038,1
blackbox_fullstate,44,178,0.0154108,0.0184954,0.165439,1
blackbox_fullstate,44,179,0.0152773,0.0184055,0.166089,1
blackbox_fullstate,44,180,0.0151475,0.0181267,0.166304,1
blackbox_fullstate,44,181,0.0150801,0.0189754,0.166684,1
blackbox_fullstate,44,182,0.0150004,0.0176849,0.167013,1
blackbox_fullstate,44,183,0.0149361,0.0176562,0.167455,1
blackbox_fullstate,44,184,0.0148074,0.0173972,0.168002,1
blackbox_fullstate,44,185,0.0147293,0.01721,0.16846,1
blackbox_fullstate,44,186,0.0145667,0.017647,0.168953,1
blackbox_fullstate,44,187,0.0144872,0.017377,0.169839,1
blackbox_fullstate,44,188,0.0143765,0.0170012,0.170274,1
blackbox_fullstate,44,189,0.0142741,0.0170117,0.170711,1
blackbox_fullstate,44,190,0.0141785,0.0170916,0.171122,1
blackbox_fullstate,44,191,0.0141318,0.0169555,0.171743,1
blackbox_fullstate,44,192,0.0139963,0.0168794,0.172302,1
blackbox_fullstate,44,193,0.0139577,0.0164797,0.172853,1
blackbox_fullstate,44,194,0.0138644,0.0167265,0.173399,1
blackbox_fullstate,44,195,0.0136841,0.0160509,0.173843,1
blackbox_fullstate,44,196,0.0132645,0.01586,0.174805,1
blackbox_fullstate,44,197,0.0131553,0.0158817,0.176188,1
blackbox_fullstate,44,198,0.0130991,0.0158112,0.177581,1
blackbox_fullstate,44,199,0.0130677,0.0154041,0.179146,1
blackbox_fullstate,44,200,0.0131009,0.0157969,0.180235,1
blackbox_fullstate,44,201,0.0129548,0.015408,0.181567,1
blackbox_fullstate,44,202,0.012823,0.0154439,0.182547,1
blackbox_fullstate,44,203,0.0127566,0.0151824,0.183759,1
blackbox_fullstate,44,204,0.0126951,0.0153337,0.18486,1
blackbox_fullstate,44,205,0.0127078,0.0150284,0.185964,1
blackbox_fullstate,44,206,0.0127129,0.0150943,0.186857,1
blackbox_fullstate,44,207,0.0126354,0.0148478,0.187375,1
blackbox_fullstate,44,208,0.0125632,0.0149257,0.188097,1
blackbox_fullstate,44,209,0.0124623,0.0149485,0.188683,1
blackbox_fullstate,44,210,0.0123916,0.0148306,0.189357,1
blackbox_fullstate,44,211,0.0123973,0.0146614,0.189867,1
blackbox_fullstate,44,212,0.0123306,0.0146519,0.190476,1
blackbox_fullstate,44,213,0.0122706,0.0146185,0.190966,1
blackbox_fullstate,44,214,0.0122266,0.014482,0.191526,1
blackbox_fullstate,44,215,0.0121952,0.0145304,0.192059,1
blackbox_fullstate,44,216,0.0121843,0.0144579,0.192508,1
blackbox_fullstate,44,217,0.0121204,0.0143688,0.192892,1
blackbox_fullstate,44,218,0.0121025,0.0143512,0.193139,1
blackbox_fullstate,44,219,0.0120475,0.0141978,0.193577,1
blackbox_fullstate,44,220,0.0120289,0.0142749,0.193794,1
blackbox_fullstate,44,221,0.0120103,0.0142399,0.193932,1
blackbox_fullstate,44,222,0.0120056,0.0142194,0.194182,1
blackbox_fullstate,44,223,0.0119391,0.014174,0.194357,1
blackbox_fullstate,44,224,0.0119173,0.0140461,0.194548,1
blackbox_fullstate,44,225,0.0119084,0.0140572,0.194582,1
blackbox_fullstate,44,226,0.0118691,0.0140667,0.194727,1
blackbox_fullstate,44,227,0.0118453,0.0140044,0.194869,1
blackbox_fullstate,44,228,0.0117979,0.0139352,0.194986,1
blackbox_fullstate,44,229,0.0117808,0.0139011,0.195015,1
blackbox_fullstate,44,230,0.0117742,0.0138967,0.195031,1
blackbox_fullstate,44,231,0.0117384,0.0139528,0.195003,1
blackbox_fullstate,44,232,0.0117351,0.0138922,0.195095,1
blackbox_fullstate,44,233,0.0117019,0.0137737,0.195225,1
blackbox_fullstate,44,234,0.0116678,0.0138075,0.195201,1
blackbox_fullstate,44,235,0.0116744,0.0137889,0.195169,1
blackbox_fullstate,44,236,0.0116412,0.0137507,0.195227,1
blackbox_fullstate,44,237,0.0116394,0.0136842,0.195293,1
blackbox_fullstate,44,238,0.0116401,0.0136774,0.195274,1
blackbox_fullstate,44,239,0.0116053,0.0136946,0.195319,1
blackbox_fullstate,44,240,0.0115838,0.0136447,0.195276,1
blackbox_fullstate,44,241,0.0115708,0.0136322,0.195227,1
blackbox_fullstate,44,242,0.011556,0.0136188,0.195275,1
blackbox_fullstate,44,243,0.0115446,0.0136061,0.195164,1
blackbox_fullstate,44,244,0.0115303,0.0135805,0.195244,1
blackbox_fullstate,44,245,0.0115239,0.0135785,0.195224,1
blackbox_fullstate,44,246,0.0115096,0.0135209,0.195129,1
blackbox_fullstate,44,247,0.0115062,0.0135034,0.195163,1
blackbox_fullstate,44,248,0.0114888,0.0135132,0.195206,1
blackbox_fullstate,44,249,0.0114785,0.0135961,0.195187,1
blackbox_fullstate,44,250,0.0114885,0.013534,0.195118,1
blackbox_fullstate,45,1,1.44455,1.59419,0.000830904,1
blackbox_fullstate,45,2,1.31139,1.1446,0.0295011,1
blackbox_fullstate,45,3,0.723485,0.554429,0.359254,1
blackbox_fullstate,45,4,0.520591,0.481356,0.220083,1
blackbox_fullstate,45,5,0.480048,0.462134,0.155273,1
blackbox_fullstate,45,6,0.457668,0.441554,0.101755,1
blackbox_fullstate,45,7,0.430389,0.415587,0.0626766,1
blackbox_fullstate,45,8,0.395832,0.378079,0.0410537,1
blackbox_fullstate,45,9,0.381139,0.375202,0.0503744,1
blackbox_fullstate,45,10,0.38644,0.501886,0.0782496,1
blackbox_fullstate,45,11,0.386045,0.337136,0.120815,1
blackbox_fullstate,45,12,0.362896,0.386337,0.166612,1
blackbox_fullstate,45,13,0.32707,0.299574,0.196076,1
blackbox_fullstate,45,14,0.352964,0.348508,0.207054,1
blackbox_fullstate,45,15,0.353299,0.38563,0.2334,1
blackbox_fullstate,45,16,0.343067,0.315376,0.24766,1
blackbox_fullstate,45,17,0.313884,0.326197,0.242062,1
blackbox_fullstate,45,18,0.299384,0.304443,0.225568,1
blackbox_fullstate,45,19,0.291983,0.28612,0.207888,1
blackbox_fullstate,45,20,0.290274,0.287685,0.199914,1
blackbox_fullstate,45,21,0.283142,0.290065,0.210783,1
blackbox_fullstate,45,22,0.279621,0.282945,0.226278,1
blackbox_fullstate,45,23,0.279626,0.348762,0.244911,1
blackbox_fullstate,45,24,0.314629,0.28491,0.260145,1
blackbox_fullstate,45,25,0.271429,0.294187,0.26422,1
blackbox_fullstate,45,26,0.259664,0.269053,0.252522,1
blackbox_fullstate,45,27,0.250584,0.268126,0.2354,1
blackbox_fullstate,45,28,0.24868,0.245129,0.219014,1
blackbox_fullstate,45,29,0.244087,0.245755,0.204699,1
blackbox_fullstate,45,30,0.240733,0.249968,0.192778,1
blackbox_fullstate,45,31,0.239517,0.2532,0.183437,1
blackbox_fullstate,45,32,0.238442,0.258292,0.17672,1
blackbox_fullstate,45,33,0.241914,0.240963,0.176441,1
blackbox_fullstate,45,34,0.243593,0.250672,0.185191,1
blackbox_fullstate,45,35,0.265521,0.273326,0.199425,1
blackbox_fullstate,45,36,0.26008,0.249346,0.215391,1
blackbox_fullstate,45,37,0.236472,0.244938,0.216651,1
blackbox_fullstate,45,38,0.230447,0.229968,0.209861,1
blackbox_fullstate,45,39,0.226771,0.240867,0.199749,1
blackbox_fullstate,45,40,0.225736,0.230162,0.190223,1
blackbox_fullstate,45,41,0.219976,0.226669,0.182581,1
blackbox_fullstate,45,42,0.216228,0.22536,0.175886,1
blackbox_fullstate,45,43,0.212742,0.227833,0.170976,1
blackbox_fullstate,45,44,0.20676,0.219636,0.165935,1
blackbox_fullstate,45,45,0.206455,0.214429,0.160468,1
blackbox_fullstate,45,46,0.203776,0.216249,0.154348,1
blackbox_fullstate,45,47,0.209214,0.218597,0.149872,1
blackbox_fullstate,45,48,0.216315,0.218554,0.1519,1
blackbox_fullstate,45,49,0.211898,0.215146,0.159848,1
blackbox_fullstate,45,50,0.202223,0.208038,0.163652,1
blackbox_fullstate,45,51,0.189191,0.195705,0.15875,1
blackbox_fullstate,45,52,0.179791,0.186438,0.156761,1
blackbox_fullstate,45,53,0.170819,0.1825,0.1663,1
blackbox_fullstate,45,54,0.166547,0.168815,0.17801,1
blackbox_fullstate,45,55,0.164436,0.171855,0.18591,1
blackbox_fullstate,45,56,0.158489,0.162231,0.190321,1
blackbox_fullstate,45,57,0.154473,0.170981,0.201651,1
blackbox_fullstate,45,58,0.147284,0.155886,0.214402,1
blackbox_fullstate,45,59,0.138885,0.149069,0.216215,1
blackbox_fullstate,45,60,0.131807,0.140637,0.210423,1
blackbox_fullstate,45,61,0.12824,0.134035,0.205025,1
blackbox_fullstate,45,62,0.124907,0.135103,0.198857,1
blackbox_fullstate,45,63,0.121548,0.12765,0.198169,1
blackbox_fullstate,45,64,0.118557,0.128472,0.201476,1
blackbox_fullstate,45,65,0.115571,0.12877,0.201185,1
blackbox_fullstate,45,66,0.112044,0.12512,0.197675,1
blackbox_fullstate,45,67,0.108198,0.121075,0.189452,1
blackbox_fullstate,45,68,0.105685,0.11998,0.180691,1
blackbox_fullstate,45,69,0.103525,0.114964,0.174471,1
blackbox_fullstate,45,70,0.100363,0.112306,0.168163,1
blackbox_fullstate,45,71,0.0978622,0.11726,0.165285,1
blackbox_fullstate,45,72,0.0970764,0.103815,0.162069,1
blackbox_fullstate,45,73,0.0937851,0.106466,0.157651,1
blackbox_fullstate,45,74,0.0913407,0.1066,0.155116,1
blackbox_fullstate,45,75,0.0882226,0.0996613,0.152433,1
blackbox_fullstate,45,76,0.0851531,0.0951895,0.151399,1
blackbox_fullstate,45,77,0.0823961,0.0972341,0.149843,1
blackbox_fullstate,45,78,0.0808691,0.098003,0.14814,1
blackbox_fullstate,45,79,0.0792523,0.0894082,0.146344,1
blackbox_fullstate,45,80,0.0768406,0.0870342,0.144519,1
blackbox_fullstate,45,81,0.0752331,0.0873439,0.141798,1
blackbox_fullstate,45,82,0.0723377,0.0887126,0.14034,1
blackbox_fullstate,45,83,0.071267,0.0930475,0.138503,1
blackbox_fullstate,45,84,0.0716124,0.0873126,0.137268,1
blackbox_fullstate,45,85,0.0691118,0.0861774,0.136117,1
blackbox_fullstate,45,86,0.0687669,0.0831233,0.135346,1
blackbox_fullstate,45,87,0.067763,0.0765924,0.1351,1
blackbox_fullstate,45,88,0.0678443,0.0782167,0.136276,1
blackbox_fullstate,45,89,0.066357,0.0806198,0.136775,1
blackbox_fullstate,45,90,0.0651896,0.0752483,0.136918,1
blackbox_fullstate,45,91,0.0650126,0.0853008,0.134267,1
blackbox_fullstate,45,92,0.0671796,0.144756,0.134962,1
blackbox_fullstate,45,93,0.103706,0.0791388,0.142941,1
blackbox_fullstate,45,94,0.0896627,0.0980975,0.169931,1
blackbox_fullstate,45,95,0.0789105,0.0760936,0.182598,1
blackbox_fullstate,45,96,0.0716817,0.0990753,0.177456,1
blackbox_fullstate,45,97,0.069882,0.0946241,0.173476,1
blackbox_fullstate,45,98,0.0891132,0.0976663,0.173745,1
blackbox_fullstate,45,99,0.0762035,0.104465,0.176835,1
blackbox_fullstate,45,100,0.0720927,0.0815212,0.176215,1
blackbox_fullstate,45,101,0.0629721,0.0715445,0.181436,1
blackbox_fullstate,45,102,0.055219,0.0608931,0.180927,1
blackbox_fullstate,45,103,0.0521941,0.0642671,0.178485,1
blackbox_fullstate,45,104,0.0517717,0.063566,0.176856,1
blackbox_fullstate,45,105,0.050383,0.0644049,0.175252,1
blackbox_fullstate,45,106,0.050099,0.0615817,0.174344,1
blackbox_fullstate,45,107,0.0493648,0.0618534,0.173714,1
blackbox_fullstate,45,108,0.0484731,0.0588086,0.173633,1
blackbox_fullstate,45,109,0.0474519,0.0597154,0.173476,1
blackbox_fullstate,45,110,0.0468587,0.0576402,0.173882,1
blackbox_fullstate,45,111,0.0450454,0.0553031,0.174208,1
blackbox_fullstate,45,112,0.0430632,0.0514804,0.174842,1
blackbox_fullstate,45,113,0.0408581,0.0503611,0.174438,1
blackbox_fullstate,45,114,0.0394823,0.0473012,0.174357,1
blackbox_fullstate,45,115,0.0386003,0.0496066,0.175265,1
blackbox_fullstate,45,116,0.0382715,0.0466621,0.176681,1
blackbox_fullstate,45,117,0.0373266,0.0492748,0.177305,1
blackbox_fullstate,45,118,0.0372847,0.0443689,0.179248,1
blackbox_fullstate,45,119,0.0354117,0.0471742,0.179512,1
blackbox_fullstate,45,120,0.0354568,0.0429219,0.17966,1
blackbox_fullstate,45,121,0.0347793,0.0421707,0.18082,1
blackbox_fullstate,45,122,0.0345805,0.0400075,0.181241,1
blackbox_fullstate,45,123,0.0326669,0.0436326,0.181965,1
blackbox_fullstate,45,124,0.0319651,0.0384815,0.181662,1
blackbox_fullstate,45,125,0.0302539,0.0366064,0.181305,1
blackbox_fullstate,45,126,0.0291534,0.0352022,0.180825,1
blackbox_fullstate,45,127,0.0283543,0.0346042,0.180549,1
blackbox_fullstate,45,128,0.0278871,0.0333499,0.180491,1
blackbox_fullstate,45,129,0.0275035,0.0358724,0.180304,1
blackbox_fullstate,45,130,0.0280998,0.0333379,0.180028,1
blackbox_fullstate,45,131,0.02802,0.0345915,0.181044,1
blackbox_fullstate,45,132,0.0267909,0.0341287,0.179593,1
blackbox_fullstate,45,133,0.0264033,0.0323922,0.179364,1
blackbox_fullstate,45,134,0.0254177,0.0313514,0.178978,1
blackbox_fullstate,45,135,0.0250747,0.0305619,0.178371,1
blackbox_fullstate,45,136,0.0246398,0.0284169,0.179682,1
blackbox_fullstate,45,137,0.0239225,0.0297248,0.178657,1
blackbox_fullstate,45,138,0.0241302,0.0285737,0.179343,1
blackbox_fullstate,45,139,0.0245746,0.0293425,0.180804,1
blackbox_fullstate,45,140,0.0247415,0.0295079,0.180734,1
blackbox_fullstate,45,141,0.023916,0.0270487,0.183789,1
blackbox_fullstate,45,142,0.0228377,0.0271316,0.182456,1
blackbox_fullstate,45,143,0.0223384,0.0274619,0.182435,1
blackbox_fullstate,45,144,0.0222067,0.02632,0.183945,1
blackbox_fullstate,45,145,0.022179,0.0271416,0.184337,1
blackbox_fullstate,45,146,0.0226614,0.028329,0.18507,1
blackbox_fullstate,45,147,0.0221639,0.0267453,0.184812,1
blackbox_fullstate,45,148,0.0216135,0.0259033,0.187662,1
blackbox_fullstate,45,149,0.0210634,0.0237277,0.188471,1
blackbox_fullstate,45,150,0.021551,0.0247855,0.189484,1
blackbox_fullstate,45,151,0.0258948,0.0296245,0.188786,1
blackbox_fullstate,45,152,0.0278821,0.0282092,0.191326,1
blackbox_fullstate,45,153,0.0249447,0.0301203,0.198798,1
blackbox_fullstate,45,154,0.0382737,0.0333597,0.202974,1
blackbox_fullstate,45,155,0.0264229,0.0295813,0.205359,1
blackbox_fullstate,45,156,0.023956,0.030113,0.201544,1
blackbox_fullstate,45,157,0.0237182,0.0335933,0.199298,1
blackbox_fullstate,45,158,0.0259744,0.0259574,0.19812,1
blackbox_fullstate,45,159,0.0240554,0.0240365,0.198192,1
blackbox_fullstate,45,160,0.0213162,0.0222314,0.194739,1
blackbox_fullstate,45,161,0.0238962,0.0272927,0.194166,1
blackbox_fullstate,45,162,0.0204414,0.0245464,0.19522,1
blackbox_fullstate,45,163,0.0183947,0.0220465,0.193773,1
blackbox_fullstate,45,164,0.0178226,0.0223048,0.194343,1
blackbox_fullstate,45,165,0.0177343,0.0222457,0.195181,1
blackbox_fullstate,45,166,0.0176547,0.021417,0.196065,1
blackbox_fullstate,45,167,0.017382,0.0212151,0.196839,1
blackbox_fullstate,45,168,0.0172052,0.0211082,0.197964,1
blackbox_fullstate,45,169,0.0170747,0.0210885,0.198986,1
blackbox_fullstate,45,170,0.01695,0.0209311,0.200173,1
blackbox_fullstate,45,171,0.0168313,0.0203821,0.200994,1
blackbox_fullstate,45,172,0.0167231,0.0198228,0.20216,1
blackbox_fullstate,45,173,0.0165381,0.0202269,0.20311,1
blackbox_fullstate,45,174,0.0164202,0.020139,0.204422,1
blackbox_fullstate,45,175,0.0163082,0.0201185,0.205403,1
blackbox_fullstate,45,176,0.0161364,0.0201262,0.206792,1
blackbox_fullstate,45,177,0.0160373,0.0195785,0.207652,1
blackbox_fullstate,45,178,0.0158839,0.01936,0.208957,1
blackbox_fullstate,45,179,0.0157742,0.0195633,0.210196,1
blackbox_fullstate,45,180,0.0157035,0.0191253,0.211403,1
blackbox_fullstate,45,181,0.0155701,0.0192571,0.212367,1
blackbox_fullstate,45,182,0.015489,0.0187587,0.213537,1
blackbox_fullstate,45,183,0.0154142,0.0187754,0.214612,1
blackbox_fullstate,45,184,0.0152386,0.018375,0.215776,1
blackbox_fullstate,45,185,0.0151642,0.0181998,0.216728,1
blackbox_fullstate,45,186,0.0150274,0.0182484,0.217838,1
blackbox_fullstate,45,187,0.0149324,0.0181798,0.219155,1
blackbox_fullstate,45,188,0.0148376,0.0180271,0.219723,1
blackbox_fullstate,45,189,0.0147574,0.0177178,0.220984,1
blackbox_fullstate,45,190,0.0146683,0.0176165,0.221855,1
blackbox_fullstate,45,191,0.0145025,0.0175459,0.222467,1
blackbox_fullstate,45,192,0.0144649,0.0174947,0.223614,1
blackbox_fullstate,45,193,0.0144621,0.0174104,0.224629,1
blackbox_fullstate,45,194,0.0142515,0.0176578,0.225237,1
blackbox_fullstate,45,195,0.0142026,0.0170959,0.226252,1
blackbox_fullstate,45,196,0.013692,0.01658,0.227676,1
blackbox_fullstate,45,197,0.0135464,0.0165402,0.229001,1
blackbox_fullstate,45,198,0.0134455,0.0162107,0.23018,1
blackbox_fullstate,45,199,0.013325,0.0163011,0.231728,1
blackbox_fullstate,45,200,0.0132765,0.0160925,0.232758,1
blackbox_fullstate,45,201,0.0131237,0.0158415,0.233594,1
blackbox_fullstate,45,202,0.0130912,0.016053,0.234362,1
blackbox_fullstate,45,203,0.0130419,0.0157112,0.235151,1
blackbox_fullstate,45,204,0.0130226,0.0157954,0.235795,1
blackbox_fullstate,45,205,0.0129274,0.0156449,0.236508,1
blackbox_fullstate,45,206,0.0128406,0.015562,0.237082,1
blackbox_fullstate,45,207,0.0127551,0.0155216,0.237662,1
blackbox_fullstate,45,208,0.0126966,0.0152325,0.238187,1
blackbox_fullstate,45,209,0.0126249,0.015214,0.23853,1
blackbox_fullstate,45,210,0.0126204,0.0151184,0.239011,1
blackbox_fullstate,45,211,0.0125542,0.0150837,0.239446,1
blackbox_fullstate,45,212,0.0124958,0.0152231,0.239927,1
blackbox_fullstate,45,213,0.012438,0.0149512,0.240052,1
blackbox_fullstate,45,214,0.0123971,0.0148677,0.24048,1
blackbox_fullstate,45,215,0.0123017,0.0147934,0.240839,1
blackbox_fullstate,45,216,0.0122676,0.0147719,0.241037,1
blackbox_fullstate,45,217,0.0122263,0.0147392,0.241427,1
blackbox_fullstate,45,218,0.0121757,0.0146283,0.241471,1
blackbox_fullstate,45,219,0.0121237,0.0145347,0.241775,1
blackbox_fullstate,45,220,0.0121217,0.0144462,0.241974,1
blackbox_fullstate,45,221,0.0120487,0.0145158,0.242376,1
blackbox_fullstate,45,222,0.0120315,0.0144157,0.242474,1
blackbox_fullstate,45,223,0.012013,0.0142837,0.242617,1
blackbox_fullstate,45,224,0.011934,0.0143304,0.242824,1
blackbox_fullstate,45,225,0.0119252,0.0142785,0.243031,1
blackbox_fullstate,45,226,0.0118753,0.0141681,0.243121,1
blackbox_fullstate,45,227,0.0118404,0.0142099,0.243244,1
blackbox_fullstate,45,228,0.0118157,0.0141646,0.243424,1
blackbox_fullstate,45,229,0.0117934,0.0140469,0.243766,1
blackbox_fullstate,45,230,0.0117513,0.0140288,0.243756,1
blackbox_fullstate,45,231,0.0117359,0.0140469,0.243964,1
blackbox_fullstate,45,232,0.011744,0.0140692,0.244107,1
blackbox_fullstate,45,233,0.0117109,0.0139339,0.244005,1
blackbox_fullstate,45,234,0.0116885,0.0139211,0.244076,1
blackbox_fullstate,45,235,0.0116624,0.0139397,0.24421,1
blackbox_fullstate,45,236,0.0116379,0.0138441,0.244412,1
blackbox_fullstate,45,237,0.0116104,0.0138233,0.244472,1
blackbox_fullstate,45,238,0.0116027,0.013774,0.244507,1
blackbox_fullstate,45,239,0.0115713,0.0137653,0.244639,1
blackbox_fullstate,45,240,0.0115627,0.0137581,0.244727,1
blackbox_fullstate,45,241,0.011545,0.0137573,0.24478,1
blackbox_fullstate,45,242,0.0115266,0.0137275,0.244836,1
blackbox_fullstate,45,243,0.0115024,0.0137216,0.244779,1
blackbox_fullstate,45,244,0.0115073,0.0137094,0.24493,1
blackbox_fullstate,45,245,0.0114833,0.0137011,0.245057,1
blackbox_fullstate,45,246,0.0114835,0.0136502,0.245039,1
blackbox_fullstate,45,247,0.0114622,0.013623,0.245066,1
blackbox_fullstate,45,248,0.0114394,0.0136201,0.245188,1
blackbox_fullstate,45,249,0.0114485,0.0136079,0.245209,1
blackbox_fullstate,45,250,0.0114238,0.0135717,0.245283,1
blackbox_fullstate,46,1,1.44433,1.59486,0.00101595,1
blackbox_fullstate,46,2,1.31474,1.15028,0.0284709,1
blackbox_fullstate,46,3,0.727722,0.545624,0.34912,1
blackbox_fullstate,46,4,0.519616,0.476902,0.218683,1
blackbox_fullstate,46,5,0.478898,0.456048,0.163472,1
blackbox_fullstate,46,6,0.453472,0.430759,0.11114,1
blackbox_fullstate,46,7,0.417679,0.404092,0.0742529,1
blackbox_fullstate,46,8,0.390387,0.44266,0.0544729,1
blackbox_fullstate,46,9,0.373832,0.343272,0.0611988,1
blackbox_fullstate,46,10,0.446166,0.639211,0.0897854,1
blackbox_fullstate,46,11,0.373874,0.384904,0.135721,1
blackbox_fullstate,46,12,0.341655,0.305936,0.180704,1
blackbox_fullstate,46,13,0.362779,0.366314,0.209503,1
blackbox_fullstate,46,14,0.340493,0.332856,0.228166,1
blackbox_fullstate,46,15,0.318763,0.323579,0.229133,1
blackbox_fullstate,46,16,0.308269,0.31994,0.21447,1
blackbox_fullstate,46,17,0.301196,0.301577,0.196748,1
blackbox_fullstate,46,18,0.295839,0.303707,0.182293,1
blackbox_fullstate,46,19,0.292188,0.292293,0.174611,1
blackbox_fullstate,46,20,0.287581,0.293714,0.16599,1
blackbox_fullstate,46,21,0.282497,0.283021,0.161045,1
blackbox_fullstate,46,22,0.276304,0.275295,0.160486,1
blackbox_fullstate,46,23,0.26966,0.306685,0.150038,1
blackbox_fullstate,46,24,0.349474,0.344993,0.163324,1
blackbox_fullstate,46,25,0.292611,0.387111,0.212486,1
blackbox_fullstate,46,26,0.374154,0.288291,0.264845,1
blackbox_fullstate,46,27,0.278024,0.260293,0.295324,1
blackbox_fullstate,46,28,0.30286,0.332668,0.29772,1
blackbox_fullstate,46,29,0.277077,0.285088,0.295291,1
blackbox_fullstate,46,30,0.256156,0.259347,0.284689,1
blackbox_fullstate,46,31,0.245217,0.280569,0.270042,1
blackbox_fullstate,46,32,0.243393,0.243974,0.25674,1
blackbox_fullstate,46,33,0.237136,0.241431,0.244355,1
blackbox_fullstate,46,34,0.234461,0.244827,0.233566,1
blackbox_fullstate,46,35,0.233661,0.244876,0.224166,1
blackbox_fullstate,46,36,0.232024,0.2454,0.216426,1
blackbox_fullstate,46,37,0.229869,0.237425,0.209394,1
blackbox_fullstate,46,38,0.227405,0.240868,0.203018,1
blackbox_fullstate,46,39,0.224937,0.231685,0.197797,1
blackbox_fullstate,46,40,0.223186,0.233569,0.192981,1
blackbox_fullstate,46,41,0.218163,0.233801,0.188319,1
blackbox_fullstate,46,42,0.212686,0.226117,0.184973,1
blackbox_fullstate,46,43,0.207646,0.221245,0.182474,1
blackbox_fullstate,46,44,0.203755,0.222766,0.180432,1
blackbox_fullstate,46,45,0.206534,0.220684,0.176327,1
blackbox_fullstate,46,46,0.215795,0.233214,0.172843,1
blackbox_fullstate,46,47,0.213075,0.244971,0.186699,1
blackbox_fullstate,46,48,0.22058,0.242306,0.204393,1
blackbox_fullstate,46,49,0.21475,0.237414,0.220736,1
blackbox_fullstate,46,50,0.213132,0.254721,0.24256,1
blackbox_fullstate,46,51,0.202958,0.20195,0.24676,1
blackbox_fullstate,46,52,0.195441,0.210587,0.242245,1
blackbox_fullstate,46,53,0.19,0.197623,0.231856,1
blackbox_fullstate,46,54,0.187031,0.199528,0.217968,1
blackbox_fullstate,46,55,0.186049,0.19584,0.206206,1
blackbox_fullstate,46,56,0.184078,0.195427,0.195588,1
blackbox_fullstate,46,57,0.182895,0.19119,0.186475,1
blackbox_fullstate,46,58,0.181397,0.189414,0.178558,1
blackbox_fullstate,46,59,0.179147,0.186032,0.170998,1
blackbox_fullstate,46,60,0.176681,0.178896,0.162489,1
blackbox_fullstate,46,61,0.171247,0.174945,0.153319,1
blackbox_fullstate,46,62,0.160826,0.164365,0.166823,1
blackbox_fullstate,46,63,0.15066,0.158942,0.204942,1
blackbox_fullstate,46,64,0.140741,0.150284,0.220874,1
blackbox_fullstate,46,65,0.133037,0.141353,0.21411,1
blackbox_fullstate,46,66,0.129974,0.154113,0.208398,1
blackbox_fullstate,46,67,0.128369,0.14285,0.202413,1
blackbox_fullstate,46,68,0.123698,0.131996,0.198504,1
blackbox_fullstate,46,69,0.119893,0.129816,0.191385,1
blackbox_fullstate,46,70,0.11566,0.128543,0.185765,1
blackbox_fullstate,46,71,0.112567,0.120048,0.179495,1
blackbox_fullstate,46,72,0.109467,0.123944,0.176392,1
blackbox_fullstate,46,73,0.106199,0.114867,0.179069,1
blackbox_fullstate,46,74,0.102681,0.112548,0.18443,1
blackbox_fullstate,46,75,0.0977954,0.110833,0.190762,1
blackbox_fullstate,46,76,0.0938573,0.105072,0.194247,1
blackbox_fullstate,46,77,0.0905788,0.111233,0.190323,1
blackbox_fullstate,46,78,0.0879323,0.108855,0.185225,1
blackbox_fullstate,46,79,0.0847101,0.10273,0.179838,1
blackbox_fullstate,46,80,0.0825818,0.101093,0.172345,1
blackbox_fullstate,46,81,0.0805451,0.0958814,0.168163,1
blackbox_fullstate,46,82,0.0784855,0.101751,0.1605,1
blackbox_fullstate,46,83,0.0785216,0.0925204,0.155477,1
blackbox_fullstate,46,84,0.0767162,0.0874255,0.153034,1
blackbox_fullstate,46,85,0.0769502,0.0890756,0.150234,1
blackbox_fullstate,46,86,0.0872107,0.148574,0.153833,1
blackbox_fullstate,46,87,0.104985,0.10961,0.158351,1
blackbox_fullstate,46,88,0.0911314,0.1033,0.176036,1
blackbox_fullstate,46,89,0.0767319,0.0784366,0.176385,1
blackbox_fullstate,46,90,0.0662609,0.083697,0.174035,1
blackbox_fullstate,46,91,0.0638113,0.0864492,0.170867,1
blackbox_fullstate,46,92,0.0620373,0.0831808,0.169781,1
blackbox_fullstate,46,93,0.0609045,0.0847537,0.168723,1
blackbox_fullstate,46,94,0.0599253,0.0814758,0.167727,1
blackbox_fullstate,46,95,0.0588749,0.0781857,0.167334,1
blackbox_fullstate,46,96,0.0577787,0.0761376,0.166754,1
blackbox_fullstate,46,97,0.0566765,0.0750368,0.166612,1
blackbox_fullstate,46,98,0.0555018,0.0797767,0.166382,1
blackbox_fullstate,46,99,0.0554138,0.0726362,0.166819,1
blackbox_fullstate,46,100,0.0539018,0.0724566,0.167374,1
blackbox_fullstate,46,101,0.0536035,0.0705402,0.168054,1
blackbox_fullstate,46,102,0.0529027,0.0716435,0.1689,1
blackbox_fullstate,46,103,0.0526464,0.0653357,0.169573,1
blackbox_fullstate,46,104,0.0518988,0.0657805,0.17082,1
blackbox_fullstate,46,105,0.0509929,0.0669194,0.171092,1
blackbox_fullstate,46,106,0.0500021,0.066403,0.171939,1
blackbox_fullstate,46,107,0.0489555,0.0661182,0.172326,1
blackbox_fullstate,46,108,0.0483081,0.0629819,0.172594,1
blackbox_fullstate,46,109,0.0485312,0.0621848,0.173269,1
blackbox_fullstate,46,110,0.0602283,0.103656,0.174295,1
blackbox_fullstate,46,111,0.0697784,0.058891,0.176038,1
blackbox_fullstate,46,112,0.0536975,0.0560424,0.183717,1
blackbox_fullstate,46,113,0.0546441,0.0527902,0.181617,1
blackbox_fullstate,46,114,0.0453266,0.0484716,0.180471,1
blackbox_fullstate,46,115,0.0383367,0.0444014,0.17809,1
blackbox_fullstate,46,116,0.0349093,0.0418585,0.175159,1
blackbox_fullstate,46,117,0.0334493,0.0433819,0.173105,1
blackbox_fullstate,46,118,0.0327327,0.0422336,0.171895,1
blackbox_fullstate,46,119,0.0322437,0.0416071,0.170886,1
blackbox_fullstate,46,120,0.0315755,0.0388532,0.171355,1
blackbox_fullstate,46,121,0.0309778,0.0387309,0.171448,1
blackbox_fullstate,46,122,0.0304716,0.0378599,0.171287,1
blackbox_fullstate,46,123,0.0298509,0.0383156,0.171731,1
blackbox_fullstate,46,124,0.0296268,0.0377572,0.172346,1
blackbox_fullstate,46,125,0.0291471,0.0349362,0.17325,1
blackbox_fullstate,46,126,0.028422,0.0349409,0.173244,1
blackbox_fullstate,46,127,0.0283934,0.0361206,0.174218,1
blackbox_fullstate,46,128,0.0279788,0.0346622,0.175192,1
blackbox_fullstate,46,129,0.0276473,0.0346337,0.175208,1
blackbox_fullstate,46,130,0.0276696,0.0341079,0.176413,1
blackbox_fullstate,46,131,0.0282506,0.0397646,0.176978,1
blackbox_fullstate,46,132,0.0290293,0.0315922,0.177965,1
blackbox_fullstate,46,133,0.0285582,0.0318648,0.1794,1
blackbox_fullstate,46,134,0.026919,0.0319389,0.179846,1
blackbox_fullstate,46,135,0.025777,0.0314704,0.180147,1
blackbox_fullstate,46,136,0.0254491,0.0309157,0.180566,1
blackbox_fullstate,46,137,0.0254092,0.0299383,0.181409,1
blackbox_fullstate,46,138,0.0251066,0.0309429,0.182122,1
blackbox_fullstate,46,139,0.0247606,0.0301702,0.182436,1
blackbox_fullstate,46,140,0.0240144,0.027881,0.182978,1
blackbox_fullstate,46,141,0.0237073,0.0286393,0.183363,1
blackbox_fullstate,46,142,0.0235163,0.0283566,0.183981,1
blackbox_fullstate,46,143,0.0232535,0.0280405,0.184476,1
blackbox_fullstate,46,144,0.0230967,0.0270056,0.184771,1
blackbox_fullstate,46,145,0.0231913,0.028633,0.184828,1
blackbox_fullstate,46,146,0.0263929,0.0299874,0.186438,1
blackbox_fullstate,46,147,0.0447281,0.0454996,0.192017,1
blackbox_fullstate,46,148,0.0344747,0.0322988,0.198285,1
blackbox_fullstate,46,149,0.0255731,0.0276029,0.198116,1
blackbox_fullstate,46,150,0.0229157,0.0269341,0.196432,1
blackbox_fullstate,46,151,0.0219608,0.0266288,0.196078,1
blackbox_fullstate,46,152,0.0215759,0.0262717,0.195868,1
blackbox_fullstate,46,153,0.0213997,0.0255475,0.195932,1
blackbox_fullstate,46,154,0.0211528,0.0253906,0.195542,1
blackbox_fullstate,46,155,0.0209494,0.0246028,0.195356,1
blackbox_fullstate,46,156,0.0206727,0.0248689,0.195373,1
blackbox_fullstate,46,157,0.020417,0.0245914,0.195228,1
blackbox_fullstate,46,158,0.0202989,0.0242429,0.194881,1
blackbox_fullstate,46,159,0.0199808,0.0239557,0.195126,1
blackbox_fullstate,46,160,0.0198216,0.0241632,0.195138,1
blackbox_fullstate,46,161,0.019677,0.0234817,0.194894,1
blackbox_fullstate,46,162,0.019458,0.023741,0.195071,1
blackbox_fullstate,46,163,0.019193,0.0233307,0.194845,1
blackbox_fullstate,46,164,0.0190491,0.0232146,0.19492,1
blackbox_fullstate,46,165,0.0189205,0.0223675,0.194785,1
blackbox_fullstate,46,166,0.0187282,0.0220533,0.194801,1
blackbox_fullstate,46,167,0.0185492,0.0223266,0.195087,1
blackbox_fullstate,46,168,0.0183653,0.0223161,0.195052,1
blackbox_fullstate,46,169,0.0181642,0.022467,0.195156,1
blackbox_fullstate,46,170,0.0181918,0.0215323,0.19459,1
blackbox_fullstate,46,171,0.0178178,0.0211859,0.195346,1
blackbox_fullstate,46,172,0.0176187,0.0215532,0.195009,1
blackbox_fullstate,46,173,0.0175834,0.0204309,0.195084,1
blackbox_fullstate,46,174,0.0174384,0.0214637,0.195414,1
blackbox_fullstate,46,175,0.0174971,0.0203259,0.195475,1
blackbox_fullstate,46,176,0.0172033,0.0202574,0.19562,1
blackbox_fullstate,46,177,0.0170251,0.0207763,0.195233,1
blackbox_fullstate,46,178,0.0167284,0.0195403,0.195507,1
blackbox_fullstate,46,179,0.0163999,0.0197941,0.195674,1
blackbox_fullstate,46,180,0.0162042,0.0194174,0.196072,1
blackbox_fullstate,46,181,0.0161032,0.0187305,0.195301,1
blackbox_fullstate,46,182,0.0158552,0.0188584,0.195601,1
blackbox_fullstate,46,183,0.0157497,0.0189395,0.195456,1
blackbox_fullstate,46,184,0.0156217,0.0186063,0.19536,1
blackbox_fullstate,46,185,0.0153745,0.0181911,0.195601,1
blackbox_fullstate,46,186,0.0152585,0.0180915,0.194983,1
blackbox_fullstate,46,187,0.0151462,0.0175863,0.194578,1
blackbox_fullstate,46,188,0.0149793,0.0177139,0.194443,1
blackbox_fullstate,46,189,0.0148187,0.0177258,0.194034,1
blackbox_fullstate,46,190,0.0147369,0.0172614,0.19379,1
blackbox_fullstate,46,191,0.0146438,0.0172554,0.193418,1
blackbox_fullstate,46,192,0.014422,0.01702,0.193151,1
blackbox_fullstate,46,193,0.0143681,0.0172641,0.192558,1
blackbox_fullstate,46,194,0.0144449,0.0166241,0.192272,1
blackbox_fullstate,46,195,0.014748,0.0166033,0.191939,1
blackbox_fullstate,46,196,0.0137502,0.0158038,0.191506,1
blackbox_fullstate,46,197,0.0134699,0.0157362,0.190383,1
blackbox_fullstate,46,198,0.0134227,0.0158203,0.190081,1
blackbox_fullstate,46,199,0.0133362,0.0158743,0.19015,1
blackbox_fullstate,46,200,0.0131589,0.0152234,0.189771,1
blackbox_fullstate,46,201,0.013079,0.0152679,0.189583,1
blackbox_fullstate,46,202,0.0129446,0.015083,0.189364,1
blackbox_fullstate,46,203,0.0128249,0.0150123,0.189335,1
blackbox_fullstate,46,204,0.0127621,0.014866,0.189294,1
blackbox_fullstate,46,205,0.0126651,0.0149991,0.189198,1
blackbox_fullstate,46,206,0.0126627,0.0148226,0.188977,1
blackbox_fullstate,46,207,0.0125848,0.0147643,0.188831,1
blackbox_fullstate,46,208,0.0125157,0.0147322,0.188591,1
blackbox_fullstate,46,209,0.012465,0.0146701,0.188737,1
blackbox_fullstate,46,210,0.012425,0.0146348,0.18869,1
blackbox_fullstate,46,211,0.0123649,0.0144788,0.188673,1
blackbox_fullstate,46,212,0.0123281,0.0144093,0.188486,1
blackbox_fullstate,46,213,0.0122667,0.014303,0.188423,1
blackbox_fullstate,46,214,0.012269,0.0145662,0.188444,1
blackbox_fullstate,46,215,0.0121927,0.014217,0.188462,1
blackbox_fullstate,46,216,0.0120871,0.0140823,0.188373,1
blackbox_fullstate,46,217,0.0120481,0.0141537,0.188305,1
blackbox_fullstate,46,218,0.0120291,0.0140202,0.188329,1
blackbox_fullstate,46,219,0.0119927,0.0141522,0.188322,1
blackbox_fullstate,46,220,0.0119996,0.0139746,0.188185,1
blackbox_fullstate,46,221,0.0119515,0.0139344,0.188356,1
blackbox_fullstate,46,222,0.0119121,0.0139746,0.18825,1
blackbox_fullstate,46,223,0.0118855,0.0138553,0.188235,1
blackbox_fullstate,46,224,0.0118545,0.0140325,0.188286,1
blackbox_fullstate,46,225,0.0118474,0.0138033,0.188272,1
blackbox_fullstate,46,226,0.0118042,0.0137828,0.188214,1
blackbox_fullstate,46,227,0.0117906,0.0137921,0.188296,1
blackbox_fullstate,46,228,0.0117393,0.0137894,0.188292,1
blackbox_fullstate,46,229,0.0117266,0.0137498,0.188311,1
blackbox_fullstate,46,230,0.011707,0.013741,0.188332,1
blackbox_fullstate,46,231,0.0116643,0.0136551,0.188307,1
blackbox_fullstate,46,232,0.0116607,0.0136252,0.188219,1
blackbox_fullstate,46,233,0.0116364,0.013646,0.18827,1
blackbox_fullstate,46,234,0.0116259,0.0136213,0.188252,1
blackbox_fullstate,46,235,0.0115945,0.0136031,0.188181,1
blackbox_fullstate,46,236,0.0115926,0.0135887,0.18818,1
blackbox_fullstate,46,237,0.0115908,0.0135485,0.188125,1
blackbox_fullstate,46,238,0.0115751,0.0135497,0.18822,1
blackbox_fullstate,46,239,0.0115757,0.0135718,0.188161,1
blackbox_fullstate,46,240,0.0115473,0.013533,0.188046,1
blackbox_fullstate,46,241,0.011528,0.0134854,0.188153,1
blackbox_fullstate,46,242,0.0115259,0.0134902,0.188065,1
blackbox_fullstate,46,243,0.0115081,0.0134871,0.1882,1
blackbox_fullstate,46,244,0.0114822,0.0134907,0.188092,1
blackbox_fullstate,46,245,0.0114888,0.0134935,0.188156,1
blackbox_fullstate,46,246,0.0114806,0.0134432,0.188114,1
blackbox_fullstate,46,247,0.0114865,0.0134494,0.188144,1
blackbox_fullstate,46,248,0.011459,0.0134263,0.18813,1
blackbox_fullstate,46,249,0.0114588,0.0133645,0.18807,1
blackbox_fullstate,46,250,0.0114297,0.0133622,0.18802,1
ablate_no_lift,42,1,4.37251,5.05111,1.25928e-07,1
ablate_no_lift,42,2,3.56654,4.26587,1.18949e-07,1
ablate_no_lift,42,3,3.00086,3.42967,1.16084e-07,1
ablate_no_lift,42,4,2.17735,1.93498,1.1503e-07,1
ablate_no_lift,42,5,1.28153,1.35078,1.38719e-07,1
ablate_no_lift,42,6,1.00026,0.981194,1.30104e-07,1
ablate_no_lift,42,7,0.999936,1.03741,1.18915e-07,1
ablate_no_lift,42,8,0.613711,0.564659,1.14612e-07,1
ablate_no_lift,42,9,1.02164,0.779766,1.15826e-07,1
ablate_no_lift,42,10,0.749897,0.537939,1.16879e-07,1
ablate_no_lift,42,11,0.566898,1.09402,1.14904e-07,1
ablate_no_lift,42,12,0.702378,0.436038,1.17784e-07,1
ablate_no_lift,42,13,0.64547,0.700873,1.18346e-07,1
ablate_no_lift,42,14,0.889116,0.63906,1.51512e-07,1
ablate_no_lift,42,15,0.641735,1.51982,1.39559e-07,1
ablate_no_lift,42,16,0.938618,1.09791,1.52288e-07,1
ablate_no_lift,42,17,4.08258,3.41122,4.99192e-06,1
ablate_no_lift,42,18,1.26864,0.868934,1.66747e-07,1
ablate_no_lift,42,19,0.527862,0.84807,1.65495e-07,1
ablate_no_lift,42,20,0.483799,0.605884,1.1526e-07,1
ablate_no_lift,42,21,0.403544,0.396494,1.14567e-07,1
ablate_no_lift,42,22,0.346228,0.521575,1.14899e-07,1
ablate_no_lift,42,23,0.406735,0.609081,1.15192e-07,1
ablate_no_lift,42,24,0.600534,0.80983,1.2154e-07,1
ablate_no_lift,42,25,0.422566,0.867488,1.22057e-07,1
ablate_no_lift,42,26,0.656135,0.498937,1.25102e-07,1
ablate_no_lift,42,27,0.405723,0.375025,1.13345e-07,1
ablate_no_lift,42,28,0.313576,0.439018,1.13391e-07,1
ablate_no_lift,42,29,0.469573,1.42235,1.13672e-07,1
ablate_no_lift,42,30,0.553142,0.334184,1.13976e-07,1
ablate_no_lift,42,31,0.259846,0.304324,1.13638e-07,1
ablate_no_lift,42,32,0.266793,1.93494,1.13821e-07,1
ablate_no_lift,42,33,0.990307,0.473905,1.23958e-07,1
ablate_no_lift,42,34,0.325754,0.290062,1.13064e-07,1
ablate_no_lift,42,35,0.236453,0.232564,1.13748e-07,1
ablate_no_lift,42,36,0.218686,0.22412,1.136e-07,1
ablate_no_lift,42,37,0.176271,0.163992,1.13539e-07,1
ablate_no_lift,42,38,0.191974,0.292517,1.14493e-07,1
ablate_no_lift,42,39,0.215432,0.155706,1.14141e-07,1
ablate_no_lift,42,40,0.151417,0.402138,1.14379e-07,1
ablate_no_lift,42,41,0.196711,0.170081,1.14328e-07,1
ablate_no_lift,42,42,0.147992,0.228917,1.14152e-07,1
ablate_no_lift,42,43,0.130331,0.124695,1.14572e-07,1
ablate_no_lift,42,44,0.098284,0.0956957,1.148e-07,1
ablate_no_lift,42,45,0.0939549,0.0862054,1.15005e-07,1
ablate_no_lift,42,46,0.266717,0.291856,1.15052e-07,1
ablate_no_lift,42,47,0.228752,0.28343,1.13908e-07,1
ablate_no_lift,42,48,0.185899,0.157573,1.14182e-07,1
ablate_no_lift,42,49,0.17168,0.415064,1.14697e-07,1
ablate_no_lift,42,50,0.228943,0.26037,1.15285e-07,1
ablate_no_lift,42,51,0.143294,0.116812,1.1438e-07,1
ablate_no_lift,42,52,0.106517,0.0779193,1.15234e-07,1
ablate_no_lift,42,53,0.0839907,0.120434,1.15555e-07,1
ablate_no_lift,42,54,0.100153,0.0800319,1.15986e-07,1
ablate_no_lift,42,55,0.0953112,0.0943828,1.15571e-07,1
ablate_no_lift,42,56,0.0675201,0.0529015,1.15351e-07,1
ablate_no_lift,42,57,0.0617339,0.119326,1.15969e-07,1
ablate_no_lift,42,58,0.0951005,0.0816396,1.15826e-07,1
ablate_no_lift,42,59,0.0880088,0.0885178,1.15026e-07,1
ablate_no_lift,42,60,0.0709083,0.0681902,1.15615e-07,1
ablate_no_lift,42,61,0.0947964,0.091422,1.15763e-07,1
ablate_no_lift,42,62,0.0666293,0.0488967,1.15503e-07,1
ablate_no_lift,42,63,0.0565708,0.0548659,1.1577e-07,1
ablate_no_lift,42,64,0.0598162,0.0405404,1.1527e-07,1
ablate_no_lift,42,65,0.0480815,0.0481777,1.15601e-07,1
ablate_no_lift,42,66,0.036374,0.0385355,1.15359e-07,1
ablate_no_lift,42,67,0.0492137,0.0367254,1.15814e-07,1
ablate_no_lift,42,68,0.0529284,0.0455357,1.15414e-07,1
ablate_no_lift,42,69,0.0399088,0.0369051,1.15431e-07,1
ablate_no_lift,42,70,0.0356606,0.0682124,1.15383e-07,1
ablate_no_lift,42,71,0.0295757,0.0407882,1.1563e-07,1
ablate_no_lift,42,72,0.0311854,0.0242644,1.15762e-07,1
ablate_no_lift,42,73,0.0198789,0.0638195,1.15665e-07,1
ablate_no_lift,42,74,0.0315994,0.0392116,1.15992e-07,1
ablate_no_lift,42,75,0.0259979,0.0202026,1.15917e-07,1
ablate_no_lift,42,76,0.0137835,0.015473,1.16139e-07,1
ablate_no_lift,42,77,0.0115679,0.0135809,1.16344e-07,1
ablate_no_lift,42,78,0.0110494,0.0169907,1.16371e-07,1
ablate_no_lift,42,79,0.0198124,0.0464188,1.16562e-07,1
ablate_no_lift,42,80,0.0174337,0.0139233,1.16096e-07,1
ablate_no_lift,42,81,0.0248054,0.0792749,1.16304e-07,1
ablate_no_lift,42,82,0.0442671,0.017265,1.15991e-07,1
ablate_no_lift,42,83,0.0210849,0.0165743,1.16163e-07,1
ablate_no_lift,42,84,0.0124982,0.00889198,1.16162e-07,1
ablate_no_lift,42,85,0.0101101,0.0132547,1.16213e-07,1
ablate_no_lift,42,86,0.0109366,0.0326204,1.16438e-07,1
ablate_no_lift,42,87,0.0178046,0.022062,1.16383e-07,1
ablate_no_lift,42,88,0.0168714,0.0224783,1.16304e-07,1
ablate_no_lift,42,89,0.015421,0.0335973,1.16112e-07,1
ablate_no_lift,42,90,0.0146652,0.0103499,1.16319e-07,1
ablate_no_lift,42,91,0.011361,0.027182,1.16435e-07,1
ablate_no_lift,42,92,0.0140413,0.0222368,1.16459e-07,1
ablate_no_lift,42,93,0.0136525,0.00925101,1.16168e-07,1
ablate_no_lift,42,94,0.0136892,0.0109285,1.16334e-07,1
ablate_no_lift,42,95,0.0123208,0.00903019,1.16217e-07,1
ablate_no_lift,42,96,0.00994666,0.012569,1.16317e-07,1
ablate_no_lift,42,97,0.0118258,0.0226664,1.16448e-07,1
ablate_no_lift,42,98,0.0113755,0.0115064,1.16464e-07,1
ablate_no_lift,42,99,0.00943496,0.0076668,1.16485e-07,1
ablate_no_lift,42,100,0.00856338,0.00927628,1.16753e-07,1
ablate_no_lift,42,101,0.00832331,0.00689103,1.16831e-07,1
ablate_no_lift,42,102,0.00764057,0.00716693,1.16767e-07,1
ablate_no_lift,42,103,0.011857,0.0139227,1.16737e-07,1
ablate_no_lift,42,104,0.0115075,0.0101986,1.16488e-07,1
ablate_no_lift,42,105,0.0111139,0.00938845,1.16459e-07,1
ablate_no_lift,42,106,0.0111414,0.00855298,1.16523e-07,1
ablate_no_lift,42,107,0.0112771,0.00888472,1.16583e-07,1
ablate_no_lift,42,108,0.0103516,0.010009,1.16601e-07,1
ablate_no_lift,42,109,0.00906599,0.00809242,1.16539e-07,1
ablate_no_lift,42,110,0.00920066,0.0123383,1.16548e-07,1
ablate_no_lift,42,111,0.00932256,0.00808089,1.16587e-07,1
ablate_no_lift,42,112,0.00891445,0.00968319,1.16349e-07,1
ablate_no_lift,42,113,0.00868651,0.00857304,1.16539e-07,1
ablate_no_lift,42,114,0.00831353,0.00983888,1.1688e-07,1
ablate_no_lift,42,115,0.00830362,0.00934136,1.16758e-07,1
ablate_no_lift,42,116,0.00803684,0.00810211,1.16686e-07,1
ablate_no_lift,42,117,0.00738607,0.00798377,1.16812e-07,1
ablate_no_lift,42,118,0.00628046,0.00593087,1.16623e-07,1
ablate_no_lift,42,119,0.00575054,0.00678454,1.16837e-07,1
ablate_no_lift,42,120,0.00568925,0.00732997,1.17028e-07,1
ablate_no_lift,42,121,0.00555811,0.00639251,1.16857e-07,1
ablate_no_lift,42,122,0.00598889,0.00700328,1.16827e-07,1
ablate_no_lift,42,123,0.00741691,0.0067385,1.16652e-07,1
ablate_no_lift,42,124,0.00549247,0.00560843,1.16956e-07,1
ablate_no_lift,42,125,0.00508519,0.0048902,1.1696e-07,1
ablate_no_lift,42,126,0.0051764,0.00477117,1.16923e-07,1
ablate_no_lift,42,127,0.00764957,0.00862306,1.16849e-07,1
ablate_no_lift,42,128,0.00736908,0.00703463,1.17041e-07,1
ablate_no_lift,42,129,0.00724555,0.00536982,1.16778e-07,1
ablate_no_lift,42,130,0.00691655,0.005239,1.16983e-07,1
ablate_no_lift,42,131,0.00762022,0.00675086,1.16798e-07,1
ablate_no_lift,42,132,0.00574877,0.00573621,1.16822e-07,1
ablate_no_lift,42,133,0.00505257,0.00547358,1.16919e-07,1
ablate_no_lift,42,134,0.00469012,0.00472549,1.16993e-07,1
ablate_no_lift,42,135,0.00438293,0.00459764,1.16958e-07,1
ablate_no_lift,42,136,0.00439416,0.00464352,1.16998e-07,1
ablate_no_lift,42,137,0.00440452,0.00464427,1.16976e-07,1
ablate_no_lift,42,138,0.00436529,0.00466227,1.16996e-07,1
ablate_no_lift,42,139,0.004359,0.00513633,1.17164e-07,1
ablate_no_lift,42,140,0.00459261,0.00463454,1.16848e-07,1
ablate_no_lift,42,141,0.00433774,0.0045656,1.17233e-07,1
ablate_no_lift,42,142,0.00428685,0.0044741,1.17186e-07,1
ablate_no_lift,42,143,0.00435687,0.00445878,1.17266e-07,1
ablate_no_lift,42,144,0.0042954,0.00464557,1.1704e-07,1
ablate_no_lift,42,145,0.00425244,0.00450806,1.17096e-07,1
ablate_no_lift,42,146,0.0042318,0.00449655,1.17231e-07,1
ablate_no_lift,42,147,0.00424872,0.00456414,1.17142e-07,1
ablate_no_lift,42,148,0.004246,0.00457839,1.17251e-07,1
ablate_no_lift,42,149,0.00420332,0.00446529,1.17166e-07,1
ablate_no_lift,42,150,0.0042293,0.00444108,1.17429e-07,1
ablate_no_lift,42,151,0.00421316,0.00439391,1.17207e-07,1
ablate_no_lift,42,152,0.00426708,0.00450713,1.17336e-07,1
ablate_no_lift,42,153,0.00419723,0.00447783,1.17267e-07,1
ablate_no_lift,42,154,0.00417428,0.00435673,1.17205e-07,1
ablate_no_lift,42,155,0.00412884,0.00434645,1.17184e-07,1
ablate_no_lift,42,156,0.00413933,0.00448422,1.17104e-07,1
ablate_no_lift,42,157,0.00414582,0.00442554,1.17274e-07,1
ablate_no_lift,42,158,0.00417247,0.00443054,1.17147e-07,1
ablate_no_lift,42,159,0.00407705,0.00430448,1.17399e-07,1
ablate_no_lift,42,160,0.00410727,0.00447121,1.17131e-07,1
ablate_no_lift,42,161,0.00412948,0.00435649,1.17403e-07,1
ablate_no_lift,42,162,0.00407284,0.00430509,1.17431e-07,1
ablate_no_lift,42,163,0.00412535,0.00441062,1.17185e-07,1
ablate_no_lift,42,164,0.00413328,0.00428398,1.17205e-07,1
ablate_no_lift,42,165,0.00408603,0.00432794,1.17185e-07,1
ablate_no_lift,42,166,0.0040661,0.00432756,1.17314e-07,1
ablate_no_lift,42,167,0.00403164,0.00428716,1.17311e-07,1
ablate_no_lift,42,168,0.00403301,0.0043258,1.17315e-07,1
ablate_no_lift,42,169,0.00403137,0.00426814,1.1744e-07,1
ablate_no_lift,42,170,0.00404575,0.00430091,1.1733e-07,1
ablate_no_lift,42,171,0.00403157,0.00429289,1.17432e-07,1
ablate_no_lift,42,172,0.00402544,0.00422746,1.17199e-07,1
ablate_no_lift,42,173,0.00402598,0.00421517,1.17361e-07,1
ablate_no_lift,42,174,0.00403111,0.00432267,1.17493e-07,1
ablate_no_lift,42,175,0.00403152,0.00421981,1.17399e-07,1
ablate_no_lift,42,176,0.00398729,0.00420719,1.17303e-07,1
ablate_no_lift,42,177,0.00400894,0.00418989,1.17248e-07,1
ablate_no_lift,42,178,0.00401247,0.00427089,1.17515e-07,1
ablate_no_lift,42,179,0.00400049,0.00424925,1.17307e-07,1
ablate_no_lift,42,180,0.00398668,0.00423219,1.17469e-07,1
ablate_no_lift,42,181,0.00399075,0.00419699,1.17468e-07,1
ablate_no_lift,42,182,0.00397602,0.00422133,1.17434e-07,1
ablate_no_lift,42,183,0.00399662,0.0042374,1.17597e-07,1
ablate_no_lift,42,184,0.00397145,0.00417111,1.17465e-07,1
ablate_no_lift,42,185,0.00396591,0.00418935,1.17525e-07,1
ablate_no_lift,42,186,0.00395778,0.00417334,1.17501e-07,1
ablate_no_lift,42,187,0.00395169,0.00418889,1.17554e-07,1
ablate_no_lift,42,188,0.00394964,0.00417253,1.17411e-07,1
ablate_no_lift,42,189,0.003955,0.00416865,1.17681e-07,1
ablate_no_lift,42,190,0.00394308,0.00418103,1.17261e-07,1
ablate_no_lift,42,191,0.00393881,0.00421331,1.17182e-07,1
ablate_no_lift,42,192,0.00394657,0.00415917,1.17371e-07,1
ablate_no_lift,42,193,0.00393784,0.00415783,1.17236e-07,1
ablate_no_lift,42,194,0.00393141,0.00413749,1.17484e-07,1
ablate_no_lift,42,195,0.00393054,0.0041535,1.17312e-07,1
ablate_no_lift,42,196,0.00393471,0.00413562,1.17269e-07,1
ablate_no_lift,42,197,0.00392942,0.0041639,1.17542e-07,1
ablate_no_lift,42,198,0.00392622,0.00413141,1.17379e-07,1
ablate_no_lift,42,199,0.00391843,0.00417468,1.17355e-07,1
ablate_no_lift,42,200,0.00392878,0.00414928,1.1739e-07,1
ablate_no_lift,42,201,0.00392105,0.00417532,1.17275e-07,1
ablate_no_lift,42,202,0.00393229,0.00418307,1.17191e-07,1
ablate_no_lift,42,203,0.0039256,0.0041115,1.17374e-07,1
ablate_no_lift,42,204,0.00391053,0.00413354,1.17433e-07,1
ablate_no_lift,42,205,0.00390836,0.00411797,1.17435e-07,1
ablate_no_lift,42,206,0.00392317,0.00413903,1.173e-07,1
ablate_no_lift,42,207,0.00390762,0.00412179,1.17297e-07,1
ablate_no_lift,42,208,0.00390059,0.00411695,1.17389e-07,1
ablate_no_lift,42,209,0.00390097,0.00411755,1.17294e-07,1
ablate_no_lift,42,210,0.00390307,0.00414067,1.17445e-07,1
ablate_no_lift,42,211,0.00391528,0.00414319,1.17487e-07,1
ablate_no_lift,42,212,0.00390659,0.00410895,1.17263e-07,1
ablate_no_lift,42,213,0.00389681,0.00410976,1.17467e-07,1
ablate_no_lift,42,214,0.00389835,0.00410978,1.17371e-07,1
ablate_no_lift,42,215,0.00389799,0.00410237,1.17374e-07,1
ablate_no_lift,42,216,0.00389317,0.0041084,1.17431e-07,1
ablate_no_lift,42,217,0.00389724,0.00409904,1.1747e-07,1
ablate_no_lift,42,218,0.00388985,0.00410605,1.17313e-07,1
ablate_no_lift,42,219,0.00389329,0.00411231,1.17309e-07,1
ablate_no_lift,42,220,0.00389097,0.00410189,1.17189e-07,1
ablate_no_lift,42,221,0.00389286,0.00411296,1.17371e-07,1
ablate_no_lift,42,222,0.00388773,0.00409805,1.17376e-07,1
ablate_no_lift,42,223,0.00388617,0.00409919,1.17164e-07,1
ablate_no_lift,42,224,0.00388276,0.00408962,1.17403e-07,1
ablate_no_lift,42,225,0.00388564,0.00409927,1.17521e-07,1
ablate_no_lift,42,226,0.0038854,0.00409286,1.17478e-07,1
ablate_no_lift,42,227,0.0038838,0.00409044,1.17546e-07,1
ablate_no_lift,42,228,0.00387568,0.0040921,1.17414e-07,1
ablate_no_lift,42,229,0.00388194,0.00408702,1.17327e-07,1
ablate_no_lift,42,230,0.00387644,0.00408784,1.17438e-07,1
ablate_no_lift,42,231,0.0038802,0.00409897,1.17601e-07,1
ablate_no_lift,42,232,0.00388157,0.00408787,1.17273e-07,1
ablate_no_lift,42,233,0.00388189,0.00408383,1.17319e-07,1
ablate_no_lift,42,234,0.00387813,0.00408694,1.17321e-07,1
ablate_no_lift,42,235,0.00386994,0.00408996,1.17469e-07,1
ablate_no_lift,42,236,0.00386865,0.00408245,1.17262e-07,1
ablate_no_lift,42,237,0.00387049,0.00408092,1.17328e-07,1
ablate_no_lift,42,238,0.00387187,0.00409142,1.17425e-07,1
ablate_no_lift,42,239,0.00387286,0.00408713,1.17263e-07,1
ablate_no_lift,42,240,0.00387191,0.00407989,1.17576e-07,1
ablate_no_lift,42,241,0.00387484,0.00408187,1.17273e-07,1
ablate_no_lift,42,242,0.00387371,0.00408554,1.17286e-07,1
ablate_no_lift,42,243,0.00387469,0.00408491,1.1731e-07,1
ablate_no_lift,42,244,0.00387739,0.00408163,1.17451e-07,1
ablate_no_lift,42,245,0.00387718,0.00408482,1.17625e-07,1
ablate_no_lift,42,246,0.00386947,0.00408168,1.17449e-07,1
ablate_no_lift,42,247,0.00387206,0.00408069,1.17271e-07,1
ablate_no_lift,42,248,0.00386948,0.00408293,1.1751e-07,1
ablate_no_lift,42,249,0.00387244,0.00407736,1.17411e-07,1
ablate_no_lift,42,250,0.00386814,0.00408094,1.17257e-07,1
ablate_no_lift,43,1,4.414,5.27025,1.26166e-07,1
ablate_no_lift,43,2,3.69554,4.51919,1.19471e-07,1
ablate_no_lift,43,3,3.17469,3.79704,1.16476e-07,1
ablate_no_lift,43,4,2.53976,2.94644,1.15419e-07,1
ablate_no_lift,43,5,1.72715,1.41624,1.15299e-07,1
ablate_no_lift,43,6,1.05094,1.52129,1.28022e-07,1
ablate_no_lift,43,7,1.87716,1.82631,1.29874e-07,1
ablate_no_lift,43,8,1.13184,0.842648,1.14707e-07,1
ablate_no_lift,43,9,0.955175,0.767134,1.24987e-07,1
ablate_no_lift,43,10,0.701749,0.601643,1.14841e-07,1
ablate_no_lift,43,11,0.543629,0.862281,1.14935e-07,1
ablate_no_lift,43,12,0.633135,1.05889,1.15849e-07,1
ablate_no_lift,43,13,1.18274,1.09418,1.16764e-07,1
ablate_no_lift,43,14,0.738659,0.362954,1.14259e-07,1
ablate_no_lift,43,15,0.773421,0.529321,1.15386e-07,1
ablate_no_lift,43,16,0.496048,0.418414,1.14938e-07,1
ablate_no_lift,43,17,0.392101,0.868041,1.1494e-07,1
ablate_no_lift,43,18,0.514604,0.390459,1.14158e-07,1
ablate_no_lift,43,19,0.355824,0.216895,1.13595e-07,1
ablate_no_lift,43,20,0.403561,0.280033,1.14359e-07,1
ablate_no_lift,43,21,0.408697,0.42669,1.15601e-07,1
ablate_no_lift,43,22,0.374632,0.256222,1.16849e-07,1
ablate_no_lift,43,23,0.831254,4292.91,2.96981e-07,1
ablate_no_lift,43,24,2053.75,inf,0.000518426,0.05
ablate_no_lift,44,1,4.4115,5.16732,1.2614e-07,1
ablate_no_lift,44,2,3.61216,4.3323,1.19433e-07,1
ablate_no_lift,44,3,2.94263,3.30362,1.16488e-07,1
ablate_no_lift,44,4,2.77656,3.19692,1.15477e-07,1
ablate_no_lift,44,5,1.92294,1.70476,1.14589e-07,1
ablate_no_lift,44,6,1.31541,1.22459,1.5103e-07,1
ablate_no_lift,44,7,1.07412,1.12624,1.57789e-07,1
ablate_no_lift,44,8,0.737158,1.02018,1.16181e-07,1
ablate_no_lift,44,9,0.562911,0.593383,1.15064e-07,1
ablate_no_lift,44,10,1.18581,0.418006,1.16986e-07,1
ablate_no_lift,44,11,1.09999,0.866341,1.18477e-07,1
ablate_no_lift,44,12,0.703064,1.10249,1.3235e-07,1
ablate_no_lift,44,13,0.702454,0.973484,1.49163e-07,1
ablate_no_lift,44,14,0.809657,0.996521,1.56211e-07,1
ablate_no_lift,44,15,0.745037,1.14247,1.49166e-07,1
ablate_no_lift,44,16,0.604307,0.585172,1.32702e-07,1
ablate_no_lift,44,17,0.568679,0.366272,1.60086e-07,1
ablate_no_lift,44,18,0.375019,0.843752,1.24506e-07,1
ablate_no_lift,44,19,0.394962,0.387522,1.2358e-07,1
ablate_no_lift,44,20,0.357158,0.366459,1.24696e-07,1
ablate_no_lift,44,21,0.482739,0.556118,2.60952e-07,1
ablate_no_lift,44,22,0.416844,1.19581,1.30295e-07,1
ablate_no_lift,44,23,0.446465,0.254747,1.15901e-07,1
ablate_no_lift,44,24,0.286623,2.9991,1.14012e-07,1
ablate_no_lift,44,25,0.983263,1.24934,1.90054e-07,1
ablate_no_lift,44,26,0.846921,0.468057,5.30157e-07,1
ablate_no_lift,44,27,0.34662,0.249735,1.13788e-07,1
ablate_no_lift,44,28,0.317872,0.298177,1.13931e-07,1
ablate_no_lift,44,29,0.472032,0.967271,1.14974e-07,1
ablate_no_lift,44,30,0.52818,0.418373,1.15999e-07,1
ablate_no_lift,44,31,0.355234,0.288279,1.13327e-07,1
ablate_no_lift,44,32,0.278354,0.226569,1.13541e-07,1
ablate_no_lift,44,33,0.202961,0.173017,1.14024e-07,1
ablate_no_lift,44,34,0.33589,0.224486,1.1405e-07,1
ablate_no_lift,44,35,0.277839,0.426464,1.1443e-07,1
ablate_no_lift,44,36,0.300716,0.224314,1.14382e-07,1
ablate_no_lift,44,37,0.160165,0.155951,1.14208e-07,1
ablate_no_lift,44,38,0.230728,0.278041,1.14263e-07,1
ablate_no_lift,44,39,0.195487,0.165136,1.14166e-07,1
ablate_no_lift,44,40,0.162789,0.149091,1.14377e-07,1
ablate_no_lift,44,41,0.197085,0.513562,1.14849e-07,1
ablate_no_lift,44,42,0.512432,0.323834,1.15673e-07,1
ablate_no_lift,44,43,0.276497,0.213084,1.13164e-07,1
ablate_no_lift,44,44,0.38597,0.553744,1.13926e-07,1
ablate_no_lift,44,45,0.319168,0.19046,1.1377e-07,1
ablate_no_lift,44,46,0.223924,0.194341,1.13975e-07,1
ablate_no_lift,44,47,0.270935,0.26385,1.13917e-07,1
ablate_no_lift,44,48,0.182445,0.22217,1.13758e-07,1
ablate_no_lift,44,49,0.213075,0.149437,1.14077e-07,1
ablate_no_lift,44,50,0.262018,0.405306,1.1535e-07,1
ablate_no_lift,44,51,0.229035,0.19623,1.1389e-07,1
ablate_no_lift,44,52,0.265699,0.259691,1.14109e-07,1
ablate_no_lift,44,53,0.159389,0.134835,1.14094e-07,1
ablate_no_lift,44,54,0.165217,0.16898,1.1516e-07,1
ablate_no_lift,44,55,0.135931,0.157532,1.14713e-07,1
ablate_no_lift,44,56,0.140676,0.102766,1.15285e-07,1
ablate_no_lift,44,57,0.116666,0.128041,1.15389e-07,1
ablate_no_lift,44,58,0.0969506,0.0911434,1.15637e-07,1
ablate_no_lift,44,59,0.105718,0.0872678,1.15006e-07,1
ablate_no_lift,44,60,0.0752937,0.0634533,1.15891e-07,1
ablate_no_lift,44,61,0.0649911,0.0721385,1.16504e-07,1
ablate_no_lift,44,62,0.0630294,0.0725453,1.16406e-07,1
ablate_no_lift,44,63,0.0611174,0.0836539,1.16154e-07,1
ablate_no_lift,44,64,0.0727379,0.100907,1.1643e-07,1
ablate_no_lift,44,65,0.0712194,0.0655799,1.16336e-07,1
ablate_no_lift,44,66,0.060405,0.0491155,1.16066e-07,1
ablate_no_lift,44,67,0.0694734,0.130753,1.16253e-07,1
ablate_no_lift,44,68,0.130497,0.0995686,1.16037e-07,1
ablate_no_lift,44,69,0.0726157,0.089536,1.15131e-07,1
ablate_no_lift,44,70,0.0504551,0.0489233,1.16088e-07,1
ablate_no_lift,44,71,0.0493061,0.0551353,1.16241e-07,1
ablate_no_lift,44,72,0.0517208,0.063677,1.15994e-07,1
ablate_no_lift,44,73,0.0541454,0.0405435,1.16259e-07,1
ablate_no_lift,44,74,0.0411163,0.0339029,1.1572e-07,1
ablate_no_lift,44,75,0.0565871,0.0677042,1.15945e-07,1
ablate_no_lift,44,76,0.0552862,0.0433633,1.15951e-07,1
ablate_no_lift,44,77,0.0311676,0.0377369,1.16039e-07,1
ablate_no_lift,44,78,0.0254527,0.0350089,1.16297e-07,1
ablate_no_lift,44,79,0.027584,0.0349217,1.16228e-07,1
ablate_no_lift,44,80,0.0261161,0.0270309,1.164e-07,1
ablate_no_lift,44,81,0.071781,0.0504858,1.16547e-07,1
ablate_no_lift,44,82,0.0325768,0.0225559,1.15983e-07,1
ablate_no_lift,44,83,0.0299367,0.0394485,1.16579e-07,1
ablate_no_lift,44,84,0.0230592,0.0204882,1.1658e-07,1
ablate_no_lift,44,85,0.0320525,0.0341395,1.16796e-07,1
ablate_no_lift,44,86,0.0348003,0.0433142,1.16361e-07,1
ablate_no_lift,44,87,0.0319244,0.0353219,1.16422e-07,1
ablate_no_lift,44,88,0.0233354,0.0404928,1.16585e-07,1
ablate_no_lift,44,89,0.0284913,0.0274545,1.16805e-07,1
ablate_no_lift,44,90,0.0195754,0.0178185,1.16565e-07,1
ablate_no_lift,44,91,0.0217658,0.0179951,1.16629e-07,1
ablate_no_lift,44,92,0.0147667,0.0125526,1.16819e-07,1
ablate_no_lift,44,93,0.0145932,0.0183482,1.16581e-07,1
ablate_no_lift,44,94,0.012732,0.022195,1.16761e-07,1
ablate_no_lift,44,95,0.0165441,0.0514781,1.16818e-07,1
ablate_no_lift,44,96,0.0207539,0.0109461,1.1679e-07,1
ablate_no_lift,44,97,0.0161229,0.014272,1.16526e-07,1
ablate_no_lift,44,98,0.0204599,0.0185812,1.16564e-07,1
ablate_no_lift,44,99,0.0189314,0.0167196,1.16468e-07,1
ablate_no_lift,44,100,0.0139785,0.0193924,1.16744e-07,1
ablate_no_lift,44,101,0.0168293,0.0189577,1.16531e-07,1
ablate_no_lift,44,102,0.0136805,0.0130675,1.16933e-07,1
ablate_no_lift,44,103,0.0135645,0.0106973,1.16877e-07,1
ablate_no_lift,44,104,0.0139632,0.0103406,1.16765e-07,1
ablate_no_lift,44,105,0.0276208,0.0165298,1.16796e-07,1
ablate_no_lift,44,106,0.0236274,0.0113283,1.1655e-07,1
ablate_no_lift,44,107,0.0163988,0.0231278,1.1682e-07,1
ablate_no_lift,44,108,0.0153383,0.0123791,1.16853e-07,1
ablate_no_lift,44,109,0.0114909,0.0117576,1.17014e-07,1
ablate_no_lift,44,110,0.00943421,0.0221365,1.17007e-07,1
ablate_no_lift,44,111,0.0172791,0.0129724,1.16784e-07,1
ablate_no_lift,44,112,0.0138669,0.0119305,1.16695e-07,1
ablate_no_lift,44,113,0.0128728,0.0196867,1.16666e-07,1
ablate_no_lift,44,114,0.0147107,0.0155231,1.1669e-07,1
ablate_no_lift,44,115,0.00928598,0.0104074,1.16862e-07,1
ablate_no_lift,44,116,0.0168868,0.017169,1.16951e-07,1
ablate_no_lift,44,117,0.0135084,0.0138292,1.16684e-07,1
ablate_no_lift,44,118,0.0130392,0.0140242,1.16957e-07,1
ablate_no_lift,44,119,0.0124905,0.0102339,1.16829e-07,1
ablate_no_lift,44,120,0.0315244,0.0303897,1.16944e-07,1
ablate_no_lift,44,121,0.0218314,0.0114314,1.16499e-07,1
ablate_no_lift,44,122,0.0119989,0.00942902,1.16723e-07,1
ablate_no_lift,44,123,0.0101344,0.0100326,1.1683e-07,1
ablate_no_lift,44,124,0.00964739,0.00767694,1.16828e-07,1
ablate_no_lift,44,125,0.00715196,0.007372,1.16904e-07,1
ablate_no_lift,44,126,0.00694347,0.00766089,1.16865e-07,1
ablate_no_lift,44,127,0.0104478,0.00793956,1.17056e-07,1
ablate_no_lift,44,128,0.00989573,0.00737146,1.16871e-07,1
ablate_no_lift,44,129,0.00746701,0.00813443,1.1708e-07,1
ablate_no_lift,44,130,0.01042,0.0127106,1.16941e-07,1
ablate_no_lift,44,131,0.0120479,0.0106812,1.16819e-07,1
ablate_no_lift,44,132,0.0098676,0.00887207,1.16596e-07,1
ablate_no_lift,44,133,0.0105218,0.0104648,1.16762e-07,1
ablate_no_lift,44,134,0.00971712,0.00687147,1.16657e-07,1
ablate_no_lift,44,135,0.00644644,0.00614335,1.16611e-07,1
ablate_no_lift,44,136,0.00833424,0.00716824,1.17004e-07,1
ablate_no_lift,44,137,0.00799141,0.00689039,1.16819e-07,1
ablate_no_lift,44,138,0.00754627,0.00957608,1.16905e-07,1
ablate_no_lift,44,139,0.00717815,0.0074349,1.16964e-07,1
ablate_no_lift,44,140,0.00705954,0.00813936,1.16955e-07,1
ablate_no_lift,44,141,0.00673891,0.00687871,1.17079e-07,1
ablate_no_lift,44,142,0.00903174,0.010122,1.17069e-07,1
ablate_no_lift,44,143,0.00754576,0.00743873,1.16974e-07,1
ablate_no_lift,44,144,0.00924236,0.0117502,1.16984e-07,1
ablate_no_lift,44,145,0.00782754,0.014458,1.16787e-07,1
ablate_no_lift,44,146,0.00946357,0.00994574,1.16823e-07,1
ablate_no_lift,44,147,0.00906145,0.0120628,1.16817e-07,1
ablate_no_lift,44,148,0.00887894,0.0129711,1.16715e-07,1
ablate_no_lift,44,149,0.00880138,0.00986326,1.1693e-07,1
ablate_no_lift,44,150,0.00864157,0.0102972,1.16884e-07,1
ablate_no_lift,44,151,0.0083672,0.00744308,1.16884e-07,1
ablate_no_lift,44,152,0.0073052,0.0076254,1.17039e-07,1
ablate_no_lift,44,153,0.00611889,0.00687707,1.1664e-07,1
ablate_no_lift,44,154,0.00559866,0.00608379,1.16916e-07,1
ablate_no_lift,44,155,0.00532226,0.0061996,1.16967e-07,1
ablate_no_lift,44,156,0.0052299,0.00643469,1.16986e-07,1
ablate_no_lift,44,157,0.0054542,0.00563046,1.16885e-07,1
ablate_no_lift,44,158,0.00520115,0.00512402,1.16813e-07,1
ablate_no_lift,44,159,0.00528168,0.00509846,1.16967e-07,1
ablate_no_lift,44,160,0.00503526,0.00504155,1.16738e-07,1
ablate_no_lift,44,161,0.004875,0.00542314,1.16896e-07,1
ablate_no_lift,44,162,0.00481095,0.00513194,1.16821e-07,1
ablate_no_lift,44,163,0.0047835,0.00493648,1.16886e-07,1
ablate_no_lift,44,164,0.00490514,0.00510013,1.16844e-07,1
ablate_no_lift,44,165,0.00495043,0.00519427,1.16977e-07,1
ablate_no_lift,44,166,0.00504052,0.00602504,1.16985e-07,1
ablate_no_lift,44,167,0.00517716,0.00483657,1.17127e-07,1
ablate_no_lift,44,168,0.00457297,0.00470221,1.16988e-07,1
ablate_no_lift,44,169,0.00458248,0.00470278,1.17238e-07,1
ablate_no_lift,44,170,0.00465808,0.00470508,1.1702e-07,1
ablate_no_lift,44,171,0.00443083,0.00459196,1.16885e-07,1
ablate_no_lift,44,172,0.00456778,0.00484388,1.17131e-07,1
ablate_no_lift,44,173,0.00461118,0.00498537,1.17077e-07,1
ablate_no_lift,44,174,0.00440674,0.00455937,1.16926e-07,1
ablate_no_lift,44,175,0.00438376,0.00507262,1.17089e-07,1
ablate_no_lift,44,176,0.00443286,0.00457844,1.17059e-07,1
ablate_no_lift,44,177,0.00435697,0.00462708,1.17224e-07,1
ablate_no_lift,44,178,0.00435675,0.00462803,1.17029e-07,1
ablate_no_lift,44,179,0.00427589,0.00447552,1.16913e-07,1
ablate_no_lift,44,180,0.00422155,0.00449887,1.16996e-07,1
ablate_no_lift,44,181,0.00427031,0.00444006,1.16909e-07,1
ablate_no_lift,44,182,0.00437906,0.00441585,1.16957e-07,1
ablate_no_lift,44,183,0.00431473,0.00475548,1.17213e-07,1
ablate_no_lift,44,184,0.00432725,0.00453482,1.1704e-07,1
ablate_no_lift,44,185,0.00422304,0.00451483,1.17134e-07,1
ablate_no_lift,44,186,0.00416412,0.00436364,1.17195e-07,1
ablate_no_lift,44,187,0.0041363,0.00432253,1.17121e-07,1
ablate_no_lift,44,188,0.00413183,0.00436448,1.17175e-07,1
ablate_no_lift,44,189,0.00414742,0.00434618,1.1731e-07,1
ablate_no_lift,44,190,0.0041034,0.00432252,1.16938e-07,1
ablate_no_lift,44,191,0.0040894,0.00435455,1.17103e-07,1
ablate_no_lift,44,192,0.00410416,0.00432495,1.17351e-07,1
ablate_no_lift,44,193,0.00411021,0.00429029,1.17155e-07,1
ablate_no_lift,44,194,0.00410011,0.00429382,1.17091e-07,1
ablate_no_lift,44,195,0.00407986,0.00429832,1.17098e-07,1
ablate_no_lift,44,196,0.00405351,0.00426473,1.17109e-07,1
ablate_no_lift,44,197,0.00405872,0.00427927,1.17059e-07,1
ablate_no_lift,44,198,0.00406001,0.00428072,1.17237e-07,1
ablate_no_lift,44,199,0.00413299,0.00428038,1.17233e-07,1
ablate_no_lift,44,200,0.00407614,0.00426714,1.17218e-07,1
ablate_no_lift,44,201,0.00407264,0.0042798,1.17132e-07,1
ablate_no_lift,44,202,0.00405408,0.00429831,1.16941e-07,1
ablate_no_lift,44,203,0.00403541,0.00419775,1.1714e-07,1
ablate_no_lift,44,204,0.0040244,0.00423985,1.17173e-07,1
ablate_no_lift,44,205,0.00402886,0.00425978,1.17249e-07,1
ablate_no_lift,44,206,0.00401598,0.00425049,1.17255e-07,1
ablate_no_lift,44,207,0.0040165,0.00421683,1.17212e-07,1
ablate_no_lift,44,208,0.00400506,0.00420843,1.17172e-07,1
ablate_no_lift,44,209,0.00399302,0.00420523,1.17319e-07,1
ablate_no_lift,44,210,0.00401813,0.00418048,1.17105e-07,1
ablate_no_lift,44,211,0.00399013,0.00419757,1.1744e-07,1
ablate_no_lift,44,212,0.00399199,0.0042195,1.17228e-07,1
ablate_no_lift,44,213,0.00398858,0.00421013,1.17314e-07,1
ablate_no_lift,44,214,0.00397052,0.0041739,1.17046e-07,1
ablate_no_lift,44,215,0.00397806,0.00417091,1.17201e-07,1
ablate_no_lift,44,216,0.00397099,0.00416051,1.1721e-07,1
ablate_no_lift,44,217,0.00397443,0.00417048,1.17157e-07,1
ablate_no_lift,44,218,0.00397451,0.00417063,1.1723e-07,1
ablate_no_lift,44,219,0.00397079,0.00416786,1.17166e-07,1
ablate_no_lift,44,220,0.00396472,0.00416094,1.1726e-07,1
ablate_no_lift,44,221,0.00396544,0.00415157,1.17135e-07,1
ablate_no_lift,44,222,0.0039558,0.0041585,1.17482e-07,1
ablate_no_lift,44,223,0.00395597,0.00413981,1.17033e-07,1
ablate_no_lift,44,224,0.00395778,0.00414303,1.17153e-07,1
ablate_no_lift,44,225,0.00395218,0.00414159,1.17186e-07,1
ablate_no_lift,44,226,0.00395047,0.00414931,1.17386e-07,1
ablate_no_lift,44,227,0.00395343,0.00413872,1.1734e-07,1
ablate_no_lift,44,228,0.00394747,0.00414577,1.17116e-07,1
ablate_no_lift,44,229,0.00394126,0.00413442,1.17181e-07,1
ablate_no_lift,44,230,0.00393992,0.00413337,1.17276e-07,1
ablate_no_lift,44,231,0.00394177,0.00413182,1.17275e-07,1
ablate_no_lift,44,232,0.0039369,0.00413047,1.17345e-07,1
ablate_no_lift,44,233,0.003938,0.00413829,1.17323e-07,1
ablate_no_lift,44,234,0.00394081,0.00412175,1.17348e-07,1
ablate_no_lift,44,235,0.00393509,0.00413031,1.17395e-07,1
ablate_no_lift,44,236,0.00394,0.00412734,1.17113e-07,1
ablate_no_lift,44,237,0.00393514,0.00412446,1.17178e-07,1
ablate_no_lift,44,238,0.00394042,0.00412058,1.17336e-07,1
ablate_no_lift,44,239,0.00393482,0.00411956,1.17316e-07,1
ablate_no_lift,44,240,0.00393092,0.00413001,1.17248e-07,1
ablate_no_lift,44,241,0.00393355,0.00412161,1.17343e-07,1
ablate_no_lift,44,242,0.00392617,0.00411965,1.17201e-07,1
ablate_no_lift,44,243,0.00393291,0.00412275,1.17478e-07,1
ablate_no_lift,44,244,0.00392749,0.00412335,1.17364e-07,1
ablate_no_lift,44,245,0.00392994,0.00411287,1.17186e-07,1
ablate_no_lift,44,246,0.00392523,0.00411928,1.17201e-07,1
ablate_no_lift,44,247,0.00392611,0.00411438,1.17463e-07,1
ablate_no_lift,44,248,0.0039228,0.00411404,1.17248e-07,1
ablate_no_lift,44,249,0.00392262,0.0041093,1.1738e-07,1
ablate_no_lift,44,250,0.00391819,0.00411946,1.17184e-07,1
ablate_no_lift,45,1,4.39593,5.19504,1.26066e-07,1
ablate_no_lift,45,2,3.65694,4.47149,1.19061e-07,1
ablate_no_lift,45,3,3.0582,3.51351,1.16258e-07,1
ablate_no_lift,45,4,2.43619,2.74788,1.15082e-07,1
ablate_no_lift,45,5,1.72812,1.69169,1.17297e-07,1
ablate_no_lift,45,6,1.07132,1.02031,1.19008e-07,1
ablate_no_lift,45,7,0.842925,0.750506,1.16957e-07,1
ablate_no_lift,45,8,1.62814,4.79042,1.15555e-07,1
ablate_no_lift,45,9,2.06605,5.02769,1.30665e-07,1
ablate_no_lift,45,10,2.04404,0.971316,1.98793e-07,1
ablate_no_lift,45,11,0.693045,0.648805,1.14896e-07,1
ablate_no_lift,45,12,0.89055,0.949969,1.16303e-07,1
ablate_no_lift,45,13,0.945231,0.705207,1.16771e-07,1
ablate_no_lift,45,14,0.523685,0.5609,1.14031e-07,1
ablate_no_lift,45,15,0.596879,0.929425,1.14647e-07,1
ablate_no_lift,45,16,0.598344,0.979231,1.15369e-07,1
ablate_no_lift,45,17,0.530588,0.40311,1.14976e-07,1
ablate_no_lift,45,18,0.380224,0.562791,1.14124e-07,1
ablate_no_lift,45,19,0.387639,0.314486,1.1362e-07,1
ablate_no_lift,45,20,0.331799,0.250957,1.13667e-07,1
ablate_no_lift,45,21,0.297619,0.494702,1.1394e-07,1
ablate_no_lift,45,22,0.366359,0.484551,1.13846e-07,1
ablate_no_lift,45,23,0.414763,0.324721,1.13572e-07,1
ablate_no_lift,45,24,0.310585,0.19232,1.14038e-07,1
ablate_no_lift,45,25,0.227689,0.484685,1.13761e-07,1
ablate_no_lift,45,26,0.448391,0.493005,1.14047e-07,1
ablate_no_lift,45,27,0.381623,0.334029,1.13959e-07,1
ablate_no_lift,45,28,0.269238,0.363373,1.13785e-07,1
ablate_no_lift,45,29,0.315334,0.257376,1.13803e-07,1
ablate_no_lift,45,30,0.200033,0.190545,1.13689e-07,1
ablate_no_lift,45,31,0.425344,0.232825,1.14061e-07,1
ablate_no_lift,45,32,0.447354,0.341881,1.15287e-07,1
ablate_no_lift,45,33,0.32958,0.427924,1.13823e-07,1
ablate_no_lift,45,34,0.383928,0.392283,1.13488e-07,1
ablate_no_lift,45,35,0.334534,0.318519,1.13441e-07,1
ablate_no_lift,45,36,0.274507,0.255305,1.13502e-07,1
ablate_no_lift,45,37,0.237372,0.282726,1.13513e-07,1
ablate_no_lift,45,38,0.249986,0.207587,1.1382e-07,1
ablate_no_lift,45,39,0.280463,0.327695,1.13956e-07,1
ablate_no_lift,45,40,0.235275,0.184325,1.13788e-07,1
ablate_no_lift,45,41,0.15717,0.152555,1.14794e-07,1
ablate_no_lift,45,42,0.133772,0.162436,1.1527e-07,1
ablate_no_lift,45,43,0.135383,0.175504,1.15121e-07,1
ablate_no_lift,45,44,0.31854,0.379859,1.15239e-07,1
ablate_no_lift,45,45,0.179468,0.160638,1.1365e-07,1
ablate_no_lift,45,46,0.16166,0.273405,1.15356e-07,1
ablate_no_lift,45,47,0.167694,0.138672,1.1474e-07,1
ablate_no_lift,45,48,0.104821,0.281204,1.14968e-07,1
ablate_no_lift,45,49,0.15302,0.120486,1.15874e-07,1
ablate_no_lift,45,50,0.147655,0.12938,1.15352e-07,1
ablate_no_lift,45,51,0.109045,0.0963713,1.15158e-07,1
ablate_no_lift,45,52,0.0732602,0.078639,1.15926e-07,1
ablate_no_lift,45,53,0.0796933,0.0947821,1.1626e-07,1
ablate_no_lift,45,54,0.108788,0.124781,1.1602e-07,1
ablate_no_lift,45,55,0.0770014,0.0763996,1.15379e-07,1
ablate_no_lift,45,56,0.0659931,0.076833,1.16081e-07,1
ablate_no_lift,45,57,0.0830277,0.0826336,1.15624e-07,1
ablate_no_lift,45,58,0.0595904,0.0686164,1.15981e-07,1
ablate_no_lift,45,59,0.10853,0.109548,1.16645e-07,1
ablate_no_lift,45,60,0.0816496,0.0724344,1.155e-07,1
ablate_no_lift,45,61,0.0575777,0.0563049,1.16237e-07,1
ablate_no_lift,45,62,0.0686644,0.0769806,1.16363e-07,1
ablate_no_lift,45,63,0.05374,0.0490704,1.15967e-07,1
ablate_no_lift,45,64,0.0536981,0.0459512,1.1605e-07,1
ablate_no_lift,45,65,0.0666692,0.0718111,1.16015e-07,1
ablate_no_lift,45,66,0.055873,0.0598601,1.15997e-07,1
ablate_no_lift,45,67,0.0465833,0.0474852,1.16097e-07,1
ablate_no_lift,45,68,0.0386295,0.0382879,1.16152e-07,1
ablate_no_lift,45,69,0.044393,0.0639838,1.16236e-07,1
ablate_no_lift,45,70,0.0644609,0.0623,1.15976e-07,1
ablate_no_lift,45,71,0.0419819,0.048751,1.15807e-07,1
ablate_no_lift,45,72,0.0571524,0.0664154,1.16353e-07,1
ablate_no_lift,45,73,0.0389805,0.0347021,1.16083e-07,1
ablate_no_lift,45,74,0.0331873,0.0570851,1.16227e-07,1
ablate_no_lift,45,75,0.0348809,0.0359481,1.16359e-07,1
ablate_no_lift,45,76,0.0321594,0.0388653,1.16358e-07,1
ablate_no_lift,45,77,0.0264029,0.0300417,1.16281e-07,1
ablate_no_lift,45,78,0.0233023,0.0203699,1.16579e-07,1
ablate_no_lift,45,79,0.0155141,0.0146639,1.16483e-07,1
ablate_no_lift,45,80,0.0134685,0.0162778,1.16723e-07,1
ablate_no_lift,45,81,0.0172462,0.0131715,1.16815e-07,1
ablate_no_lift,45,82,0.0274326,0.02466,1.16493e-07,1
ablate_no_lift,45,83,0.0360126,0.0331817,1.16389e-07,1
ablate_no_lift,45,84,0.0268628,0.0374841,1.16455e-07,1
ablate_no_lift,45,85,0.0196349,0.0303605,1.1669e-07,1
ablate_no_lift,45,86,0.0241569,0.0557379,1.16795e-07,1
ablate_no_lift,45,87,0.0227556,0.0292075,1.168e-07,1
ablate_no_lift,45,88,0.0147181,0.0141688,1.16585e-07,1
ablate_no_lift,45,89,0.0108485,0.0211457,1.16778e-07,1
ablate_no_lift,45,90,0.0264203,0.0165139,1.1691e-07,1
ablate_no_lift,45,91,0.0221334,0.0239417,1.16773e-07,1
ablate_no_lift,45,92,0.0181881,0.0137177,1.16773e-07,1
ablate_no_lift,45,93,0.0203825,0.015991,1.16688e-07,1
ablate_no_lift,45,94,0.0186186,0.0143603,1.16675e-07,1
ablate_no_lift,45,95,0.0185302,0.0207973,1.16535e-07,1
ablate_no_lift,45,96,0.019172,0.0280311,1.16625e-07,1
ablate_no_lift,45,97,0.0176282,0.0195835,1.16241e-07,1
ablate_no_lift,45,98,0.0132223,0.0321047,1.16602e-07,1
ablate_no_lift,45,99,0.0177913,0.0219618,1.16746e-07,1
ablate_no_lift,45,100,0.0150808,0.0123218,1.16491e-07,1
ablate_no_lift,45,101,0.0102562,0.00915274,1.16516e-07,1
ablate_no_lift,45,102,0.00827251,0.00773994,1.16823e-07,1
ablate_no_lift,45,103,0.00931795,0.0087951,1.16892e-07,1
ablate_no_lift,45,104,0.013207,0.0142145,1.16813e-07,1
ablate_no_lift,45,105,0.011339,0.00909865,1.16764e-07,1
ablate_no_lift,45,106,0.0102879,0.00769278,1.16779e-07,1
ablate_no_lift,45,107,0.00830916,0.0113618,1.16823e-07,1
ablate_no_lift,45,108,0.00934981,0.00834569,1.16837e-07,1
ablate_no_lift,45,109,0.00982857,0.0114464,1.16891e-07,1
ablate_no_lift,45,110,0.0119829,0.0141268,1.16777e-07,1
ablate_no_lift,45,111,0.0133575,0.00975004,1.16714e-07,1
ablate_no_lift,45,112,0.0128343,0.0107031,1.16603e-07,1
ablate_no_lift,45,113,0.00866836,0.0113383,1.1668e-07,1
ablate_no_lift,45,114,0.010659,0.00704168,1.16658e-07,1
ablate_no_lift,45,115,0.00860137,0.00827492,1.17002e-07,1
ablate_no_lift,45,116,0.00684302,0.00720297,1.16876e-07,1
ablate_no_lift,45,117,0.0071073,0.0140548,1.16866e-07,1
ablate_no_lift,45,118,0.0122995,0.00848132,1.16998e-07,1
ablate_no_lift,45,119,0.0119614,0.00734951,1.16931e-07,1
ablate_no_lift,45,120,0.00807567,0.00980405,1.16718e-07,1
ablate_no_lift,45,121,0.00795651,0.0091288,1.16771e-07,1
ablate_no_lift,45,122,0.0106917,0.0101543,1.1703e-07,1
ablate_no_lift,45,123,0.0104967,0.0132682,1.16791e-07,1
ablate_no_lift,45,124,0.00920537,0.00616486,1.16692e-07,1
ablate_no_lift,45,125,0.0137706,0.0356793,1.16839e-07,1
ablate_no_lift,45,126,0.0118991,0.00832443,1.16802e-07,1
ablate_no_lift,45,127,0.00689266,0.00683202,1.16947e-07,1
ablate_no_lift,45,128,0.00649393,0.00712877,1.16822e-07,1
ablate_no_lift,45,129,0.00906034,0.00696308,1.17035e-07,1
ablate_no_lift,45,130,0.00861029,0.0106133,1.16945e-07,1
ablate_no_lift,45,131,0.00693655,0.00841488,1.17043e-07,1
ablate_no_lift,45,132,0.00567326,0.00678543,1.17065e-07,1
ablate_no_lift,45,133,0.00600412,0.0055456,1.17193e-07,1
ablate_no_lift,45,134,0.00920076,0.00833051,1.17196e-07,1
ablate_no_lift,45,135,0.00831223,0.00848582,1.1695e-07,1
ablate_no_lift,45,136,0.00852227,0.0115763,1.16887e-07,1
ablate_no_lift,45,137,0.00828304,0.00824641,1.1686e-07,1
ablate_no_lift,45,138,0.00776231,0.00833293,1.16744e-07,1
ablate_no_lift,45,139,0.00778458,0.00720243,1.16789e-07,1
ablate_no_lift,45,140,0.00765545,0.00732488,1.16678e-07,1
ablate_no_lift,45,141,0.00756529,0.0102419,1.16881e-07,1
ablate_no_lift,45,142,0.0071983,0.00594256,1.16918e-07,1
ablate_no_lift,45,143,0.00719516,0.00671543,1.17033e-07,1
ablate_no_lift,45,144,0.00672365,0.0067784,1.16847e-07,1
ablate_no_lift,45,145,0.00586209,0.00751526,1.16766e-07,1
ablate_no_lift,45,146,0.00627334,0.0056127,1.16777e-07,1
ablate_no_lift,45,147,0.00501683,0.00532532,1.17093e-07,1
ablate_no_lift,45,148,0.00492039,0.0050946,1.16936e-07,1
ablate_no_lift,45,149,0.00442713,0.00500015,1.16955e-07,1
ablate_no_lift,45,150,0.00442678,0.00459546,1.17011e-07,1
ablate_no_lift,45,151,0.00430315,0.00454493,1.17073e-07,1
ablate_no_lift,45,152,0.00429101,0.00468782,1.17197e-07,1
ablate_no_lift,45,153,0.00440056,0.00490479,1.17225e-07,1
ablate_no_lift,45,154,0.00453276,0.00454329,1.17051e-07,1
ablate_no_lift,45,155,0.00433456,0.00475641,1.17262e-07,1
ablate_no_lift,45,156,0.00435842,0.00445528,1.16976e-07,1
ablate_no_lift,45,157,0.00425811,0.00461006,1.17096e-07,1
ablate_no_lift,45,158,0.00422557,0.00444573,1.17021e-07,1
ablate_no_lift,45,159,0.00419475,0.00465003,1.17116e-07,1
ablate_no_lift,45,160,0.00425236,0.00448191,1.17296e-07,1
ablate_no_lift,45,161,0.00426794,0.00450376,1.17413e-07,1
ablate_no_lift,45,162,0.00431711,0.00461619,1.16973e-07,1
ablate_no_lift,45,163,0.00416974,0.00427232,1.17121e-07,1
ablate_no_lift,45,164,0.00408168,0.00430113,1.17072e-07,1
ablate_no_lift,45,165,0.00408563,0.00429017,1.17209e-07,1
ablate_no_lift,45,166,0.00406688,0.0042998,1.17091e-07,1
ablate_no_lift,45,167,0.00404366,0.0042394,1.17277e-07,1
ablate_no_lift,45,168,0.00405373,0.00432489,1.17263e-07,1
ablate_no_lift,45,169,0.00404209,0.00429687,1.17298e-07,1
ablate_no_lift,45,170,0.00410291,0.00434407,1.17333e-07,1
ablate_no_lift,45,171,0.00406278,0.00421125,1.17219e-07,1
ablate_no_lift,45,172,0.00400704,0.00425907,1.1721e-07,1
ablate_no_lift,45,173,0.00400595,0.00427162,1.17085e-07,1
ablate_no_lift,45,174,0.00401355,0.00426356,1.17168e-07,1
ablate_no_lift,45,175,0.00400202,0.00430705,1.17452e-07,1
ablate_no_lift,45,176,0.00398768,0.00423008,1.172e-07,1
ablate_no_lift,45,177,0.00397741,0.00423676,1.17465e-07,1
ablate_no_lift,45,178,0.0040098,0.00423833,1.17012e-07,1
ablate_no_lift,45,179,0.00398266,0.00417478,1.17453e-07,1
ablate_no_lift,45,180,0.00397825,0.0041834,1.17334e-07,1
ablate_no_lift,45,181,0.00397894,0.00419982,1.1727e-07,1
ablate_no_lift,45,182,0.00397316,0.00414744,1.17419e-07,1
ablate_no_lift,45,183,0.00396654,0.00418943,1.17322e-07,1
ablate_no_lift,45,184,0.00395786,0.00417326,1.17391e-07,1
ablate_no_lift,45,185,0.00395283,0.00418998,1.17128e-07,1
ablate_no_lift,45,186,0.00392941,0.00415168,1.17418e-07,1
ablate_no_lift,45,187,0.00392302,0.00414573,1.17315e-07,1
ablate_no_lift,45,188,0.0039257,0.0041687,1.17187e-07,1
ablate_no_lift,45,189,0.00392176,0.00412158,1.17461e-07,1
ablate_no_lift,45,190,0.00390656,0.00412541,1.17344e-07,1
ablate_no_lift,45,191,0.0039152,0.00416331,1.17368e-07,1
ablate_no_lift,45,192,0.00392375,0.00417682,1.17377e-07,1
ablate_no_lift,45,193,0.00391588,0.00426626,1.17235e-07,1
ablate_no_lift,45,194,0.00390132,0.00411277,1.17163e-07,1
ablate_no_lift,45,195,0.00389084,0.004116,1.17414e-07,1
ablate_no_lift,45,196,0.00388638,0.00407904,1.17301e-07,1
ablate_no_lift,45,197,0.00388889,0.0040763,1.17506e-07,1
ablate_no_lift,45,198,0.00389277,0.00410373,1.17413e-07,1
ablate_no_lift,45,199,0.00389294,0.00412077,1.17398e-07,1
ablate_no_lift,45,200,0.00389102,0.00407463,1.17271e-07,1
ablate_no_lift,45,201,0.00389077,0.00411179,1.1731e-07,1
ablate_no_lift,45,202,0.00388294,0.00409119,1.17238e-07,1
ablate_no_lift,45,203,0.00388183,0.0040871,1.17317e-07,1
ablate_no_lift,45,204,0.00386519,0.004083,1.17306e-07,1
ablate_no_lift,45,205,0.00387007,0.00407354,1.17179e-07,1
ablate_no_lift,45,206,0.00386612,0.00405295,1.1729e-07,1
ablate_no_lift,45,207,0.00386293,0.00405942,1.17369e-07,1
ablate_no_lift,45,208,0.00386298,0.00407094,1.17426e-07,1
ablate_no_lift,45,209,0.00386187,0.00404652,1.17302e-07,1
ablate_no_lift,45,210,0.00385405,0.00405865,1.17408e-07,1
ablate_no_lift,45,211,0.00385354,0.00403895,1.17424e-07,1
ablate_no_lift,45,212,0.00385228,0.00404385,1.17496e-07,1
ablate_no_lift,45,213,0.00385303,0.00408008,1.17351e-07,1
ablate_no_lift,45,214,0.00385308,0.00404423,1.17511e-07,1
ablate_no_lift,45,215,0.00384732,0.00406231,1.17391e-07,1
ablate_no_lift,45,216,0.00383895,0.0040413,1.17428e-07,1
ablate_no_lift,45,217,0.0038435,0.00403277,1.1748e-07,1
ablate_no_lift,45,218,0.0038435,0.00403257,1.1745e-07,1
ablate_no_lift,45,219,0.00383901,0.00403814,1.17319e-07,1
ablate_no_lift,45,220,0.00383705,0.0040505,1.17198e-07,1
ablate_no_lift,45,221,0.00384349,0.00402924,1.1746e-07,1
ablate_no_lift,45,222,0.00383853,0.00403254,1.1727e-07,1
ablate_no_lift,45,223,0.00383409,0.00403945,1.17403e-07,1
ablate_no_lift,45,224,0.00383091,0.00402835,1.17509e-07,1
ablate_no_lift,45,225,0.00382744,0.00401954,1.17364e-07,1
ablate_no_lift,45,226,0.0038418,0.00403556,1.1736e-07,1
ablate_no_lift,45,227,0.00383555,0.00403346,1.1748e-07,1
ablate_no_lift,45,228,0.0038281,0.00403254,1.17404e-07,1
ablate_no_lift,45,229,0.00383967,0.00402744,1.17461e-07,1
ablate_no_lift,45,230,0.00383277,0.00402484,1.17418e-07,1
ablate_no_lift,45,231,0.00382965,0.00402705,1.17424e-07,1
ablate_no_lift,45,232,0.00382975,0.00402832,1.17497e-07,1
ablate_no_lift,45,233,0.00383189,0.00402617,1.17566e-07,1
ablate_no_lift,45,234,0.00382916,0.00402966,1.17512e-07,1
ablate_no_lift,45,235,0.00382005,0.00402918,1.17443e-07,1
ablate_no_lift,45,236,0.00382157,0.00401102,1.17409e-07,1
ablate_no_lift,45,237,0.00382861,0.00402675,1.17495e-07,1
ablate_no_lift,45,238,0.00382674,0.00401736,1.17484e-07,1
ablate_no_lift,45,239,0.00382678,0.00401805,1.17331e-07,1
ablate_no_lift,45,240,0.00382293,0.00403108,1.17276e-07,1
ablate_no_lift,45,241,0.00382176,0.00401847,1.17517e-07,1
ablate_no_lift,45,242,0.00381936,0.00401773,1.17518e-07,1
ablate_no_lift,45,243,0.00382108,0.00402048,1.17398e-07,1
ablate_no_lift,45,244,0.00381744,0.00401317,1.17467e-07,1
ablate_no_lift,45,245,0.00381477,0.00402507,1.17597e-07,1
ablate_no_lift,45,246,0.00382455,0.00403808,1.17439e-07,1
ablate_no_lift,45,247,0.0038147,0.00401205,1.17489e-07,1
ablate_no_lift,45,248,0.00382291,0.00400535,1.17164e-07,1
ablate_no_lift,45,249,0.00381843,0.00401166,1.17242e-07,1
ablate_no_lift,45,250,0.00381714,0.00401539,1.1759e-07,1
ablate_no_lift,46,1,4.41573,5.17546,1.26113e-07,1
ablate_no_lift,46,2,3.62578,4.39256,1.19287e-07,1
ablate_no_lift,46,3,2.93924,3.27976,1.16144e-07,1
ablate_no_lift,46,4,1.72919,1.07714,1.17915e-07,1
ablate_no_lift,46,5,1.00443,1.03382,1.28605e-07,1
ablate_no_lift,46,6,0.787996,0.692387,1.17545e-07,1
ablate_no_lift,46,7,0.616662,1.03791,1.14662e-07,1
ablate_no_lift,46,8,1.29846,1.24021,1.27491e-07,1
ablate_no_lift,46,9,3.99931,2.43834,6.37526e-06,1
ablate_no_lift,46,10,1.53607,1.92762,1.13599e-07,1
ablate_no_lift,46,11,1.00791,0.811825,1.13299e-07,1
ablate_no_lift,46,12,0.602109,1.9052,1.1312e-07,1
ablate_no_lift,46,13,0.778593,0.779675,1.13821e-07,1
ablate_no_lift,46,14,0.578604,0.79989,1.14126e-07,1
ablate_no_lift,46,15,0.5639,0.752693,1.1411e-07,1
ablate_no_lift,46,16,0.534951,0.338114,1.14608e-07,1
ablate_no_lift,46,17,0.472739,0.716985,1.15655e-07,1
ablate_no_lift,46,18,0.465361,0.199554,1.19911e-07,1
ablate_no_lift,46,19,1.77758,0.945586,2.61227e-07,1
ablate_no_lift,46,20,1.46822,1.16619,1.86766e-06,1
ablate_no_lift,46,21,1.87288,0.705267,7.70653e-06,1
ablate_no_lift,46,22,2.09569,4.23991,2.4508e-06,1
ablate_no_lift,46,23,1.24117,0.713135,1.3252e-07,1
ablate_no_lift,46,24,1.12128,0.827892,1.57284e-07,1
ablate_no_lift,46,25,1.04361,2.1064,2.19614e-07,1
ablate_no_lift,46,26,1.03451,0.738438,6.54548e-07,1
ablate_no_lift,46,27,0.70985,0.931126,4.3676e-06,1
ablate_no_lift,46,28,0.644155,0.490556,1.18838e-07,1
ablate_no_lift,46,29,0.370491,0.337398,1.13561e-07,1
ablate_no_lift,46,30,0.301202,0.356497,1.13065e-07,1
ablate_no_lift,46,31,0.447288,0.312034,1.1362e-07,1
ablate_no_lift,46,32,0.407805,0.274804,1.13584e-07,1
ablate_no_lift,46,33,0.582484,0.469322,1.14354e-07,1
ablate_no_lift,46,34,0.473993,0.310412,1.14354e-07,1
ablate_no_lift,46,35,0.292673,1.12919,1.13619e-07,1
ablate_no_lift,46,36,0.364333,0.276361,1.13407e-07,1
ablate_no_lift,46,37,0.316926,0.439687,1.13854e-07,1
ablate_no_lift,46,38,0.307594,0.218508,1.13748e-07,1
ablate_no_lift,46,39,0.232943,0.343737,1.13544e-07,1
ablate_no_lift,46,40,0.262348,0.475049,1.13767e-07,1
ablate_no_lift,46,41,0.345945,0.326612,1.13662e-07,1
ablate_no_lift,46,42,0.342451,0.245243,1.13799e-07,1
ablate_no_lift,46,43,0.248569,0.211107,1.1357e-07,1
ablate_no_lift,46,44,0.222964,0.378097,1.13693e-07,1
ablate_no_lift,46,45,0.232378,0.296645,1.1375e-07,1
ablate_no_lift,46,46,0.343954,0.280906,1.13971e-07,1
ablate_no_lift,46,47,0.224618,0.21416,1.13377e-07,1
ablate_no_lift,46,48,0.193938,0.211677,1.13438e-07,1
ablate_no_lift,46,49,0.180819,0.167987,1.1354e-07,1
ablate_no_lift,46,50,0.291205,0.160004,1.13686e-07,1
ablate_no_lift,46,51,0.239737,0.207466,1.13762e-07,1
ablate_no_lift,46,52,0.235502,0.234116,1.13596e-07,1
ablate_no_lift,46,53,0.205144,0.195118,1.13899e-07,1
ablate_no_lift,46,54,0.290449,0.2145,1.14069e-07,1
ablate_no_lift,46,55,0.205929,0.14057,1.13771e-07,1
ablate_no_lift,46,56,0.29947,0.45444,1.14129e-07,1
ablate_no_lift,46,57,0.256776,0.212592,1.13571e-07,1
ablate_no_lift,46,58,0.182959,0.147603,1.13319e-07,1
ablate_no_lift,46,59,0.169405,0.133,1.139e-07,1
ablate_no_lift,46,60,0.179131,0.148278,1.14072e-07,1
ablate_no_lift,46,61,0.147679,0.137178,1.13887e-07,1
ablate_no_lift,46,62,0.177526,0.155415,1.14012e-07,1
ablate_no_lift,46,63,0.140367,0.112048,1.1389e-07,1
ablate_no_lift,46,64,0.156901,0.515033,1.14012e-07,1
ablate_no_lift,46,65,0.304859,0.210729,1.13968e-07,1
ablate_no_lift,46,66,0.253745,0.242533,1.13903e-07,1
ablate_no_lift,46,67,0.164196,0.167323,1.13497e-07,1
ablate_no_lift,46,68,0.166747,0.130736,1.13833e-07,1
ablate_no_lift,46,69,0.130591,0.135077,1.13949e-07,1
ablate_no_lift,46,70,0.130665,0.149035,1.14054e-07,1
ablate_no_lift,46,71,0.121187,0.129435,1.1405e-07,1
ablate_no_lift,46,72,0.113042,0.128845,1.14003e-07,1
ablate_no_lift,46,73,0.11027,0.0916414,1.14128e-07,1
ablate_no_lift,46,74,0.0936533,0.0956872,1.13962e-07,1
ablate_no_lift,46,75,0.109933,0.0865355,1.14185e-07,1
ablate_no_lift,46,76,0.111887,0.10567,1.14389e-07,1
ablate_no_lift,46,77,0.293893,0.224648,1.14779e-07,1
ablate_no_lift,46,78,0.136113,0.114116,1.13889e-07,1
ablate_no_lift,46,79,0.109058,0.14639,1.14153e-07,1
ablate_no_lift,46,80,0.107814,0.143172,1.1423e-07,1
ablate_no_lift,46,81,0.0960173,0.0918856,1.14397e-07,1
ablate_no_lift,46,82,0.0989273,0.10556,1.14582e-07,1
ablate_no_lift,46,83,0.0850816,0.0880678,1.14795e-07,1
ablate_no_lift,46,84,0.0972758,0.0688743,1.14953e-07,1
ablate_no_lift,46,85,0.0735453,0.0630826,1.14878e-07,1
ablate_no_lift,46,86,0.0596894,0.0563663,1.15052e-07,1
ablate_no_lift,46,87,0.0690284,0.0789635,1.15031e-07,1
ablate_no_lift,46,88,0.0806553,0.0711937,1.14816e-07,1
ablate_no_lift,46,89,0.0737381,0.0634748,1.14569e-07,1
ablate_no_lift,46,90,0.0584224,0.0494251,1.15225e-07,1
ablate_no_lift,46,91,0.0494629,0.044918,1.15332e-07,1
ablate_no_lift,46,92,0.068764,0.135585,1.15482e-07,1
ablate_no_lift,46,93,0.0981876,0.0934568,1.15624e-07,1
ablate_no_lift,46,94,0.0663437,0.0583864,1.14828e-07,1
ablate_no_lift,46,95,0.05965,0.0458143,1.15482e-07,1
ablate_no_lift,46,96,0.0451132,0.0608143,1.15423e-07,1
ablate_no_lift,46,97,0.0469172,0.0453187,1.15661e-07,1
ablate_no_lift,46,98,0.0421028,0.0422359,1.15627e-07,1
ablate_no_lift,46,99,0.0404612,0.0442448,1.15734e-07,1
ablate_no_lift,46,100,0.0396862,0.0392084,1.15782e-07,1
ablate_no_lift,46,101,0.0385463,0.0400049,1.15891e-07,1
ablate_no_lift,46,102,0.0386437,0.0385458,1.15843e-07,1
ablate_no_lift,46,103,0.0760982,0.0785578,1.15281e-07,1
ablate_no_lift,46,104,0.067637,0.0758788,1.15711e-07,1
ablate_no_lift,46,105,0.0633002,0.0646373,1.15396e-07,1
ablate_no_lift,46,106,0.05401,0.050527,1.1555e-07,1
ablate_no_lift,46,107,0.0481986,0.0426506,1.15898e-07,1
ablate_no_lift,46,108,0.0466147,0.0593434,1.15887e-07,1
ablate_no_lift,46,109,0.0500784,0.0706395,1.15469e-07,1
ablate_no_lift,46,110,0.0588441,0.0637854,1.14881e-07,1
ablate_no_lift,46,111,0.0598955,0.0448957,1.15439e-07,1
ablate_no_lift,46,112,0.0428096,0.0340632,1.15618e-07,1
ablate_no_lift,46,113,0.0352164,0.035414,1.15819e-07,1
ablate_no_lift,46,114,0.0328009,0.03572,1.1588e-07,1
ablate_no_lift,46,115,0.0305583,0.0343951,1.15446e-07,1
ablate_no_lift,46,116,0.0283976,0.0270621,1.15627e-07,1
ablate_no_lift,46,117,0.0285338,0.0374462,1.15665e-07,1
ablate_no_lift,46,118,0.0321939,0.0217859,1.15787e-07,1
ablate_no_lift,46,119,0.0226373,0.0215114,1.15627e-07,1
ablate_no_lift,46,120,0.0205203,0.020573,1.15689e-07,1
ablate_no_lift,46,121,0.0203928,0.0233424,1.15844e-07,1
ablate_no_lift,46,122,0.0296228,0.0576081,1.15923e-07,1
ablate_no_lift,46,123,0.0419366,0.0340646,1.15519e-07,1
ablate_no_lift,46,124,0.0449559,0.0301244,1.15665e-07,1
ablate_no_lift,46,125,0.0258861,0.0237033,1.15842e-07,1
ablate_no_lift,46,126,0.0210326,0.0179529,1.15792e-07,1
ablate_no_lift,46,127,0.0158894,0.0166646,1.16096e-07,1
ablate_no_lift,46,128,0.0146357,0.0156289,1.16232e-07,1
ablate_no_lift,46,129,0.0139226,0.0169062,1.16421e-07,1
ablate_no_lift,46,130,0.0142428,0.0146089,1.16498e-07,1
ablate_no_lift,46,131,0.0141805,0.0135224,1.16416e-07,1
ablate_no_lift,46,132,0.0127299,0.0139369,1.16532e-07,1
ablate_no_lift,46,133,0.0121987,0.0115304,1.16533e-07,1
ablate_no_lift,46,134,0.0154172,0.0184818,1.16456e-07,1
ablate_no_lift,46,135,0.0185451,0.0179122,1.16561e-07,1
ablate_no_lift,46,136,0.0216778,0.0309794,1.16805e-07,1
ablate_no_lift,46,137,0.0210569,0.0163739,1.16361e-07,1
ablate_no_lift,46,138,0.0192754,0.0149685,1.1655e-07,1
ablate_no_lift,46,139,0.0158886,0.0303616,1.16689e-07,1
ablate_no_lift,46,140,0.0174784,0.0201267,1.16396e-07,1
ablate_no_lift,46,141,0.0175082,0.0269477,1.16885e-07,1
ablate_no_lift,46,142,0.0142054,0.0132186,1.16471e-07,1
ablate_no_lift,46,143,0.0139388,0.0277944,1.16893e-07,1
ablate_no_lift,46,144,0.0157951,0.0117597,1.16461e-07,1
ablate_no_lift,46,145,0.0111235,0.0130344,1.16723e-07,1
ablate_no_lift,46,146,0.0105597,0.0110888,1.16878e-07,1
ablate_no_lift,46,147,0.00959778,0.0108339,1.16813e-07,1
ablate_no_lift,46,148,0.00958129,0.0109146,1.168e-07,1
ablate_no_lift,46,149,0.0112506,0.0150469,1.16681e-07,1
ablate_no_lift,46,150,0.0133057,0.0102579,1.16791e-07,1
ablate_no_lift,46,151,0.0128961,0.0133631,1.16866e-07,1
ablate_no_lift,46,152,0.0114537,0.0174759,1.16839e-07,1
ablate_no_lift,46,153,0.011518,0.0117741,1.16752e-07,1
ablate_no_lift,46,154,0.0114592,0.0131053,1.16706e-07,1
ablate_no_lift,46,155,0.0115419,0.0156619,1.16633e-07,1
ablate_no_lift,46,156,0.0123485,0.0104605,1.16869e-07,1
ablate_no_lift,46,157,0.0106279,0.0109624,1.16752e-07,1
ablate_no_lift,46,158,0.0115519,0.0105894,1.16767e-07,1
ablate_no_lift,46,159,0.0102777,0.0137332,1.16648e-07,1
ablate_no_lift,46,160,0.0102036,0.0107345,1.16752e-07,1
ablate_no_lift,46,161,0.0101834,0.00976949,1.16802e-07,1
ablate_no_lift,46,162,0.0102359,0.00991238,1.16901e-07,1
ablate_no_lift,46,163,0.00885138,0.00864253,1.1685e-07,1
ablate_no_lift,46,164,0.00893619,0.0138293,1.16837e-07,1
ablate_no_lift,46,165,0.00928588,0.00889779,1.16744e-07,1
ablate_no_lift,46,166,0.00931596,0.010538,1.16984e-07,1
ablate_no_lift,46,167,0.00783532,0.00875831,1.16826e-07,1
ablate_no_lift,46,168,0.00743845,0.00774498,1.16768e-07,1
ablate_no_lift,46,169,0.00717127,0.00698187,1.16791e-07,1
ablate_no_lift,46,170,0.00977883,0.0132671,1.1688e-07,1
ablate_no_lift,46,171,0.00930419,0.00783069,1.16757e-07,1
ablate_no_lift,46,172,0.00854159,0.00936148,1.17014e-07,1
ablate_no_lift,46,173,0.0084774,0.00913366,1.16723e-07,1
ablate_no_lift,46,174,0.00809362,0.00773035,1.16936e-07,1
ablate_no_lift,46,175,0.0080529,0.00801657,1.16823e-07,1
ablate_no_lift,46,176,0.00779208,0.00878606,1.16855e-07,1
ablate_no_lift,46,177,0.00747666,0.00708942,1.16807e-07,1
ablate_no_lift,46,178,0.00699783,0.00720709,1.16942e-07,1
ablate_no_lift,46,179,0.00675013,0.0067964,1.17039e-07,1
ablate_no_lift,46,180,0.00657221,0.00678878,1.16954e-07,1
ablate_no_lift,46,181,0.00650477,0.00667466,1.17072e-07,1
ablate_no_lift,46,182,0.0061742,0.00646372,1.16735e-07,1
ablate_no_lift,46,183,0.00630867,0.00716536,1.16975e-07,1
ablate_no_lift,46,184,0.00676215,0.00875373,1.17146e-07,1
ablate_no_lift,46,185,0.00684746,0.00617489,1.16962e-07,1
ablate_no_lift,46,186,0.006113,0.00634883,1.16916e-07,1
ablate_no_lift,46,187,0.00593724,0.00752087,1.16972e-07,1
ablate_no_lift,46,188,0.00627498,0.00643904,1.16885e-07,1
ablate_no_lift,46,189,0.00619817,0.00665447,1.17095e-07,1
ablate_no_lift,46,190,0.00633105,0.00606516,1.16959e-07,1
ablate_no_lift,46,191,0.0062733,0.00657665,1.16961e-07,1
ablate_no_lift,46,192,0.0062154,0.00702405,1.16939e-07,1
ablate_no_lift,46,193,0.006268,0.00608066,1.16952e-07,1
ablate_no_lift,46,194,0.00597392,0.00653017,1.16977e-07,1
ablate_no_lift,46,195,0.00580687,0.00600336,1.16874e-07,1
ablate_no_lift,46,196,0.005811,0.00592119,1.17044e-07,1
ablate_no_lift,46,197,0.00579511,0.00625867,1.16969e-07,1
ablate_no_lift,46,198,0.0056537,0.00557062,1.17005e-07,1
ablate_no_lift,46,199,0.00532083,0.00544337,1.16857e-07,1
ablate_no_lift,46,200,0.00531494,0.0054141,1.17025e-07,1
ablate_no_lift,46,201,0.00521596,0.0054292,1.17044e-07,1
ablate_no_lift,46,202,0.00516823,0.00537821,1.16953e-07,1
ablate_no_lift,46,203,0.00512318,0.00542561,1.16959e-07,1
ablate_no_lift,46,204,0.00508819,0.00527341,1.17156e-07,1
ablate_no_lift,46,205,0.00504918,0.00525494,1.16993e-07,1
ablate_no_lift,46,206,0.00500734,0.00517872,1.17232e-07,1
ablate_no_lift,46,207,0.00496641,0.00509905,1.17029e-07,1
ablate_no_lift,46,208,0.00487813,0.00503424,1.16959e-07,1
ablate_no_lift,46,209,0.00484933,0.00504326,1.17054e-07,1
ablate_no_lift,46,210,0.00482434,0.00499582,1.17056e-07,1
ablate_no_lift,46,211,0.00478922,0.00497496,1.17138e-07,1
ablate_no_lift,46,212,0.00481481,0.00491558,1.1711e-07,1
ablate_no_lift,46,213,0.00475618,0.00498314,1.17075e-07,1
ablate_no_lift,46,214,0.00477989,0.00492421,1.17021e-07,1
ablate_no_lift,46,215,0.00472288,0.00493048,1.17229e-07,1
ablate_no_lift,46,216,0.00470636,0.00487029,1.17029e-07,1
ablate_no_lift,46,217,0.00468432,0.00483728,1.17216e-07,1
ablate_no_lift,46,218,0.00465931,0.00482406,1.17087e-07,1
ablate_no_lift,46,219,0.00463918,0.00481923,1.16831e-07,1
ablate_no_lift,46,220,0.00462257,0.0047844,1.16968e-07,1
ablate_no_lift,46,221,0.00461697,0.00478005,1.17081e-07,1
ablate_no_lift,46,222,0.00461077,0.00475617,1.17254e-07,1
ablate_no_lift,46,223,0.00458823,0.00475522,1.171e-07,1
ablate_no_lift,46,224,0.00458628,0.00475861,1.1714e-07,1
ablate_no_lift,46,225,0.00456986,0.00473759,1.17108e-07,1
ablate_no_lift,46,226,0.00457234,0.00476722,1.1698e-07,1
ablate_no_lift,46,227,0.00455972,0.00473107,1.16994e-07,1
ablate_no_lift,46,228,0.00456368,0.00472694,1.17131e-07,1
ablate_no_lift,46,229,0.00453817,0.00470665,1.17034e-07,1
ablate_no_lift,46,230,0.00454036,0.00469798,1.17029e-07,1
ablate_no_lift,46,231,0.00453023,0.00470041,1.16936e-07,1
ablate_no_lift,46,232,0.00452578,0.00469979,1.17042e-07,1
ablate_no_lift,46,233,0.00451616,0.00469058,1.1716e-07,1
ablate_no_lift,46,234,0.00451457,0.00467459,1.17091e-07,1
ablate_no_lift,46,235,0.0045032,0.00465849,1.17096e-07,1
ablate_no_lift,46,236,0.00450355,0.00468554,1.17198e-07,1
ablate_no_lift,46,237,0.00449969,0.00466799,1.17262e-07,1
ablate_no_lift,46,238,0.00448631,0.00464932,1.17157e-07,1
ablate_no_lift,46,239,0.00448635,0.00465276,1.17218e-07,1
ablate_no_lift,46,240,0.00448221,0.00465619,1.17196e-07,1
ablate_no_lift,46,241,0.00447822,0.00464361,1.17106e-07,1
ablate_no_lift,46,242,0.00447127,0.00464395,1.1698e-07,1
ablate_no_lift,46,243,0.00446782,0.00463309,1.17102e-07,1
ablate_no_lift,46,244,0.00446542,0.00463053,1.17042e-07,1
ablate_no_lift,46,245,0.00445858,0.0046366,1.16992e-07,1
ablate_no_lift,46,246,0.00445776,0.00463062,1.16998e-07,1
ablate_no_lift,46,247,0.0044638,0.00463192,1.17055e-07,1
ablate_no_lift,46,248,0.00445804,0.00463031,1.17043e-07,1
ablate_no_lift,46,249,0.00445225,0.00462216,1.17095e-07,1
ablate_no_lift,46,250,0.00444698,0.00462099,1.16981e-07,1
