model_type,seed,scenario,trajectory_id,horizon_s,final_position_error,failure_reason,is_anomaly_seed
phnode_full,42,PRBS,PRBS_42,60.0,1.8330751211062455,completed,0
phnode_full,42,PRBS,PRBS_43,60.0,0.572355461165759,completed,0
phnode_full,42,PRBS,PRBS_44,60.0,0.4753231985552606,completed,0
phnode_full,42,PRBS,PRBS_45,60.0,0.4600898437168804,completed,0
phnode_full,42,PRBS,PRBS_46,60.0,1.181090698128397,completed,0
phnode_full,42,PRBS,PRBS_47,60.0,0.12924835011978755,completed,0
phnode_full,42,PRBS,PRBS_48,60.0,0.10926455592376755,completed,0
phnode_full,42,PRBS,PRBS_49,60.0,0.43450111815031617,completed,0
phnode_full,42,PRBS,PRBS_50,60.0,0.24497999754037825,completed,0
phnode_full,42,PRBS,PRBS_51,60.0,0.6306460227721934,completed,0
phnode_full,42,PRBS,PRBS_52,60.0,0.554045441468791,completed,0
phnode_full,42,PRBS,PRBS_53,60.0,0.5100185143849838,completed,0
phnode_full,42,PRBS,PRBS_54,60.0,0.6261178434329685,completed,0
phnode_full,42,PRBS,PRBS_55,60.0,0.22653513098557929,completed,0
phnode_full,42,PRBS,PRBS_56,60.0,0.5305174462559017,completed,0
phnode_full,42,PRBS,PRBS_57,60.0,0.2991343570579114,completed,0
phnode_full,42,PRBS,PRBS_58,60.0,0.12048037258631313,completed,0
phnode_full,42,PRBS,PRBS_59,60.0,0.73145477324246,completed,0
phnode_full,42,PRBS,PRBS_60,60.0,0.45024664323884334,completed,0
phnode_full,42,PRBS,PRBS_61,60.0,0.9847249922646711,completed,0
phnode_full,42,PRBS,PRBS_62,60.0,0.1743429525661666,completed,0
phnode_full,42,PRBS,PRBS_63,60.0,0.4283100956992619,completed,0
phnode_full,42,PRBS,PRBS_64,60.0,0.7806029966992579,completed,0
phnode_full,42,PRBS,PRBS_65,60.0,0.3991896613268784,completed,0
phnode_full,42,PRBS,PRBS_66,60.0,0.13404557084640797,completed,0
phnode_full,42,PRBS,PRBS_67,60.0,0.2910447400870316,completed,0
phnode_full,42,PRBS,PRBS_68,60.0,0.20434175836743007,completed,0
phnode_full,42,PRBS,PRBS_69,60.0,0.8402752922360559,completed,0
phnode_full,42,PRBS,PRBS_70,60.0,0.939730758196907,completed,0
phnode_full,42,PRBS,PRBS_71,60.0,0.5147832835078121,completed,0
phnode_full,42,CHIRP,CHIRP_100042,60.0,0.7423086211948178,completed,0
phnode_full,42,CHIRP,CHIRP_100043,60.0,0.05736038746659918,completed,0
phnode_full,42,CHIRP,CHIRP_100044,60.0,1.3997591326884147,completed,0
phnode_full,42,CHIRP,CHIRP_100045,60.0,0.9285464527164013,completed,0
phnode_full,42,CHIRP,CHIRP_100046,60.0,0.6065282460830907,completed,0
phnode_full,42,CHIRP,CHIRP_100047,60.0,0.8849454430888463,completed,0
phnode_full,42,CHIRP,CHIRP_100048,60.0,1.1160577967272733,completed,0
phnode_full,42,CHIRP,CHIRP_100049,60.0,0.1629798127159322,completed,0
phnode_full,42,CHIRP,CHIRP_100050,60.0,1.180858860692941,completed,0
phnode_full,42,CHIRP,CHIRP_100051,60.0,1.1626049464158101,completed,0
phnode_full,42,CHIRP,CHIRP_100052,60.0,0.4302184587786225,completed,0
phnode_full,42,CHIRP,CHIRP_100053,60.0,0.714363506344968,completed,0
phnode_full,42,CHIRP,CHIRP_100054,60.0,1.0841877202566967,completed,0
phnode_full,42,CHIRP,CHIRP_100055,60.0,0.5146228116011167,completed,0
phnode_full,42,CHIRP,CHIRP_100056,60.0,0.6396081931753106,completed,0
phnode_full,42,CHIRP,CHIRP_100057,60.0,0.4011837266074642,completed,0
phnode_full,42,CHIRP,CHIRP_100058,60.0,0.7019854924878125,completed,0
phnode_full,42,CHIRP,CHIRP_100059,60.0,0.8096570653181905,completed,0
phnode_full,42,CHIRP,CHIRP_100060,60.0,0.2559021851024019,completed,0
phnode_full,42,CHIRP,CHIRP_100061,60.0,0.5008791161252921,completed,0
phnode_full,42,CHIRP,CHIRP_100062,60.0,0.8333862479411841,completed,0
phnode_full,42,CHIRP,CHIRP_100063,60.0,0.536914124082965,completed,0
phnode_full,42,CHIRP,CHIRP_100064,60.0,0.6155117737854447,completed,0
phnode_full,42,CHIRP,CHIRP_100065,60.0,1.3075653981311546,completed,0
phnode_full,42,CHIRP,CHIRP_100066,60.0,0.3879504583195487,completed,0
phnode_full,42,CHIRP,CHIRP_100067,60.0,0.7908699849927552,completed,0
phnode_full,42,CHIRP,CHIRP_100068,60.0,0.13754025099397363,completed,0
phnode_full,42,CHIRP,CHIRP_100069,60.0,0.5768047851900047,completed,0
phnode_full,42,CHIRP,CHIRP_100070,60.0,1.5200781553956346,completed,0
phnode_full,42,CHIRP,CHIRP_100071,60.0,0.7185271279415495,completed,0
phnode_full,42,OU,OU_200042,60.0,0.3711645831345462,completed,0
phnode_full,42,OU,OU_200043,60.0,0.6350262103880379,completed,0
phnode_full,42,OU,OU_200044,60.0,0.49066232821420674,completed,0
phnode_full,42,OU,OU_200045,60.0,0.6372868430402111,completed,0
phnode_full,42,OU,OU_200046,60.0,0.3700683876057791,completed,0
phnode_full,42,OU,OU_200047,60.0,0.6837284576881713,completed,0
phnode_full,42,OU,OU_200048,60.0,1.2395940545355837,completed,0
phnode_full,42,OU,OU_200049,60.0,0.9975878272383019,completed,0
phnode_full,42,OU,OU_200050,60.0,0.6836848564266848,completed,0
phnode_full,42,OU,OU_200051,60.0,nan,pred_divergence,0
phnode_full,42,OU,OU_200052,60.0,0.3173631328523093,completed,0
phnode_full,42,OU,OU_200053,60.0,0.5815800591387139,completed,0
phnode_full,42,OU,OU_200054,60.0,0.8934726343940007,completed,0
phnode_full,42,OU,OU_200055,60.0,1.2478123533365804,completed,0
phnode_full,42,OU,OU_200056,60.0,0.555078799936683,completed,0
phnode_full,42,OU,OU_200057,60.0,2.775252765328591,completed,0
phnode_full,42,OU,OU_200058,60.0,1.2681739427701026,completed,0
phnode_full,42,OU,OU_200059,60.0,1.804677107281276,completed,0
phnode_full,42,OU,OU_200060,60.0,0.5485743048197184,completed,0
phnode_full,42,OU,OU_200061,60.0,0.5943149868773057,completed,0
phnode_full,42,OU,OU_200062,60.0,1.6305634761599506,completed,0
phnode_full,42,OU,OU_200063,60.0,1.0521372556276285,completed,0
phnode_full,42,OU,OU_200064,60.0,0.19095401633207246,completed,0
phnode_full,42,OU,OU_200065,60.0,1.5718428143924896,completed,0
phnode_full,42,OU,OU_200066,60.0,nan,pred_divergence,0
phnode_full,42,OU,OU_200067,60.0,0.5343222631447124,completed,0
phnode_full,42,OU,OU_200068,60.0,0.744683967320785,completed,0
phnode_full,42,OU,OU_200069,60.0,0.30273737012934043,completed,0
phnode_full,42,OU,OU_200070,60.0,1.3096348980268204,completed,0
phnode_full,42,OU,OU_200071,60.0,1.0124066571487569,completed,0
phnode_full,43,PRBS,PRBS_42,60.0,0.24770327436641967,completed,0
phnode_full,43,PRBS,PRBS_43,60.0,0.8226109046525173,completed,0
phnode_full,43,PRBS,PRBS_44,60.0,0.498460474636829,completed,0
phnode_full,43,PRBS,PRBS_45,60.0,0.6732958519943848,completed,0
phnode_full,43,PRBS,PRBS_46,60.0,1.2432854377157527,completed,0
phnode_full,43,PRBS,PRBS_47,60.0,0.2470377549757764,completed,0
phnode_full,43,PRBS,PRBS_48,60.0,0.7055778947625886,completed,0
phnode_full,43,PRBS,PRBS_49,60.0,1.1066475378500022,completed,0
phnode_full,43,PRBS,PRBS_50,60.0,0.6159671205788616,completed,0
phnode_full,43,PRBS,PRBS_51,60.0,0.720101808311431,completed,0
phnode_full,43,PRBS,PRBS_52,60.0,0.4281368163049397,completed,0
phnode_full,43,PRBS,PRBS_53,60.0,0.3992453218275038,completed,0
phnode_full,43,PRBS,PRBS_54,60.0,0.3990523684473957,completed,0
phnode_full,43,PRBS,PRBS_55,60.0,0.283933165416893,completed,0
phnode_full,43,PRBS,PRBS_56,60.0,0.5991385316232398,completed,0
phnode_full,43,PRBS,PRBS_57,60.0,0.5934968088368087,completed,0
phnode_full,43,PRBS,PRBS_58,60.0,0.2519573045562897,completed,0
phnode_full,43,PRBS,PRBS_59,60.0,0.4250934024137226,completed,0
phnode_full,43,PRBS,PRBS_60,60.0,0.3131522689401804,completed,0
phnode_full,43,PRBS,PRBS_61,60.0,1.1309969859185756,completed,0
phnode_full,43,PRBS,PRBS_62,60.0,0.08960080346997953,completed,0
phnode_full,43,PRBS,PRBS_63,60.0,0.4418879037791145,completed,0
phnode_full,43,PRBS,PRBS_64,60.0,0.6795554862309262,completed,0
phnode_full,43,PRBS,PRBS_65,60.0,0.2708574751433018,completed,0
phnode_full,43,PRBS,PRBS_66,60.0,0.5029484431016941,completed,0
phnode_full,43,PRBS,PRBS_67,60.0,0.46143910581526454,completed,0
phnode_full,43,PRBS,PRBS_68,60.0,0.8483881501982039,completed,0
phnode_full,43,PRBS,PRBS_69,60.0,0.8720327708847652,completed,0
phnode_full,43,PRBS,PRBS_70,60.0,1.0941663137233382,completed,0
phnode_full,43,PRBS,PRBS_71,60.0,0.36850779831441277,completed,0
phnode_full,43,CHIRP,CHIRP_100042,60.0,0.7278981435923138,completed,0
phnode_full,43,CHIRP,CHIRP_100043,60.0,1.186583733640441,completed,0
phnode_full,43,CHIRP,CHIRP_100044,60.0,0.3472083077359258,completed,0
phnode_full,43,CHIRP,CHIRP_100045,60.0,0.9770485406747554,completed,0
phnode_full,43,CHIRP,CHIRP_100046,60.0,0.9083288600466858,completed,0
phnode_full,43,CHIRP,CHIRP_100047,60.0,1.2662348687950808,completed,0
phnode_full,43,CHIRP,CHIRP_100048,60.0,0.5048234457751578,completed,0
phnode_full,43,CHIRP,CHIRP_100049,60.0,1.010717738542556,completed,0
phnode_full,43,CHIRP,CHIRP_100050,60.0,0.9400610482661306,completed,0
phnode_full,43,CHIRP,CHIRP_100051,60.0,0.8643180926468994,completed,0
phnode_full,43,CHIRP,CHIRP_100052,60.0,0.5030646954872522,completed,0
phnode_full,43,CHIRP,CHIRP_100053,60.0,0.9908089076113927,completed,0
phnode_full,43,CHIRP,CHIRP_100054,60.0,0.6222637062690639,completed,0
phnode_full,43,CHIRP,CHIRP_100055,60.0,0.7233193862217511,completed,0
phnode_full,43,CHIRP,CHIRP_100056,60.0,1.395517286275966,completed,0
phnode_full,43,CHIRP,CHIRP_100057,60.0,1.0594224018071416,completed,0
phnode_full,43,CHIRP,CHIRP_100058,60.0,0.4831623584962921,completed,0
phnode_full,43,CHIRP,CHIRP_100059,60.0,0.5290313008287443,completed,0
phnode_full,43,CHIRP,CHIRP_100060,60.0,1.0361879427160416,completed,0
phnode_full,43,CHIRP,CHIRP_100061,60.0,1.057483227044492,completed,0
phnode_full,43,CHIRP,CHIRP_100062,60.0,0.9455069917459707,completed,0
phnode_full,43,CHIRP,CHIRP_100063,60.0,0.4722020826479572,completed,0
phnode_full,43,CHIRP,CHIRP_100064,60.0,1.034790723603367,completed,0
phnode_full,43,CHIRP,CHIRP_100065,60.0,0.9430989624969051,completed,0
phnode_full,43,CHIRP,CHIRP_100066,60.0,0.8300447163902428,completed,0
phnode_full,43,CHIRP,CHIRP_100067,60.0,0.5317587850388606,completed,0
phnode_full,43,CHIRP,CHIRP_100068,60.0,1.4262519071923607,completed,0
phnode_full,43,CHIRP,CHIRP_100069,60.0,1.0355779575051804,completed,0
phnode_full,43,CHIRP,CHIRP_100070,60.0,0.2593078826861011,completed,0
phnode_full,43,CHIRP,CHIRP_100071,60.0,0.8346399167286657,completed,0
phnode_full,43,OU,OU_200042,60.0,0.19257752744016432,completed,0
phnode_full,43,OU,OU_200043,60.0,1.0814171829014527,completed,0
phnode_full,43,OU,OU_200044,60.0,1.0725063973859141,completed,0
phnode_full,43,OU,OU_200045,60.0,0.527614140775225,completed,0
phnode_full,43,OU,OU_200046,60.0,0.7241827583546808,completed,0
phnode_full,43,OU,OU_200047,60.0,0.5653898579786395,completed,0
phnode_full,43,OU,OU_200048,60.0,0.6717231118197149,completed,0
phnode_full,43,OU,OU_200049,60.0,1.9771488688766987,completed,0
phnode_full,43,OU,OU_200050,60.0,0.13181381906415376,completed,0
phnode_full,43,OU,OU_200051,60.0,0.6492587713839142,completed,0
phnode_full,43,OU,OU_200052,60.0,0.5800232699164165,completed,0
phnode_full,43,OU,OU_200053,60.0,1.0291983818118409,completed,0
phnode_full,43,OU,OU_200054,60.0,0.36250250330272354,completed,0
phnode_full,43,OU,OU_200055,60.0,1.2866884063578032,completed,0
phnode_full,43,OU,OU_200056,60.0,1.3690313770405118,completed,0
phnode_full,43,OU,OU_200057,60.0,2.2187324872471876,completed,0
phnode_full,43,OU,OU_200058,60.0,1.4304345406136894,completed,0
phnode_full,43,OU,OU_200059,60.0,1.0959132745462952,completed,0
phnode_full,43,OU,OU_200060,60.0,0.1727683384844288,completed,0
phnode_full,43,OU,OU_200061,60.0,0.6358191733602004,completed,0
phnode_full,43,OU,OU_200062,60.0,0.719508600759125,completed,0
phnode_full,43,OU,OU_200063,60.0,0.46368035476705305,completed,0
phnode_full,43,OU,OU_200064,60.0,1.1513627170227716,completed,0
phnode_full,43,OU,OU_200065,60.0,1.3123603575180334,completed,0
phnode_full,43,OU,OU_200066,60.0,0.6172096811027616,completed,0
phnode_full,43,OU,OU_200067,60.0,0.3454372986844496,completed,0
phnode_full,43,OU,OU_200068,60.0,0.6789658790450468,completed,0
phnode_full,43,OU,OU_200069,60.0,0.3196879394161141,completed,0
phnode_full,43,OU,OU_200070,60.0,0.5097780019233306,completed,0
phnode_full,43,OU,OU_200071,60.0,1.3203691587678312,completed,0
phnode_full,44,PRBS,PRBS_42,60.0,2.4118299080233,completed,0
phnode_full,44,PRBS,PRBS_43,60.0,0.7739700142368627,completed,0
phnode_full,44,PRBS,PRBS_44,60.0,1.9199113417884324,completed,0
phnode_full,44,PRBS,PRBS_45,60.0,1.619096599657703,completed,0
phnode_full,44,PRBS,PRBS_46,60.0,1.2843242757910707,completed,0
phnode_full,44,PRBS,PRBS_47,60.0,1.6289437126703707,completed,0
phnode_full,44,PRBS,PRBS_48,60.0,1.061351143603104,completed,0
phnode_full,44,PRBS,PRBS_49,60.0,1.546186403262173,completed,0
phnode_full,44,PRBS,PRBS_50,60.0,1.6872616281880757,completed,0
phnode_full,44,PRBS,PRBS_51,60.0,2.613478434415137,completed,0
phnode_full,44,PRBS,PRBS_52,60.0,0.29382765351255696,completed,0
phnode_full,44,PRBS,PRBS_53,60.0,2.129028329098941,completed,0
phnode_full,44,PRBS,PRBS_54,60.0,0.3673204272784571,completed,0
phnode_full,44,PRBS,PRBS_55,60.0,0.2462738531945851,completed,0
phnode_full,44,PRBS,PRBS_56,60.0,3.0938670625017184,completed,0
phnode_full,44,PRBS,PRBS_57,60.0,1.9178185027882975,completed,0
phnode_full,44,PRBS,PRBS_58,60.0,2.2596451614608744,completed,0
phnode_full,44,PRBS,PRBS_59,60.0,3.003581101901526,completed,0
phnode_full,44,PRBS,PRBS_60,60.0,0.8357594923308459,completed,0
phnode_full,44,PRBS,PRBS_61,60.0,3.1603155929881446,completed,0
phnode_full,44,PRBS,PRBS_62,60.0,3.086436457232198,completed,0
phnode_full,44,PRBS,PRBS_63,60.0,3.030257140243762,completed,0
phnode_full,44,PRBS,PRBS_64,60.0,0.5301251337488174,completed,0
phnode_full,44,PRBS,PRBS_65,60.0,1.3392077014522132,completed,0
phnode_full,44,PRBS,PRBS_66,60.0,1.168643518076671,completed,0
phnode_full,44,PRBS,PRBS_67,60.0,0.38568625277397933,completed,0
phnode_full,44,PRBS,PRBS_68,60.0,2.4481896580422866,completed,0
phnode_full,44,PRBS,PRBS_69,60.0,0.0587600361825072,completed,0
phnode_full,44,PRBS,PRBS_70,60.0,1.540073048615083,completed,0
phnode_full,44,PRBS,PRBS_71,60.0,2.478448560758471,completed,0
phnode_full,44,CHIRP,CHIRP_100042,60.0,0.199229296589976,completed,0
phnode_full,44,CHIRP,CHIRP_100043,60.0,0.9481177609327511,completed,0
phnode_full,44,CHIRP,CHIRP_100044,60.0,0.7288248277947615,completed,0
phnode_full,44,CHIRP,CHIRP_100045,60.0,0.3584535758081057,completed,0
phnode_full,44,CHIRP,CHIRP_100046,60.0,1.3855862620852588,completed,0
phnode_full,44,CHIRP,CHIRP_100047,60.0,0.7336365991951234,completed,0
phnode_full,44,CHIRP,CHIRP_100048,60.0,0.6072092556292978,completed,0
phnode_full,44,CHIRP,CHIRP_100049,60.0,0.3035134426875934,completed,0
phnode_full,44,CHIRP,CHIRP_100050,60.0,0.24608898374071128,completed,0
phnode_full,44,CHIRP,CHIRP_100051,60.0,0.48557453937772377,completed,0
phnode_full,44,CHIRP,CHIRP_100052,60.0,0.3595781402147279,completed,0
phnode_full,44,CHIRP,CHIRP_100053,60.0,0.35866998617233364,completed,0
phnode_full,44,CHIRP,CHIRP_100054,60.0,1.414671849586297,completed,0
phnode_full,44,CHIRP,CHIRP_100055,60.0,1.7690389116934357,completed,0
phnode_full,44,CHIRP,CHIRP_100056,60.0,0.4553688908202918,completed,0
phnode_full,44,CHIRP,CHIRP_100057,60.0,1.9414784131402827,completed,0
phnode_full,44,CHIRP,CHIRP_100058,60.0,0.6512263120424762,completed,0
phnode_full,44,CHIRP,CHIRP_100059,60.0,0.675954403997913,completed,0
phnode_full,44,CHIRP,CHIRP_100060,60.0,0.2134026911078606,completed,0
phnode_full,44,CHIRP,CHIRP_100061,60.0,2.1506040120027152,completed,0
phnode_full,44,CHIRP,CHIRP_100062,60.0,2.181705430255864,completed,0
phnode_full,44,CHIRP,CHIRP_100063,60.0,0.4340601278430295,completed,0
phnode_full,44,CHIRP,CHIRP_100064,60.0,0.39560496941323875,completed,0
phnode_full,44,CHIRP,CHIRP_100065,60.0,0.3255977097018527,completed,0
phnode_full,44,CHIRP,CHIRP_100066,60.0,1.8637282815102019,completed,0
phnode_full,44,CHIRP,CHIRP_100067,60.0,1.7216785012789175,completed,0
phnode_full,44,CHIRP,CHIRP_100068,60.0,1.820438532784541,completed,0
phnode_full,44,CHIRP,CHIRP_100069,60.0,0.3195564472361803,completed,0
phnode_full,44,CHIRP,CHIRP_100070,60.0,0.5337027160939242,completed,0
phnode_full,44,CHIRP,CHIRP_100071,60.0,0.25647162590170974,completed,0
phnode_full,44,OU,OU_200042,60.0,0.07496023058484036,completed,0
phnode_full,44,OU,OU_200043,60.0,0.4657451199539619,completed,0
phnode_full,44,OU,OU_200044,60.0,0.7269371871046187,completed,0
phnode_full,44,OU,OU_200045,60.0,2.7014223550529093,completed,0
phnode_full,44,OU,OU_200046,60.0,1.4641680427805883,completed,0
phnode_full,44,OU,OU_200047,60.0,0.6865187361090761,completed,0
phnode_full,44,OU,OU_200048,60.0,1.4155861241750782,completed,0
phnode_full,44,OU,OU_200049,60.0,2.062474259143371,completed,0
phnode_full,44,OU,OU_200050,60.0,2.171746667599728,completed,0
phnode_full,44,OU,OU_200051,60.0,nan,pred_divergence,0
phnode_full,44,OU,OU_200052,60.0,1.4340042361657888,completed,0
phnode_full,44,OU,OU_200053,60.0,1.0240277493325582,completed,0
phnode_full,44,OU,OU_200054,60.0,0.3650099900596447,completed,0
phnode_full,44,OU,OU_200055,60.0,0.5873766465415656,completed,0
phnode_full,44,OU,OU_200056,60.0,2.9978332513327914,completed,0
phnode_full,44,OU,OU_200057,60.0,0.8561556714376046,completed,0
phnode_full,44,OU,OU_200058,60.0,3.886806510102857,completed,0
phnode_full,44,OU,OU_200059,60.0,1.2431860607919454,completed,0
phnode_full,44,OU,OU_200060,60.0,0.9150846866556959,completed,0
phnode_full,44,OU,OU_200061,60.0,0.4458351478501588,completed,0
phnode_full,44,OU,OU_200062,60.0,2.0848020884546603,completed,0
phnode_full,44,OU,OU_200063,60.0,1.30209220837706,completed,0
phnode_full,44,OU,OU_200064,60.0,0.3186961213009669,completed,0
phnode_full,44,OU,OU_200065,60.0,0.7196730665773087,completed,0
phnode_full,44,OU,OU_200066,60.0,nan,pred_divergence,0
phnode_full,44,OU,OU_200067,60.0,2.508876274540524,completed,0
phnode_full,44,OU,OU_200068,60.0,1.4499155870654008,completed,0
phnode_full,44,OU,OU_200069,60.0,0.23429800967136233,completed,0
phnode_full,44,OU,OU_200070,60.0,5.822857196504837,completed,0
phnode_full,44,OU,OU_200071,60.0,2.28016807474548,completed,0
phnode_full,45,PRBS,PRBS_42,60.0,1.3334538311874211,completed,0
phnode_full,45,PRBS,PRBS_43,60.0,0.20697269165875032,completed,0
phnode_full,45,PRBS,PRBS_44,60.0,0.20968129205953923,completed,0
phnode_full,45,PRBS,PRBS_45,60.0,0.35272866825323174,completed,0
phnode_full,45,PRBS,PRBS_46,60.0,1.1686220226905522,completed,0
phnode_full,45,PRBS,PRBS_47,60.0,0.3226942977339103,completed,0
phnode_full,45,PRBS,PRBS_48,60.0,0.9126096947890363,completed,0
phnode_full,45,PRBS,PRBS_49,60.0,0.5369002891894513,completed,0
phnode_full,45,PRBS,PRBS_50,60.0,0.2549388727549869,completed,0
phnode_full,45,PRBS,PRBS_51,60.0,0.5331502641235875,completed,0
phnode_full,45,PRBS,PRBS_52,60.0,0.2159017989580044,completed,0
phnode_full,45,PRBS,PRBS_53,60.0,0.4139749764103381,completed,0
phnode_full,45,PRBS,PRBS_54,60.0,0.4101763835663729,completed,0
phnode_full,45,PRBS,PRBS_55,60.0,0.11308421308216388,completed,0
phnode_full,45,PRBS,PRBS_56,60.0,0.7203360436604509,completed,0
phnode_full,45,PRBS,PRBS_57,60.0,0.4624535568265276,completed,0
phnode_full,45,PRBS,PRBS_58,60.0,0.1651801367551531,completed,0
phnode_full,45,PRBS,PRBS_59,60.0,0.3100857456538203,completed,0
phnode_full,45,PRBS,PRBS_60,60.0,0.3494121430961077,completed,0
phnode_full,45,PRBS,PRBS_61,60.0,1.110528466809585,completed,0
phnode_full,45,PRBS,PRBS_62,60.0,0.460214254962937,completed,0
phnode_full,45,PRBS,PRBS_63,60.0,0.30628050662768147,completed,0
phnode_full,45,PRBS,PRBS_64,60.0,0.5153026733883229,completed,0
phnode_full,45,PRBS,PRBS_65,60.0,0.3715457697805706,completed,0
phnode_full,45,PRBS,PRBS_66,60.0,0.07567629781004011,completed,0
phnode_full,45,PRBS,PRBS_67,60.0,0.35681011102137106,completed,0
phnode_full,45,PRBS,PRBS_68,60.0,0.7863296720854492,completed,0
phnode_full,45,PRBS,PRBS_69,60.0,1.2960316922716846,completed,0
phnode_full,45,PRBS,PRBS_70,60.0,1.2272993641037977,completed,0
phnode_full,45,PRBS,PRBS_71,60.0,0.39364261193506345,completed,0
phnode_full,45,CHIRP,CHIRP_100042,60.0,0.441053586709392,completed,0
phnode_full,45,CHIRP,CHIRP_100043,60.0,1.6082790479358526,completed,0
phnode_full,45,CHIRP,CHIRP_100044,60.0,0.544089064694768,completed,0
phnode_full,45,CHIRP,CHIRP_100045,60.0,0.25029469482701844,completed,0
phnode_full,45,CHIRP,CHIRP_100046,60.0,0.29210280583019993,completed,0
phnode_full,45,CHIRP,CHIRP_100047,60.0,0.34900165677707257,completed,0
phnode_full,45,CHIRP,CHIRP_100048,60.0,0.28215473011656095,completed,0
phnode_full,45,CHIRP,CHIRP_100049,60.0,0.3531272122767039,completed,0
phnode_full,45,CHIRP,CHIRP_100050,60.0,0.6492670070350444,completed,0
phnode_full,45,CHIRP,CHIRP_100051,60.0,0.23908495115528536,completed,0
phnode_full,45,CHIRP,CHIRP_100052,60.0,0.2915114399289417,completed,0
phnode_full,45,CHIRP,CHIRP_100053,60.0,0.2055704030593799,completed,0
phnode_full,45,CHIRP,CHIRP_100054,60.0,0.31372451704388654,completed,0
phnode_full,45,CHIRP,CHIRP_100055,60.0,0.4054373719021871,completed,0
phnode_full,45,CHIRP,CHIRP_100056,60.0,0.609430170302543,completed,0
phnode_full,45,CHIRP,CHIRP_100057,60.0,0.6446398423857819,completed,0
phnode_full,45,CHIRP,CHIRP_100058,60.0,0.2626349525999687,completed,0
phnode_full,45,CHIRP,CHIRP_100059,60.0,0.19762229796323177,completed,0
phnode_full,45,CHIRP,CHIRP_100060,60.0,0.37581500003480217,completed,0
phnode_full,45,CHIRP,CHIRP_100061,60.0,0.638499816735445,completed,0
phnode_full,45,CHIRP,CHIRP_100062,60.0,0.3388159953741191,completed,0
phnode_full,45,CHIRP,CHIRP_100063,60.0,0.23581389271107878,completed,0
phnode_full,45,CHIRP,CHIRP_100064,60.0,0.4647996768839317,completed,0
phnode_full,45,CHIRP,CHIRP_100065,60.0,0.5632920845396711,completed,0
phnode_full,45,CHIRP,CHIRP_100066,60.0,0.599955262855814,completed,0
phnode_full,45,CHIRP,CHIRP_100067,60.0,0.26836536051867704,completed,0
phnode_full,45,CHIRP,CHIRP_100068,60.0,0.423483249173297,completed,0
phnode_full,45,CHIRP,CHIRP_100069,60.0,0.3048832986043036,completed,0
phnode_full,45,CHIRP,CHIRP_100070,60.0,0.5416338326644726,completed,0
phnode_full,45,CHIRP,CHIRP_100071,60.0,0.2865254831742436,completed,0
phnode_full,45,OU,OU_200042,60.0,0.272423674267572,completed,0
phnode_full,45,OU,OU_200043,60.0,0.3368434414867852,completed,0
phnode_full,45,OU,OU_200044,60.0,0.7468925874190512,completed,0
phnode_full,45,OU,OU_200045,60.0,0.8879277273267621,completed,0
phnode_full,45,OU,OU_200046,60.0,1.294987305899406,completed,0
phnode_full,45,OU,OU_200047,60.0,0.4639087532897663,completed,0
phnode_full,45,OU,OU_200048,60.0,1.2181144237570065,completed,0
phnode_full,45,OU,OU_200049,60.0,1.5252692113746913,completed,0
phnode_full,45,OU,OU_200050,60.0,0.3241148504184149,completed,0
phnode_full,45,OU,OU_200051,60.0,0.4397752859974362,completed,0
phnode_full,45,OU,OU_200052,60.0,0.8244542725904902,completed,0
phnode_full,45,OU,OU_200053,60.0,1.368711627975594,completed,0
phnode_full,45,OU,OU_200054,60.0,0.29974730251164555,completed,0
phnode_full,45,OU,OU_200055,60.0,0.7687127326143847,completed,0
phnode_full,45,OU,OU_200056,60.0,1.1657988405389,completed,0
phnode_full,45,OU,OU_200057,60.0,1.24656102419917,completed,0
phnode_full,45,OU,OU_200058,60.0,1.0676018315944344,completed,0
phnode_full,45,OU,OU_200059,60.0,0.4923231014629074,completed,0
phnode_full,45,OU,OU_200060,60.0,1.2081091194660967,completed,0
phnode_full,45,OU,OU_200061,60.0,0.46354547433376253,completed,0
phnode_full,45,OU,OU_200062,60.0,0.6258963546898436,completed,0
phnode_full,45,OU,OU_200063,60.0,0.17217871950165703,completed,0
phnode_full,45,OU,OU_200064,60.0,0.17535706724353295,completed,0
phnode_full,45,OU,OU_200065,60.0,0.24236996811524936,completed,0
phnode_full,45,OU,OU_200066,60.0,0.469117845600036,completed,0
phnode_full,45,OU,OU_200067,60.0,0.3001820523844475,completed,0
phnode_full,45,OU,OU_200068,60.0,2.1434676983482435,completed,0
phnode_full,45,OU,OU_200069,60.0,0.2773165971697392,completed,0
phnode_full,45,OU,OU_200070,60.0,1.2054039863356876,completed,0
phnode_full,45,OU,OU_200071,60.0,1.5548476759183965,completed,0
phnode_full,46,PRBS,PRBS_42,60.0,0.5527331219074766,completed,0
phnode_full,46,PRBS,PRBS_43,60.0,0.5316541529707005,completed,0
phnode_full,46,PRBS,PRBS_44,60.0,0.2797272676515644,completed,0
phnode_full,46,PRBS,PRBS_45,60.0,0.17570009016162666,completed,0
phnode_full,46,PRBS,PRBS_46,60.0,0.8424464067771014,completed,0
phnode_full,46,PRBS,PRBS_47,60.0,0.3182686933699662,completed,0
phnode_full,46,PRBS,PRBS_48,60.0,0.7846724732510083,completed,0
phnode_full,46,PRBS,PRBS_49,60.0,0.2102288919834655,completed,0
phnode_full,46,PRBS,PRBS_50,60.0,0.3917505200606575,completed,0
phnode_full,46,PRBS,PRBS_51,60.0,0.6139751271156473,completed,0
phnode_full,46,PRBS,PRBS_52,60.0,0.4891496490284954,completed,0
phnode_full,46,PRBS,PRBS_53,60.0,0.6217267419906884,completed,0
phnode_full,46,PRBS,PRBS_54,60.0,0.3608870318281922,completed,0
phnode_full,46,PRBS,PRBS_55,60.0,0.129360458878043,completed,0
phnode_full,46,PRBS,PRBS_56,60.0,0.6812902522038756,completed,0
phnode_full,46,PRBS,PRBS_57,60.0,0.45048213636783807,completed,0
phnode_full,46,PRBS,PRBS_58,60.0,0.3672465186224654,completed,0
phnode_full,46,PRBS,PRBS_59,60.0,1.159725455308625,completed,0
phnode_full,46,PRBS,PRBS_60,60.0,0.38256062433089766,completed,0
phnode_full,46,PRBS,PRBS_61,60.0,1.4042093690885182,completed,0
phnode_full,46,PRBS,PRBS_62,60.0,0.3721821534201439,completed,0
phnode_full,46,PRBS,PRBS_63,60.0,0.3501237583581619,completed,0
phnode_full,46,PRBS,PRBS_64,60.0,0.44411193006599775,completed,0
phnode_full,46,PRBS,PRBS_65,60.0,0.458472791528366,completed,0
phnode_full,46,PRBS,PRBS_66,60.0,0.36508602643995297,completed,0
phnode_full,46,PRBS,PRBS_67,60.0,0.26146259653870796,completed,0
phnode_full,46,PRBS,PRBS_68,60.0,0.9695139630911875,completed,0
phnode_full,46,PRBS,PRBS_69,60.0,0.6241670182963863,completed,0
phnode_full,46,PRBS,PRBS_70,60.0,1.2547062850952602,completed,0
phnode_full,46,PRBS,PRBS_71,60.0,0.4530273279294759,completed,0
phnode_full,46,CHIRP,CHIRP_100042,60.0,0.32937792017222184,completed,0
phnode_full,46,CHIRP,CHIRP_100043,60.0,1.071176323951659,completed,0
phnode_full,46,CHIRP,CHIRP_100044,60.0,0.38614746319959475,completed,0
phnode_full,46,CHIRP,CHIRP_100045,60.0,0.29066745375755787,completed,0
phnode_full,46,CHIRP,CHIRP_100046,60.0,0.40969591040857734,completed,0
phnode_full,46,CHIRP,CHIRP_100047,60.0,0.3477728528932991,completed,0
phnode_full,46,CHIRP,CHIRP_100048,60.0,0.39407131624345454,completed,0
phnode_full,46,CHIRP,CHIRP_100049,60.0,0.5487464066661062,completed,0
phnode_full,46,CHIRP,CHIRP_100050,60.0,0.5496444243700731,completed,0
phnode_full,46,CHIRP,CHIRP_100051,60.0,0.2793721400745315,completed,0
phnode_full,46,CHIRP,CHIRP_100052,60.0,0.26256509008343953,completed,0
phnode_full,46,CHIRP,CHIRP_100053,60.0,0.3002745988642761,completed,0
phnode_full,46,CHIRP,CHIRP_100054,60.0,0.34657589679832534,completed,0
phnode_full,46,CHIRP,CHIRP_100055,60.0,0.34457930333559617,completed,0
phnode_full,46,CHIRP,CHIRP_100056,60.0,0.712632182878035,completed,0
phnode_full,46,CHIRP,CHIRP_100057,60.0,0.30922177617607693,completed,0
phnode_full,46,CHIRP,CHIRP_100058,60.0,0.25386530929445655,completed,0
phnode_full,46,CHIRP,CHIRP_100059,60.0,0.3337253611699297,completed,0
phnode_full,46,CHIRP,CHIRP_100060,60.0,0.3807894039110197,completed,0
phnode_full,46,CHIRP,CHIRP_100061,60.0,0.40505779157890864,completed,0
phnode_full,46,CHIRP,CHIRP_100062,60.0,0.4897346361671463,completed,0
phnode_full,46,CHIRP,CHIRP_100063,60.0,0.23216315383385855,completed,0
phnode_full,46,CHIRP,CHIRP_100064,60.0,0.36340900634252626,completed,0
phnode_full,46,CHIRP,CHIRP_100065,60.0,0.5269379285615174,completed,0
phnode_full,46,CHIRP,CHIRP_100066,60.0,0.3689221615786676,completed,0
phnode_full,46,CHIRP,CHIRP_100067,60.0,0.38585733484667023,completed,0
phnode_full,46,CHIRP,CHIRP_100068,60.0,0.8869874389071373,completed,0
phnode_full,46,CHIRP,CHIRP_100069,60.0,0.35746274997710975,completed,0
phnode_full,46,CHIRP,CHIRP_100070,60.0,0.6972624337882797,completed,0
phnode_full,46,CHIRP,CHIRP_100071,60.0,0.4857325060406503,completed,0
phnode_full,46,OU,OU_200042,60.0,0.20195215659394658,completed,0
phnode_full,46,OU,OU_200043,60.0,0.8110142582618264,completed,0
phnode_full,46,OU,OU_200044,60.0,0.7197997901493605,completed,0
phnode_full,46,OU,OU_200045,60.0,0.2822790956926289,completed,0
phnode_full,46,OU,OU_200046,60.0,0.5760099123550165,completed,0
phnode_full,46,OU,OU_200047,60.0,1.928696910172036,completed,0
phnode_full,46,OU,OU_200048,60.0,1.4913232118110589,completed,0
phnode_full,46,OU,OU_200049,60.0,1.5321527220239444,completed,0
phnode_full,46,OU,OU_200050,60.0,0.44112571408993945,completed,0
phnode_full,46,OU,OU_200051,60.0,0.9302026866795369,completed,0
phnode_full,46,OU,OU_200052,60.0,1.5525388284117232,completed,0
phnode_full,46,OU,OU_200053,60.0,1.0183477238080714,completed,0
phnode_full,46,OU,OU_200054,60.0,0.6620635006607918,completed,0
phnode_full,46,OU,OU_200055,60.0,0.7556243642767557,completed,0
phnode_full,46,OU,OU_200056,60.0,0.15954984473018613,completed,0
phnode_full,46,OU,OU_200057,60.0,1.5966820527114232,completed,0
phnode_full,46,OU,OU_200058,60.0,0.4396476594120593,completed,0
phnode_full,46,OU,OU_200059,60.0,1.356200011831307,completed,0
phnode_full,46,OU,OU_200060,60.0,0.28267283452587216,completed,0
phnode_full,46,OU,OU_200061,60.0,1.1295752939633197,completed,0
phnode_full,46,OU,OU_200062,60.0,1.296651340096621,completed,0
phnode_full,46,OU,OU_200063,60.0,0.5163746324306979,completed,0
phnode_full,46,OU,OU_200064,60.0,0.7066642995370124,completed,0
phnode_full,46,OU,OU_200065,60.0,0.8347626181185286,completed,0
phnode_full,46,OU,OU_200066,60.0,0.19744169924021301,completed,0
phnode_full,46,OU,OU_200067,60.0,0.09160891056239044,completed,0
phnode_full,46,OU,OU_200068,60.0,1.5406904490205686,completed,0
phnode_full,46,OU,OU_200069,60.0,0.5968765302844097,completed,0
phnode_full,46,OU,OU_200070,60.0,1.329792594912783,completed,0
phnode_full,46,OU,OU_200071,60.0,0.9375463890433557,completed,0
ablate_no_lift,42,PRBS,PRBS_42,60.0,0.7438901203081065,completed,0
ablate_no_lift,42,PRBS,PRBS_43,60.0,0.32836577727982696,completed,0
ablate_no_lift,42,PRBS,PRBS_44,60.0,0.11045017327818726,completed,0
ablate_no_lift,42,PRBS,PRBS_45,60.0,0.15275204403235842,completed,0
ablate_no_lift,42,PRBS,PRBS_46,60.0,1.1991018477721556,completed,0
ablate_no_lift,42,PRBS,PRBS_47,60.0,0.09385129264902181,completed,0
ablate_no_lift,42,PRBS,PRBS_48,60.0,0.6846338748374031,completed,0
ablate_no_lift,42,PRBS,PRBS_49,60.0,0.2457084652069923,completed,0
ablate_no_lift,42,PRBS,PRBS_50,60.0,0.19087731154733373,completed,0
ablate_no_lift,42,PRBS,PRBS_51,60.0,1.3426205068318586,completed,0
ablate_no_lift,42,PRBS,PRBS_52,60.0,0.2297651519311468,completed,0
ablate_no_lift,42,PRBS,PRBS_53,60.0,0.3506981451869885,completed,0
ablate_no_lift,42,PRBS,PRBS_54,60.0,0.3482312281239424,completed,0
ablate_no_lift,42,PRBS,PRBS_55,60.0,0.12021105742221379,completed,0
ablate_no_lift,42,PRBS,PRBS_56,60.0,0.9877541035087276,completed,0
ablate_no_lift,42,PRBS,PRBS_57,60.0,0.21721479533090635,completed,0
ablate_no_lift,42,PRBS,PRBS_58,60.0,0.3696664479836534,completed,0
ablate_no_lift,42,PRBS,PRBS_59,60.0,0.3893044205915062,completed,0
ablate_no_lift,42,PRBS,PRBS_60,60.0,0.19920893763514713,completed,0
ablate_no_lift,42,PRBS,PRBS_61,60.0,0.7678247544051996,completed,0
ablate_no_lift,42,PRBS,PRBS_62,60.0,0.2735032753723706,completed,0
ablate_no_lift,42,PRBS,PRBS_63,60.0,0.23330840330001446,completed,0
ablate_no_lift,42,PRBS,PRBS_64,60.0,0.26171108125633197,completed,0
ablate_no_lift,42,PRBS,PRBS_65,60.0,0.8397586374203226,completed,0
ablate_no_lift,42,PRBS,PRBS_66,60.0,0.16054989142462112,completed,0
ablate_no_lift,42,PRBS,PRBS_67,60.0,0.2788823770021725,completed,0
ablate_no_lift,42,PRBS,PRBS_68,60.0,0.8297299809131325,completed,0
ablate_no_lift,42,PRBS,PRBS_69,60.0,0.4922348972492653,completed,0
ablate_no_lift,42,PRBS,PRBS_70,60.0,0.680404207547478,completed,0
ablate_no_lift,42,PRBS,PRBS_71,60.0,0.4834163964865697,completed,0
ablate_no_lift,42,CHIRP,CHIRP_100042,60.0,0.16020819835776318,completed,0
ablate_no_lift,42,CHIRP,CHIRP_100043,60.0,1.2599960870636162,completed,0
ablate_no_lift,42,CHIRP,CHIRP_100044,60.0,0.2649400588055666,completed,0
ablate_no_lift,42,CHIRP,CHIRP_100045,60.0,0.5086791635427431,completed,0
ablate_no_lift,42,CHIRP,CHIRP_100046,60.0,1.3131897330073279,completed,0
ablate_no_lift,42,CHIRP,CHIRP_100047,60.0,0.1832615354342713,completed,0
ablate_no_lift,42,CHIRP,CHIRP_100048,60.0,0.6669990665943664,completed,0
ablate_no_lift,42,CHIRP,CHIRP_100049,60.0,0.8986703755933024,completed,0
ablate_no_lift,42,CHIRP,CHIRP_100050,60.0,0.34723501425304515,completed,0
ablate_no_lift,42,CHIRP,CHIRP_100051,60.0,0.522242702367797,completed,0
ablate_no_lift,42,CHIRP,CHIRP_100052,60.0,0.21263727858300663,completed,0
ablate_no_lift,42,CHIRP,CHIRP_100053,60.0,0.18918520839426972,completed,0
ablate_no_lift,42,CHIRP,CHIRP_100054,60.0,0.7646263462559731,completed,0
ablate_no_lift,42,CHIRP,CHIRP_100055,60.0,0.936958794634594,completed,0
ablate_no_lift,42,CHIRP,CHIRP_100056,60.0,0.885125382842645,completed,0
ablate_no_lift,42,CHIRP,CHIRP_100057,60.0,0.9475179241611165,completed,0
ablate_no_lift,42,CHIRP,CHIRP_100058,60.0,0.35536829158590094,completed,0
ablate_no_lift,42,CHIRP,CHIRP_100059,60.0,0.1676853136463848,completed,0
ablate_no_lift,42,CHIRP,CHIRP_100060,60.0,0.16007519937585796,completed,0
ablate_no_lift,42,CHIRP,CHIRP_100061,60.0,0.4676289692276436,completed,0
ablate_no_lift,42,CHIRP,CHIRP_100062,60.0,0.8750927474841714,completed,0
ablate_no_lift,42,CHIRP,CHIRP_100063,60.0,0.10628321029847784,completed,0
ablate_no_lift,42,CHIRP,CHIRP_100064,60.0,0.4285766843801148,completed,0
ablate_no_lift,42,CHIRP,CHIRP_100065,60.0,0.6094963820399244,completed,0
ablate_no_lift,42,CHIRP,CHIRP_100066,60.0,1.0128145822786219,completed,0
ablate_no_lift,42,CHIRP,CHIRP_100067,60.0,0.3361925931431866,completed,0
ablate_no_lift,42,CHIRP,CHIRP_100068,60.0,1.1800789039334185,completed,0
ablate_no_lift,42,CHIRP,CHIRP_100069,60.0,0.7261151136800122,completed,0
ablate_no_lift,42,CHIRP,CHIRP_100070,60.0,0.5301825675486659,completed,0
ablate_no_lift,42,CHIRP,CHIRP_100071,60.0,0.24987928285425332,completed,0
ablate_no_lift,42,OU,OU_200042,60.0,0.1844113724176181,completed,0
ablate_no_lift,42,OU,OU_200043,60.0,0.2472411673812422,completed,0
ablate_no_lift,42,OU,OU_200044,60.0,0.18884836997379056,completed,0
ablate_no_lift,42,OU,OU_200045,60.0,0.2194116979671955,completed,0
ablate_no_lift,42,OU,OU_200046,60.0,0.8396250063079501,completed,0
ablate_no_lift,42,OU,OU_200047,60.0,0.7076067029965025,completed,0
ablate_no_lift,42,OU,OU_200048,60.0,1.4177066237699028,completed,0
ablate_no_lift,42,OU,OU_200049,60.0,0.43352680162752677,completed,0
ablate_no_lift,42,OU,OU_200050,60.0,0.7687025269329985,completed,0
ablate_no_lift,42,OU,OU_200051,60.0,nan,pred_divergence,0
ablate_no_lift,42,OU,OU_200052,60.0,0.9362473679555853,completed,0
ablate_no_lift,42,OU,OU_200053,60.0,0.6004567309601695,completed,0
ablate_no_lift,42,OU,OU_200054,60.0,0.37558301505347336,completed,0
ablate_no_lift,42,OU,OU_200055,60.0,0.3402038984001138,completed,0
ablate_no_lift,42,OU,OU_200056,60.0,0.6981490903896863,completed,0
ablate_no_lift,42,OU,OU_200057,60.0,1.2445199303330385,completed,0
ablate_no_lift,42,OU,OU_200058,60.0,1.1969339393943386,completed,0
ablate_no_lift,42,OU,OU_200059,60.0,1.2890276729348327,completed,0
ablate_no_lift,42,OU,OU_200060,60.0,0.909919655607769,completed,0
ablate_no_lift,42,OU,OU_200061,60.0,1.201403813449986,completed,0
ablate_no_lift,42,OU,OU_200062,60.0,1.3668992415970982,completed,0
ablate_no_lift,42,OU,OU_200063,60.0,0.6426284398722601,completed,0
ablate_no_lift,42,OU,OU_200064,60.0,0.7343174278301041,completed,0
ablate_no_lift,42,OU,OU_200065,60.0,0.6771851046142154,completed,0
ablate_no_lift,42,OU,OU_200066,60.0,nan,pred_divergence,0
ablate_no_lift,42,OU,OU_200067,60.0,0.754762031469371,completed,0
ablate_no_lift,42,OU,OU_200068,60.0,0.53449587377994,completed,0
ablate_no_lift,42,OU,OU_200069,60.0,0.6794937340752949,completed,0
ablate_no_lift,42,OU,OU_200070,60.0,1.175549144140509,completed,0
ablate_no_lift,42,OU,OU_200071,60.0,1.0632904274825181,completed,0
ablate_no_lift,43,PRBS,PRBS_42,60.0,59.32158466727449,completed,1
ablate_no_lift,43,PRBS,PRBS_43,60.0,41.933229731813405,completed,1
ablate_no_lift,43,PRBS,PRBS_44,60.0,49.78631909443372,completed,1
ablate_no_lift,43,PRBS,PRBS_45,60.0,6.344044477195103,completed,1
ablate_no_lift,43,PRBS,PRBS_46,60.0,75.08568687675313,completed,1
ablate_no_lift,43,PRBS,PRBS_47,60.0,38.283562164881694,completed,1
ablate_no_lift,43,PRBS,PRBS_48,60.0,62.609448497809964,completed,1
ablate_no_lift,43,PRBS,PRBS_49,60.0,40.4070074213921,completed,1
ablate_no_lift,43,PRBS,PRBS_50,60.0,49.0919847693775,completed,1
ablate_no_lift,43,PRBS,PRBS_51,60.0,33.31772125507093,completed,1
ablate_no_lift,43,PRBS,PRBS_52,60.0,16.989821904906393,completed,1
ablate_no_lift,43,PRBS,PRBS_53,60.0,38.72389318443089,completed,1
ablate_no_lift,43,PRBS,PRBS_54,60.0,31.05536856232436,completed,1
ablate_no_lift,43,PRBS,PRBS_55,60.0,21.992158403120236,completed,1
ablate_no_lift,43,PRBS,PRBS_56,60.0,61.40252731526505,completed,1
ablate_no_lift,43,PRBS,PRBS_57,60.0,16.731439546706643,completed,1
ablate_no_lift,43,PRBS,PRBS_58,60.0,12.842116606930738,completed,1
ablate_no_lift,43,PRBS,PRBS_59,60.0,88.58658850839834,completed,1
ablate_no_lift,43,PRBS,PRBS_60,60.0,23.252915761600967,completed,1
ablate_no_lift,43,PRBS,PRBS_61,60.0,49.94231416837741,completed,1
ablate_no_lift,43,PRBS,PRBS_62,60.0,74.85995330568547,completed,1
ablate_no_lift,43,PRBS,PRBS_63,60.0,58.14573187216305,completed,1
ablate_no_lift,43,PRBS,PRBS_64,60.0,26.838511239854828,completed,1
ablate_no_lift,43,PRBS,PRBS_65,60.0,40.86958133651571,completed,1
ablate_no_lift,43,PRBS,PRBS_66,60.0,31.161072667625973,completed,1
ablate_no_lift,43,PRBS,PRBS_67,60.0,18.447052141591413,completed,1
ablate_no_lift,43,PRBS,PRBS_68,60.0,91.1567622651255,completed,1
ablate_no_lift,43,PRBS,PRBS_69,60.0,59.29393945507747,completed,1
ablate_no_lift,43,PRBS,PRBS_70,60.0,35.20450235453196,completed,1
ablate_no_lift,43,PRBS,PRBS_71,60.0,39.28736022565829,completed,1
ablate_no_lift,43,CHIRP,CHIRP_100042,60.0,44.99312216572955,completed,1
ablate_no_lift,43,CHIRP,CHIRP_100043,60.0,49.39930704515777,completed,1
ablate_no_lift,43,CHIRP,CHIRP_100044,60.0,38.77367781531654,completed,1
ablate_no_lift,43,CHIRP,CHIRP_100045,60.0,45.20560087034931,completed,1
ablate_no_lift,43,CHIRP,CHIRP_100046,60.0,48.91411895310387,completed,1
ablate_no_lift,43,CHIRP,CHIRP_100047,60.0,40.132805551074796,completed,1
ablate_no_lift,43,CHIRP,CHIRP_100048,60.0,37.14000101852813,completed,1
ablate_no_lift,43,CHIRP,CHIRP_100049,60.0,47.58971112156286,completed,1
ablate_no_lift,43,CHIRP,CHIRP_100050,60.0,51.55322954191193,completed,1
ablate_no_lift,43,CHIRP,CHIRP_100051,60.0,57.75590459345493,completed,1
ablate_no_lift,43,CHIRP,CHIRP_100052,60.0,48.9910833333637,completed,1
ablate_no_lift,43,CHIRP,CHIRP_100053,60.0,43.633900309316196,completed,1
ablate_no_lift,43,CHIRP,CHIRP_100054,60.0,46.33486305820158,completed,1
ablate_no_lift,43,CHIRP,CHIRP_100055,60.0,36.93334065572551,completed,1
ablate_no_lift,43,CHIRP,CHIRP_100056,60.0,44.10315053691437,completed,1
ablate_no_lift,43,CHIRP,CHIRP_100057,60.0,49.788672122137534,completed,1
ablate_no_lift,43,CHIRP,CHIRP_100058,60.0,38.31738502462663,completed,1
ablate_no_lift,43,CHIRP,CHIRP_100059,60.0,48.49263262529478,completed,1
ablate_no_lift,43,CHIRP,CHIRP_100060,60.0,38.59873229629648,completed,1
ablate_no_lift,43,CHIRP,CHIRP_100061,60.0,43.75700080689163,completed,1
ablate_no_lift,43,CHIRP,CHIRP_100062,60.0,49.8728025223374,completed,1
ablate_no_lift,43,CHIRP,CHIRP_100063,60.0,47.72100935611199,completed,1
ablate_no_lift,43,CHIRP,CHIRP_100064,60.0,40.523695144101076,completed,1
ablate_no_lift,43,CHIRP,CHIRP_100065,60.0,43.538729403004794,completed,1
ablate_no_lift,43,CHIRP,CHIRP_100066,60.0,49.01396470674316,completed,1
ablate_no_lift,43,CHIRP,CHIRP_100067,60.0,40.169315453019394,completed,1
ablate_no_lift,43,CHIRP,CHIRP_100068,60.0,42.35068359938815,completed,1
ablate_no_lift,43,CHIRP,CHIRP_100069,60.0,52.06517570513236,completed,1
ablate_no_lift,43,CHIRP,CHIRP_100070,60.0,45.429487853826075,completed,1
ablate_no_lift,43,CHIRP,CHIRP_100071,60.0,39.17044541036596,completed,1
ablate_no_lift,43,OU,OU_200042,60.0,24.8161697157508,completed,1
ablate_no_lift,43,OU,OU_200043,60.0,28.18123130484969,completed,1
ablate_no_lift,43,OU,OU_200044,60.0,27.943743950247722,completed,1
ablate_no_lift,43,OU,OU_200045,60.0,67.83965780685311,completed,1
ablate_no_lift,43,OU,OU_200046,60.0,39.84107278199172,completed,1
ablate_no_lift,43,OU,OU_200047,60.0,78.04224334069299,completed,1
ablate_no_lift,43,OU,OU_200048,60.0,53.87711473510268,completed,1
ablate_no_lift,43,OU,OU_200049,60.0,56.273981932756946,completed,1
ablate_no_lift,43,OU,OU_200050,60.0,61.66733343712289,completed,1
ablate_no_lift,43,OU,OU_200051,60.0,64.28112890492564,completed,1
ablate_no_lift,43,OU,OU_200052,60.0,43.67898851260356,completed,1
ablate_no_lift,43,OU,OU_200053,60.0,31.884849198935534,completed,1
ablate_no_lift,43,OU,OU_200054,60.0,20.418917519982916,completed,1
ablate_no_lift,43,OU,OU_200055,60.0,48.32382790229069,completed,1
ablate_no_lift,43,OU,OU_200056,60.0,50.697976950057516,completed,1
ablate_no_lift,43,OU,OU_200057,60.0,75.29943135081726,completed,1
ablate_no_lift,43,OU,OU_200058,60.0,39.40033572565367,completed,1
ablate_no_lift,43,OU,OU_200059,60.0,58.03879715528291,completed,1
ablate_no_lift,43,OU,OU_200060,60.0,67.23848005185775,completed,1
ablate_no_lift,43,OU,OU_200061,60.0,43.31947260376088,completed,1
ablate_no_lift,43,OU,OU_200062,60.0,65.05526432843158,completed,1
ablate_no_lift,43,OU,OU_200063,60.0,37.17550115985882,completed,1
ablate_no_lift,43,OU,OU_200064,60.0,27.92868804281947,completed,1
ablate_no_lift,43,OU,OU_200065,60.0,27.596496797989534,completed,1
ablate_no_lift,43,OU,OU_200066,60.0,57.54156916978113,completed,1
ablate_no_lift,43,OU,OU_200067,60.0,44.657248488285816,completed,1
ablate_no_lift,43,OU,OU_200068,60.0,64.3770951091367,completed,1
ablate_no_lift,43,OU,OU_200069,60.0,44.90549142350405,completed,1
ablate_no_lift,43,OU,OU_200070,60.0,61.32043623690276,completed,1
ablate_no_lift,43,OU,OU_200071,60.0,32.669030889086706,completed,1
ablate_no_lift,44,PRBS,PRBS_42,60.0,1.5595530383574658,completed,0
ablate_no_lift,44,PRBS,PRBS_43,60.0,0.4395047216667154,completed,0
ablate_no_lift,44,PRBS,PRBS_44,60.0,0.6605473583558537,completed,0
ablate_no_lift,44,PRBS,PRBS_45,60.0,0.16908076036120626,completed,0
ablate_no_lift,44,PRBS,PRBS_46,60.0,2.14997981469745,completed,0
ablate_no_lift,44,PRBS,PRBS_47,60.0,0.6269107473613318,completed,0
ablate_no_lift,44,PRBS,PRBS_48,60.0,1.207988907302664,completed,0
ablate_no_lift,44,PRBS,PRBS_49,60.0,0.07478707911575344,completed,0
ablate_no_lift,44,PRBS,PRBS_50,60.0,0.28573827641069255,completed,0
ablate_no_lift,44,PRBS,PRBS_51,60.0,0.9713080546005708,completed,0
ablate_no_lift,44,PRBS,PRBS_52,60.0,0.3660754932288031,completed,0
ablate_no_lift,44,PRBS,PRBS_53,60.0,0.4116851268697373,completed,0
ablate_no_lift,44,PRBS,PRBS_54,60.0,0.2994058605432663,completed,0
ablate_no_lift,44,PRBS,PRBS_55,60.0,0.169749476204298,completed,0
ablate_no_lift,44,PRBS,PRBS_56,60.0,2.246311681597467,completed,0
ablate_no_lift,44,PRBS,PRBS_57,60.0,0.9647313441679567,completed,0
ablate_no_lift,44,PRBS,PRBS_58,60.0,0.8268659015687323,completed,0
ablate_no_lift,44,PRBS,PRBS_59,60.0,1.5028486903296265,completed,0
ablate_no_lift,44,PRBS,PRBS_60,60.0,0.3601642099285568,completed,0
ablate_no_lift,44,PRBS,PRBS_61,60.0,1.1829604204124788,completed,0
ablate_no_lift,44,PRBS,PRBS_62,60.0,0.35907675126446426,completed,0
ablate_no_lift,44,PRBS,PRBS_63,60.0,1.219565469855099,completed,0
ablate_no_lift,44,PRBS,PRBS_64,60.0,0.8578836909978595,completed,0
ablate_no_lift,44,PRBS,PRBS_65,60.0,0.7264986651136844,completed,0
ablate_no_lift,44,PRBS,PRBS_66,60.0,0.443368404669625,completed,0
ablate_no_lift,44,PRBS,PRBS_67,60.0,0.997363347608517,completed,0
ablate_no_lift,44,PRBS,PRBS_68,60.0,1.0411529795616816,completed,0
ablate_no_lift,44,PRBS,PRBS_69,60.0,0.695740757670217,completed,0
ablate_no_lift,44,PRBS,PRBS_70,60.0,0.9115970286829913,completed,0
ablate_no_lift,44,PRBS,PRBS_71,60.0,1.2629485129592737,completed,0
ablate_no_lift,44,CHIRP,CHIRP_100042,60.0,0.4074122684453668,completed,0
ablate_no_lift,44,CHIRP,CHIRP_100043,60.0,1.3385367895534859,completed,0
ablate_no_lift,44,CHIRP,CHIRP_100044,60.0,0.36309188225451233,completed,0
ablate_no_lift,44,CHIRP,CHIRP_100045,60.0,0.8917189639725436,completed,0
ablate_no_lift,44,CHIRP,CHIRP_100046,60.0,0.5014789346919653,completed,0
ablate_no_lift,44,CHIRP,CHIRP_100047,60.0,0.8029298003470239,completed,0
ablate_no_lift,44,CHIRP,CHIRP_100048,60.0,0.9572597418537332,completed,0
ablate_no_lift,44,CHIRP,CHIRP_100049,60.0,0.5181052222805619,completed,0
ablate_no_lift,44,CHIRP,CHIRP_100050,60.0,0.8212521320461907,completed,0
ablate_no_lift,44,CHIRP,CHIRP_100051,60.0,0.7556357265486764,completed,0
ablate_no_lift,44,CHIRP,CHIRP_100052,60.0,0.6564546189747122,completed,0
ablate_no_lift,44,CHIRP,CHIRP_100053,60.0,0.557094456870189,completed,0
ablate_no_lift,44,CHIRP,CHIRP_100054,60.0,1.7392748281783719,completed,0
ablate_no_lift,44,CHIRP,CHIRP_100055,60.0,1.1439401013681971,completed,0
ablate_no_lift,44,CHIRP,CHIRP_100056,60.0,0.5468535047800371,completed,0
ablate_no_lift,44,CHIRP,CHIRP_100057,60.0,1.0379825612896,completed,0
ablate_no_lift,44,CHIRP,CHIRP_100058,60.0,0.6146689558825532,completed,0
ablate_no_lift,44,CHIRP,CHIRP_100059,60.0,0.7467591886930424,completed,0
ablate_no_lift,44,CHIRP,CHIRP_100060,60.0,0.5191551301881618,completed,0
ablate_no_lift,44,CHIRP,CHIRP_100061,60.0,0.931826209519146,completed,0
ablate_no_lift,44,CHIRP,CHIRP_100062,60.0,0.5819437341308803,completed,0
ablate_no_lift,44,CHIRP,CHIRP_100063,60.0,0.38505562865857357,completed,0
ablate_no_lift,44,CHIRP,CHIRP_100064,60.0,0.4655574080787606,completed,0
ablate_no_lift,44,CHIRP,CHIRP_100065,60.0,0.5917467336690685,completed,0
ablate_no_lift,44,CHIRP,CHIRP_100066,60.0,1.4212295939496677,completed,0
ablate_no_lift,44,CHIRP,CHIRP_100067,60.0,1.5323329005171136,completed,0
ablate_no_lift,44,CHIRP,CHIRP_100068,60.0,1.3587534781686892,completed,0
ablate_no_lift,44,CHIRP,CHIRP_100069,60.0,0.5673362165696675,completed,0
ablate_no_lift,44,CHIRP,CHIRP_100070,60.0,0.4699780438821864,completed,0
ablate_no_lift,44,CHIRP,CHIRP_100071,60.0,0.6043792356973252,completed,0
ablate_no_lift,44,OU,OU_200042,60.0,0.9569600708950671,completed,0
ablate_no_lift,44,OU,OU_200043,60.0,0.43503390210583975,completed,0
ablate_no_lift,44,OU,OU_200044,60.0,0.15206015972760034,completed,0
ablate_no_lift,44,OU,OU_200045,60.0,2.161623363863194,completed,0
ablate_no_lift,44,OU,OU_200046,60.0,0.14467582565801168,completed,0
ablate_no_lift,44,OU,OU_200047,60.0,1.0972733138722202,completed,0
ablate_no_lift,44,OU,OU_200048,60.0,0.9225376207267855,completed,0
ablate_no_lift,44,OU,OU_200049,60.0,0.48249081529468496,completed,0
ablate_no_lift,44,OU,OU_200050,60.0,2.3714745760047427,completed,0
ablate_no_lift,44,OU,OU_200051,60.0,nan,pred_divergence,0
ablate_no_lift,44,OU,OU_200052,60.0,1.4975398543790805,completed,0
ablate_no_lift,44,OU,OU_200053,60.0,1.0911362401915226,completed,0
ablate_no_lift,44,OU,OU_200054,60.0,0.36258869383201847,completed,0
ablate_no_lift,44,OU,OU_200055,60.0,1.1603358598391413,completed,0
ablate_no_lift,44,OU,OU_200056,60.0,2.3996050434779015,completed,0
ablate_no_lift,44,OU,OU_200057,60.0,1.54370075624469,completed,0
ablate_no_lift,44,OU,OU_200058,60.0,2.5264748048630685,completed,0
ablate_no_lift,44,OU,OU_200059,60.0,1.000379777736227,completed,0
ablate_no_lift,44,OU,OU_200060,60.0,1.5174964560060344,completed,0
ablate_no_lift,44,OU,OU_200061,60.0,3.557778951059771,completed,0
ablate_no_lift,44,OU,OU_200062,60.0,1.511874907557587,completed,0
ablate_no_lift,44,OU,OU_200063,60.0,0.4203622474254473,completed,0
ablate_no_lift,44,OU,OU_200064,60.0,0.6907641744678307,completed,0
ablate_no_lift,44,OU,OU_200065,60.0,0.46144040265608455,completed,0
ablate_no_lift,44,OU,OU_200066,60.0,1.2405841169124716,completed,0
ablate_no_lift,44,OU,OU_200067,60.0,1.9263011587134349,completed,0
ablate_no_lift,44,OU,OU_200068,60.0,1.309968205210658,completed,0
ablate_no_lift,44,OU,OU_200069,60.0,0.34190315952885353,completed,0
ablate_no_lift,44,OU,OU_200070,60.0,2.4170417810648432,completed,0
ablate_no_lift,44,OU,OU_200071,60.0,1.3940067235200084,completed,0
ablate_no_lift,45,PRBS,PRBS_42,60.0,0.1673246282999807,completed,0
ablate_no_lift,45,PRBS,PRBS_43,60.0,0.16998117238618607,completed,0
ablate_no_lift,45,PRBS,PRBS_44,60.0,0.15492285803147243,completed,0
ablate_no_lift,45,PRBS,PRBS_45,60.0,0.6759582282790244,completed,0
ablate_no_lift,45,PRBS,PRBS_46,60.0,2.152779620505108,completed,0
ablate_no_lift,45,PRBS,PRBS_47,60.0,0.10506684337954797,completed,0
ablate_no_lift,45,PRBS,PRBS_48,60.0,0.7499064549855898,completed,0
ablate_no_lift,45,PRBS,PRBS_49,60.0,0.5091304189687177,completed,0
ablate_no_lift,45,PRBS,PRBS_50,60.0,0.5040180078165996,completed,0
ablate_no_lift,45,PRBS,PRBS_51,60.0,0.8603360311464985,completed,0
ablate_no_lift,45,PRBS,PRBS_52,60.0,0.7109434004200307,completed,0
ablate_no_lift,45,PRBS,PRBS_53,60.0,0.3505493678933235,completed,0
ablate_no_lift,45,PRBS,PRBS_54,60.0,0.23488796792610842,completed,0
ablate_no_lift,45,PRBS,PRBS_55,60.0,0.2651465406469299,completed,0
ablate_no_lift,45,PRBS,PRBS_56,60.0,0.7140540057754244,completed,0
ablate_no_lift,45,PRBS,PRBS_57,60.0,0.689749271544192,completed,0
ablate_no_lift,45,PRBS,PRBS_58,60.0,0.1020957306189849,completed,0
ablate_no_lift,45,PRBS,PRBS_59,60.0,0.14654908869459116,completed,0
ablate_no_lift,45,PRBS,PRBS_60,60.0,0.23738430715054099,completed,0
ablate_no_lift,45,PRBS,PRBS_61,60.0,0.4117075438796885,completed,0
ablate_no_lift,45,PRBS,PRBS_62,60.0,0.30439766259622797,completed,0
ablate_no_lift,45,PRBS,PRBS_63,60.0,0.4239427969723152,completed,0
ablate_no_lift,45,PRBS,PRBS_64,60.0,0.583875117630304,completed,0
ablate_no_lift,45,PRBS,PRBS_65,60.0,0.6433702328648064,completed,0
ablate_no_lift,45,PRBS,PRBS_66,60.0,0.1481759226139143,completed,0
ablate_no_lift,45,PRBS,PRBS_67,60.0,0.49397008919534613,completed,0
ablate_no_lift,45,PRBS,PRBS_68,60.0,0.4847448161059032,completed,0
ablate_no_lift,45,PRBS,PRBS_69,60.0,0.12254945197049805,completed,0
ablate_no_lift,45,PRBS,PRBS_70,60.0,0.7540403684133701,completed,0
ablate_no_lift,45,PRBS,PRBS_71,60.0,0.6293455576450692,completed,0
ablate_no_lift,45,CHIRP,CHIRP_100042,60.0,0.3276761098889769,completed,0
ablate_no_lift,45,CHIRP,CHIRP_100043,60.0,1.8019775600800911,completed,0
ablate_no_lift,45,CHIRP,CHIRP_100044,60.0,0.2294445080148732,completed,0
ablate_no_lift,45,CHIRP,CHIRP_100045,60.0,0.3662894531075359,completed,0
ablate_no_lift,45,CHIRP,CHIRP_100046,60.0,1.190550331086294,completed,0
ablate_no_lift,45,CHIRP,CHIRP_100047,60.0,0.34479025534707597,completed,0
ablate_no_lift,45,CHIRP,CHIRP_100048,60.0,0.873486962061233,completed,0
ablate_no_lift,45,CHIRP,CHIRP_100049,60.0,0.5175856761296052,completed,0
ablate_no_lift,45,CHIRP,CHIRP_100050,60.0,0.926599576348198,completed,0
ablate_no_lift,45,CHIRP,CHIRP_100051,60.0,0.9239601607867822,completed,0
ablate_no_lift,45,CHIRP,CHIRP_100052,60.0,0.41450456361855775,completed,0
ablate_no_lift,45,CHIRP,CHIRP_100053,60.0,1.224781829616812,completed,0
ablate_no_lift,45,CHIRP,CHIRP_100054,60.0,0.5660405400591865,completed,0
ablate_no_lift,45,CHIRP,CHIRP_100055,60.0,1.4962400926072505,completed,0
ablate_no_lift,45,CHIRP,CHIRP_100056,60.0,0.8729288662929614,completed,0
ablate_no_lift,45,CHIRP,CHIRP_100057,60.0,0.9456797835179888,completed,0
ablate_no_lift,45,CHIRP,CHIRP_100058,60.0,0.5647228229451171,completed,0
ablate_no_lift,45,CHIRP,CHIRP_100059,60.0,0.7379243607255243,completed,0
ablate_no_lift,45,CHIRP,CHIRP_100060,60.0,0.2900522667254805,completed,0
ablate_no_lift,45,CHIRP,CHIRP_100061,60.0,0.7925821206498348,completed,0
ablate_no_lift,45,CHIRP,CHIRP_100062,60.0,1.1201504303803282,completed,0
ablate_no_lift,45,CHIRP,CHIRP_100063,60.0,0.32877877404680383,completed,0
ablate_no_lift,45,CHIRP,CHIRP_100064,60.0,0.3280655683988889,completed,0
ablate_no_lift,45,CHIRP,CHIRP_100065,60.0,0.28377347684167004,completed,0
ablate_no_lift,45,CHIRP,CHIRP_100066,60.0,1.1145082446787655,completed,0
ablate_no_lift,45,CHIRP,CHIRP_100067,60.0,0.4287024919126395,completed,0
ablate_no_lift,45,CHIRP,CHIRP_100068,60.0,1.1042750036506535,completed,0
ablate_no_lift,45,CHIRP,CHIRP_100069,60.0,0.6247644933870365,completed,0
ablate_no_lift,45,CHIRP,CHIRP_100070,60.0,0.6980239485439808,completed,0
ablate_no_lift,45,CHIRP,CHIRP_100071,60.0,0.5462418976661414,completed,0
ablate_no_lift,45,OU,OU_200042,60.0,0.3892919490858085,completed,0
ablate_no_lift,45,OU,OU_200043,60.0,0.39275405422619575,completed,0
ablate_no_lift,45,OU,OU_200044,60.0,0.9756140041803262,completed,0
ablate_no_lift,45,OU,OU_200045,60.0,0.35096076556779726,completed,0
ablate_no_lift,45,OU,OU_200046,60.0,0.936951803253415,completed,0
ablate_no_lift,45,OU,OU_200047,60.0,0.725457208810089,completed,0
ablate_no_lift,45,OU,OU_200048,60.0,1.8548618088303814,completed,0
ablate_no_lift,45,OU,OU_200049,60.0,0.38054637624273174,completed,0
ablate_no_lift,45,OU,OU_200050,60.0,0.3632054459912698,completed,0
ablate_no_lift,45,OU,OU_200051,60.0,1.204157692458465,completed,0
ablate_no_lift,45,OU,OU_200052,60.0,0.639573318635773,completed,0
ablate_no_lift,45,OU,OU_200053,60.0,0.3117402614134303,completed,0
ablate_no_lift,45,OU,OU_200054,60.0,0.11847164685809958,completed,0
ablate_no_lift,45,OU,OU_200055,60.0,0.3124287028693312,completed,0
ablate_no_lift,45,OU,OU_200056,60.0,0.9608288906220441,completed,0
ablate_no_lift,45,OU,OU_200057,60.0,1.050563438888631,completed,0
ablate_no_lift,45,OU,OU_200058,60.0,1.5111357021580045,completed,0
ablate_no_lift,45,OU,OU_200059,60.0,1.8376236568001187,completed,0
ablate_no_lift,45,OU,OU_200060,60.0,1.0092750809310782,completed,0
ablate_no_lift,45,OU,OU_200061,60.0,1.8686522563132157,completed,0
ablate_no_lift,45,OU,OU_200062,60.0,2.1354857328957624,completed,0
ablate_no_lift,45,OU,OU_200063,60.0,0.5310780090019934,completed,0
ablate_no_lift,45,OU,OU_200064,60.0,1.1832971892171922,completed,0
ablate_no_lift,45,OU,OU_200065,60.0,0.5512851889989004,completed,0
ablate_no_lift,45,OU,OU_200066,60.0,nan,pred_divergence,0
ablate_no_lift,45,OU,OU_200067,60.0,0.3730424184324573,completed,0
ablate_no_lift,45,OU,OU_200068,60.0,0.7411015112165665,completed,0
ablate_no_lift,45,OU,OU_200069,60.0,0.4136366738643469,completed,0
ablate_no_lift,45,OU,OU_200070,60.0,0.3718540472393961,completed,0
ablate_no_lift,45,OU,OU_200071,60.0,0.8413353555349347,completed,0
ablate_no_lift,46,PRBS,PRBS_42,60.0,3.9714195634354152,completed,0
ablate_no_lift,46,PRBS,PRBS_43,60.0,1.2032918511808306,completed,0
ablate_no_lift,46,PRBS,PRBS_44,60.0,1.1578821846262064,completed,0
ablate_no_lift,46,PRBS,PRBS_45,60.0,1.5759741265656764,completed,0
ablate_no_lift,46,PRBS,PRBS_46,60.0,1.012908203750914,completed,0
ablate_no_lift,46,PRBS,PRBS_47,60.0,1.2055919337471273,completed,0
ablate_no_lift,46,PRBS,PRBS_48,60.0,1.94770173056732,completed,0
ablate_no_lift,46,PRBS,PRBS_49,60.0,1.8058181816996703,completed,0
ablate_no_lift,46,PRBS,PRBS_50,60.0,1.6871809293335374,completed,0
ablate_no_lift,46,PRBS,PRBS_51,60.0,2.3705772198455293,completed,0
ablate_no_lift,46,PRBS,PRBS_52,60.0,1.0300603623941025,completed,0
ablate_no_lift,46,PRBS,PRBS_53,60.0,1.3278848875262312,completed,0
ablate_no_lift,46,PRBS,PRBS_54,60.0,1.510200512717486,completed,0
ablate_no_lift,46,PRBS,PRBS_55,60.0,0.2682977775630797,completed,0
ablate_no_lift,46,PRBS,PRBS_56,60.0,2.7720767231832713,completed,0
ablate_no_lift,46,PRBS,PRBS_57,60.0,2.4384967134035946,completed,0
ablate_no_lift,46,PRBS,PRBS_58,60.0,0.47970212671478357,completed,0
ablate_no_lift,46,PRBS,PRBS_59,60.0,0.8664239915754007,completed,0
ablate_no_lift,46,PRBS,PRBS_60,60.0,1.131530892434006,completed,0
ablate_no_lift,46,PRBS,PRBS_61,60.0,2.995869647560732,completed,0
ablate_no_lift,46,PRBS,PRBS_62,60.0,2.891889555373811,completed,0
ablate_no_lift,46,PRBS,PRBS_63,60.0,0.6971480909052019,completed,0
ablate_no_lift,46,PRBS,PRBS_64,60.0,0.9975027892342588,completed,0
ablate_no_lift,46,PRBS,PRBS_65,60.0,1.5261907847620146,completed,0
ablate_no_lift,46,PRBS,PRBS_66,60.0,0.7438351927264608,completed,0
ablate_no_lift,46,PRBS,PRBS_67,60.0,1.6967908643369878,completed,0
ablate_no_lift,46,PRBS,PRBS_68,60.0,3.252716045252404,completed,0
ablate_no_lift,46,PRBS,PRBS_69,60.0,1.2810930165994405,completed,0
ablate_no_lift,46,PRBS,PRBS_70,60.0,1.1961384581046033,completed,0
ablate_no_lift,46,PRBS,PRBS_71,60.0,2.458428231544035,completed,0
ablate_no_lift,46,CHIRP,CHIRP_100042,60.0,2.934750662231137,completed,0
ablate_no_lift,46,CHIRP,CHIRP_100043,60.0,1.4779903530185299,completed,0
ablate_no_lift,46,CHIRP,CHIRP_100044,60.0,1.721057323799512,completed,0
ablate_no_lift,46,CHIRP,CHIRP_100045,60.0,2.184338465274995,completed,0
ablate_no_lift,46,CHIRP,CHIRP_100046,60.0,1.0636880564730211,completed,0
ablate_no_lift,46,CHIRP,CHIRP_100047,60.0,1.7776768751517629,completed,0
ablate_no_lift,46,CHIRP,CHIRP_100048,60.0,0.8477116820238806,completed,0
ablate_no_lift,46,CHIRP,CHIRP_100049,60.0,2.4382991647797962,completed,0
ablate_no_lift,46,CHIRP,CHIRP_100050,60.0,1.0593039469036412,completed,0
ablate_no_lift,46,CHIRP,CHIRP_100051,60.0,0.9378993003485196,completed,0
ablate_no_lift,46,CHIRP,CHIRP_100052,60.0,1.3902757971921023,completed,0
ablate_no_lift,46,CHIRP,CHIRP_100053,60.0,0.41892222728965905,completed,0
ablate_no_lift,46,CHIRP,CHIRP_100054,60.0,1.2637709135975892,completed,0
ablate_no_lift,46,CHIRP,CHIRP_100055,60.0,0.5762467137895185,completed,0
ablate_no_lift,46,CHIRP,CHIRP_100056,60.0,1.3974035368764872,completed,0
ablate_no_lift,46,CHIRP,CHIRP_100057,60.0,0.512511983485959,completed,0
ablate_no_lift,46,CHIRP,CHIRP_100058,60.0,1.5495281653766966,completed,0
ablate_no_lift,46,CHIRP,CHIRP_100059,60.0,0.8741226929017352,completed,0
ablate_no_lift,46,CHIRP,CHIRP_100060,60.0,2.0341497273798845,completed,0
ablate_no_lift,46,CHIRP,CHIRP_100061,60.0,2.93275653649106,completed,0
ablate_no_lift,46,CHIRP,CHIRP_100062,60.0,1.4033781752899108,completed,0
ablate_no_lift,46,CHIRP,CHIRP_100063,60.0,1.029131738925675,completed,0
ablate_no_lift,46,CHIRP,CHIRP_100064,60.0,0.5728663465458517,completed,0
ablate_no_lift,46,CHIRP,CHIRP_100065,60.0,0.47941684002940743,completed,0
ablate_no_lift,46,CHIRP,CHIRP_100066,60.0,0.7208055808515067,completed,0
ablate_no_lift,46,CHIRP,CHIRP_100067,60.0,0.728100234724593,completed,0
ablate_no_lift,46,CHIRP,CHIRP_100068,60.0,2.5353907049033118,completed,0
ablate_no_lift,46,CHIRP,CHIRP_100069,60.0,1.5056638288388327,completed,0
ablate_no_lift,46,CHIRP,CHIRP_100070,60.0,1.8311902065490155,completed,0
ablate_no_lift,46,CHIRP,CHIRP_100071,60.0,2.5563387125870918,completed,0
ablate_no_lift,46,OU,OU_200042,60.0,0.59186400572012,completed,0
ablate_no_lift,46,OU,OU_200043,60.0,1.9244066312950903,completed,0
ablate_no_lift,46,OU,OU_200044,60.0,0.4485588874818096,completed,0
ablate_no_lift,46,OU,OU_200045,60.0,1.0709780853580457,completed,0
ablate_no_lift,46,OU,OU_200046,60.0,2.3090514862390488,completed,0
ablate_no_lift,46,OU,OU_200047,60.0,0.7285709896350795,completed,0
ablate_no_lift,46,OU,OU_200048,60.0,0.5442208263326908,completed,0
ablate_no_lift,46,OU,OU_200049,60.0,2.755470696171319,completed,0
ablate_no_lift,46,OU,OU_200050,60.0,0.6826792499816563,completed,0
ablate_no_lift,46,OU,OU_200051,60.0,0.425066679245374,completed,0
ablate_no_lift,46,OU,OU_200052,60.0,1.430971182456233,completed,0
ablate_no_lift,46,OU,OU_200053,60.0,2.8346491739860427,completed,0
ablate_no_lift,46,OU,OU_200054,60.0,1.410095199685301,completed,0
ablate_no_lift,46,OU,OU_200055,60.0,0.817054660362101,completed,0
ablate_no_lift,46,OU,OU_200056,60.0,2.7259847286124606,completed,0
ablate_no_lift,46,OU,OU_200057,60.0,0.9098482032753674,completed,0
ablate_no_lift,46,OU,OU_200058,60.0,3.6832903779856196,completed,0
ablate_no_lift,46,OU,OU_200059,60.0,4.052784655029884,completed,0
ablate_no_lift,46,OU,OU_200060,60.0,1.44978217994041,completed,0
ablate_no_lift,46,OU,OU_200061,60.0,2.282187782795533,completed,0
ablate_no_lift,46,OU,OU_200062,60.0,1.091196990677361,completed,0
ablate_no_lift,46,OU,OU_200063,60.0,0.8966566038737744,completed,0
ablate_no_lift,46,OU,OU_200064,60.0,0.5870015498259056,completed,0
ablate_no_lift,46,OU,OU_200065,60.0,1.3653218929946567,completed,0
ablate_no_lift,46,OU,OU_200066,60.0,nan,pred_divergence,0
ablate_no_lift,46,OU,OU_200067,60.0,1.3296577699852292,completed,0
ablate_no_lift,46,OU,OU_200068,60.0,2.8598578389053415,completed,0
ablate_no_lift,46,OU,OU_200069,60.0,3.0995872579548895,completed,0
ablate_no_lift,46,OU,OU_200070,60.0,2.850447926241608,completed,0
ablate_no_lift,46,OU,OU_200071,60.0,4.44584893443413,completed,0
ablate_no_mass_prior,42,PRBS,PRBS_42,60.0,1.3996484689135027,completed,0
ablate_no_mass_prior,42,PRBS,PRBS_43,60.0,0.9513825223990625,completed,0
ablate_no_mass_prior,42,PRBS,PRBS_44,60.0,2.2269282949353415,completed,0
ablate_no_mass_prior,42,PRBS,PRBS_45,60.0,0.6537748469969585,completed,0
ablate_no_mass_prior,42,PRBS,PRBS_46,60.0,1.14619863009255,completed,0
ablate_no_mass_prior,42,PRBS,PRBS_47,60.0,0.7521803703899653,completed,0
ablate_no_mass_prior,42,PRBS,PRBS_48,60.0,1.1043763834819615,completed,0
ablate_no_mass_prior,42,PRBS,PRBS_49,60.0,0.5462647740964476,completed,0
ablate_no_mass_prior,42,PRBS,PRBS_50,60.0,1.2083216117237157,completed,0
ablate_no_mass_prior,42,PRBS,PRBS_51,60.0,0.20490816571624612,completed,0
ablate_no_mass_prior,42,PRBS,PRBS_52,60.0,0.37240339869979694,completed,0
ablate_no_mass_prior,42,PRBS,PRBS_53,60.0,0.9326546937490257,completed,0
ablate_no_mass_prior,42,PRBS,PRBS_54,60.0,0.7113368783301653,completed,0
ablate_no_mass_prior,42,PRBS,PRBS_55,60.0,0.6125582352478658,completed,0
ablate_no_mass_prior,42,PRBS,PRBS_56,60.0,0.8522023387920957,completed,0
ablate_no_mass_prior,42,PRBS,PRBS_57,60.0,1.0175720433158013,completed,0
ablate_no_mass_prior,42,PRBS,PRBS_58,60.0,0.5932396704709835,completed,0
ablate_no_mass_prior,42,PRBS,PRBS_59,60.0,0.8786621389481375,completed,0
ablate_no_mass_prior,42,PRBS,PRBS_60,60.0,0.544330896352743,completed,0
ablate_no_mass_prior,42,PRBS,PRBS_61,60.0,0.3726800840745452,completed,0
ablate_no_mass_prior,42,PRBS,PRBS_62,60.0,0.6564569110134143,completed,0
ablate_no_mass_prior,42,PRBS,PRBS_63,60.0,4.005836980767737,completed,0
ablate_no_mass_prior,42,PRBS,PRBS_64,60.0,0.5487964804899049,completed,0
ablate_no_mass_prior,42,PRBS,PRBS_65,60.0,0.6686927444074343,completed,0
ablate_no_mass_prior,42,PRBS,PRBS_66,60.0,2.239828471042084,completed,0
ablate_no_mass_prior,42,PRBS,PRBS_67,60.0,0.9554529075627424,completed,0
ablate_no_mass_prior,42,PRBS,PRBS_68,60.0,1.030876695728283,completed,0
ablate_no_mass_prior,42,PRBS,PRBS_69,60.0,0.2991593595227206,completed,0
ablate_no_mass_prior,42,PRBS,PRBS_70,60.0,0.7371484868196809,completed,0
ablate_no_mass_prior,42,PRBS,PRBS_71,60.0,0.6834247546571535,completed,0
ablate_no_mass_prior,42,CHIRP,CHIRP_100042,60.0,0.6562916867499271,completed,0
ablate_no_mass_prior,42,CHIRP,CHIRP_100043,60.0,0.24891461468269221,completed,0
ablate_no_mass_prior,42,CHIRP,CHIRP_100044,60.0,0.22624341403509549,completed,0
ablate_no_mass_prior,42,CHIRP,CHIRP_100045,60.0,1.0417436684942885,completed,0
ablate_no_mass_prior,42,CHIRP,CHIRP_100046,60.0,1.405705761599543,completed,0
ablate_no_mass_prior,42,CHIRP,CHIRP_100047,60.0,0.9424431489385691,completed,0
ablate_no_mass_prior,42,CHIRP,CHIRP_100048,60.0,1.0339215697703001,completed,0
ablate_no_mass_prior,42,CHIRP,CHIRP_100049,60.0,0.45103671921084965,completed,0
ablate_no_mass_prior,42,CHIRP,CHIRP_100050,60.0,1.5107465681377112,completed,0
ablate_no_mass_prior,42,CHIRP,CHIRP_100051,60.0,0.9038252296714179,completed,0
ablate_no_mass_prior,42,CHIRP,CHIRP_100052,60.0,0.473235874886339,completed,0
ablate_no_mass_prior,42,CHIRP,CHIRP_100053,60.0,0.3861256198075248,completed,0
ablate_no_mass_prior,42,CHIRP,CHIRP_100054,60.0,1.4043331205550358,completed,0
ablate_no_mass_prior,42,CHIRP,CHIRP_100055,60.0,0.8747586841636577,completed,0
ablate_no_mass_prior,42,CHIRP,CHIRP_100056,60.0,0.4900840935037388,completed,0
ablate_no_mass_prior,42,CHIRP,CHIRP_100057,60.0,0.711106025665452,completed,0
ablate_no_mass_prior,42,CHIRP,CHIRP_100058,60.0,1.0140523787173579,completed,0
ablate_no_mass_prior,42,CHIRP,CHIRP_100059,60.0,0.5903935394776317,completed,0
ablate_no_mass_prior,42,CHIRP,CHIRP_100060,60.0,0.5435414583303609,completed,0
ablate_no_mass_prior,42,CHIRP,CHIRP_100061,60.0,1.392116189613503,completed,0
ablate_no_mass_prior,42,CHIRP,CHIRP_100062,60.0,1.6384425257926425,completed,0
ablate_no_mass_prior,42,CHIRP,CHIRP_100063,60.0,0.9968865687444053,completed,0
ablate_no_mass_prior,42,CHIRP,CHIRP_100064,60.0,0.5244171146024591,completed,0
ablate_no_mass_prior,42,CHIRP,CHIRP_100065,60.0,1.3196439257982484,completed,0
ablate_no_mass_prior,42,CHIRP,CHIRP_100066,60.0,0.5270383333816535,completed,0
ablate_no_mass_prior,42,CHIRP,CHIRP_100067,60.0,0.7715094966859473,completed,0
ablate_no_mass_prior,42,CHIRP,CHIRP_100068,60.0,0.6790031378785556,completed,0
ablate_no_mass_prior,42,CHIRP,CHIRP_100069,60.0,0.2984443000571979,completed,0
ablate_no_mass_prior,42,CHIRP,CHIRP_100070,60.0,1.723829595387945,completed,0
ablate_no_mass_prior,42,CHIRP,CHIRP_100071,60.0,1.859969221393034,completed,0
ablate_no_mass_prior,42,OU,OU_200042,60.0,0.34211739329941004,completed,0
ablate_no_mass_prior,42,OU,OU_200043,60.0,3.0209517398610726,completed,0
ablate_no_mass_prior,42,OU,OU_200044,60.0,0.4671936188732356,completed,0
ablate_no_mass_prior,42,OU,OU_200045,60.0,2.0548099189382207,completed,0
ablate_no_mass_prior,42,OU,OU_200046,60.0,0.9707756052249329,completed,0
ablate_no_mass_prior,42,OU,OU_200047,60.0,0.8661334102277171,completed,0
ablate_no_mass_prior,42,OU,OU_200048,60.0,1.7153020139769393,completed,0
ablate_no_mass_prior,42,OU,OU_200049,60.0,2.352741142384496,completed,0
ablate_no_mass_prior,42,OU,OU_200050,60.0,1.9499439037094601,completed,0
ablate_no_mass_prior,42,OU,OU_200051,60.0,0.6431156936352395,completed,0
ablate_no_mass_prior,42,OU,OU_200052,60.0,1.0531763866262926,completed,0
ablate_no_mass_prior,42,OU,OU_200053,60.0,0.9128953174695686,completed,0
ablate_no_mass_prior,42,OU,OU_200054,60.0,1.3007745832243498,completed,0
ablate_no_mass_prior,42,OU,OU_200055,60.0,1.8978415824781218,completed,0
ablate_no_mass_prior,42,OU,OU_200056,60.0,2.5942259713637736,completed,0
ablate_no_mass_prior,42,OU,OU_200057,60.0,7.88362292171329,completed,0
ablate_no_mass_prior,42,OU,OU_200058,60.0,1.2878932034483785,completed,0
ablate_no_mass_prior,42,OU,OU_200059,60.0,0.982707102530384,completed,0
ablate_no_mass_prior,42,OU,OU_200060,60.0,1.8378949821139359,completed,0
ablate_no_mass_prior,42,OU,OU_200061,60.0,3.6021805607277355,completed,0
ablate_no_mass_prior,42,OU,OU_200062,60.0,2.004689869130264,completed,0
ablate_no_mass_prior,42,OU,OU_200063,60.0,0.4744467358818767,completed,0
ablate_no_mass_prior,42,OU,OU_200064,60.0,1.0297156671532728,completed,0
ablate_no_mass_prior,42,OU,OU_200065,60.0,0.8987699810934479,completed,0
ablate_no_mass_prior,42,OU,OU_200066,60.0,1.9954550084498255,completed,0
ablate_no_mass_prior,42,OU,OU_200067,60.0,0.2532472915127809,completed,0
ablate_no_mass_prior,42,OU,OU_200068,60.0,3.1555360641540937,completed,0
ablate_no_mass_prior,42,OU,OU_200069,60.0,0.5634938786462865,completed,0
ablate_no_mass_prior,42,OU,OU_200070,60.0,4.074932940801288,completed,0
ablate_no_mass_prior,42,OU,OU_200071,60.0,0.9309491692735479,completed,0
ablate_no_mass_prior,43,PRBS,PRBS_42,60.0,7.453799248294387,completed,0
ablate_no_mass_prior,43,PRBS,PRBS_43,60.0,0.6448865802295083,completed,0
ablate_no_mass_prior,43,PRBS,PRBS_44,60.0,4.97579613668329,completed,0
ablate_no_mass_prior,43,PRBS,PRBS_45,60.0,1.1048768637141784,completed,0
ablate_no_mass_prior,43,PRBS,PRBS_46,60.0,4.627249296123143,completed,0
ablate_no_mass_prior,43,PRBS,PRBS_47,60.0,2.3142575407412895,completed,0
ablate_no_mass_prior,43,PRBS,PRBS_48,60.0,5.257681389728845,completed,0
ablate_no_mass_prior,43,PRBS,PRBS_49,60.0,5.411047230549835,completed,0
ablate_no_mass_prior,43,PRBS,PRBS_50,60.0,0.7722487287484531,completed,0
ablate_no_mass_prior,43,PRBS,PRBS_51,60.0,4.091052243355437,completed,0
ablate_no_mass_prior,43,PRBS,PRBS_52,60.0,0.6092823625701124,completed,0
ablate_no_mass_prior,43,PRBS,PRBS_53,60.0,0.720426748549818,completed,0
ablate_no_mass_prior,43,PRBS,PRBS_54,60.0,2.2427181672069456,completed,0
ablate_no_mass_prior,43,PRBS,PRBS_55,60.0,1.8207599698989847,completed,0
ablate_no_mass_prior,43,PRBS,PRBS_56,60.0,3.095940418315955,completed,0
ablate_no_mass_prior,43,PRBS,PRBS_57,60.0,4.85270475325812,completed,0
ablate_no_mass_prior,43,PRBS,PRBS_58,60.0,2.1033343289716564,completed,0
ablate_no_mass_prior,43,PRBS,PRBS_59,60.0,1.2953678399807438,completed,0
ablate_no_mass_prior,43,PRBS,PRBS_60,60.0,0.8929327383319867,completed,0
ablate_no_mass_prior,43,PRBS,PRBS_61,60.0,5.068749964719603,completed,0
ablate_no_mass_prior,43,PRBS,PRBS_62,60.0,2.5297785358283678,completed,0
ablate_no_mass_prior,43,PRBS,PRBS_63,60.0,8.866519942939945,completed,0
ablate_no_mass_prior,43,PRBS,PRBS_64,60.0,5.248707363690493,completed,0
ablate_no_mass_prior,43,PRBS,PRBS_65,60.0,0.5531243911450532,completed,0
ablate_no_mass_prior,43,PRBS,PRBS_66,60.0,0.44864532352288294,completed,0
ablate_no_mass_prior,43,PRBS,PRBS_67,60.0,0.6728542082592218,completed,0
ablate_no_mass_prior,43,PRBS,PRBS_68,60.0,6.54066830171984,completed,0
ablate_no_mass_prior,43,PRBS,PRBS_69,60.0,1.55898855952195,completed,0
ablate_no_mass_prior,43,PRBS,PRBS_70,60.0,2.5298002389568524,completed,0
ablate_no_mass_prior,43,PRBS,PRBS_71,60.0,3.1112534900305286,completed,0
ablate_no_mass_prior,43,CHIRP,CHIRP_100042,60.0,0.7083198220143649,completed,0
ablate_no_mass_prior,43,CHIRP,CHIRP_100043,60.0,1.699496646764381,completed,0
ablate_no_mass_prior,43,CHIRP,CHIRP_100044,60.0,3.9553850987581365,completed,0
ablate_no_mass_prior,43,CHIRP,CHIRP_100045,60.0,1.6649235242807685,completed,0
ablate_no_mass_prior,43,CHIRP,CHIRP_100046,60.0,0.6470953725537986,completed,0
ablate_no_mass_prior,43,CHIRP,CHIRP_100047,60.0,3.6584941151383386,completed,0
ablate_no_mass_prior,43,CHIRP,CHIRP_100048,60.0,1.1708935432516232,completed,0
ablate_no_mass_prior,43,CHIRP,CHIRP_100049,60.0,2.4108439560670645,completed,0
ablate_no_mass_prior,43,CHIRP,CHIRP_100050,60.0,2.8943990028243247,completed,0
ablate_no_mass_prior,43,CHIRP,CHIRP_100051,60.0,1.3086332146767712,completed,0
ablate_no_mass_prior,43,CHIRP,CHIRP_100052,60.0,2.467479910101057,completed,0
ablate_no_mass_prior,43,CHIRP,CHIRP_100053,60.0,4.298319785517924,completed,0
ablate_no_mass_prior,43,CHIRP,CHIRP_100054,60.0,0.6850355547064263,completed,0
ablate_no_mass_prior,43,CHIRP,CHIRP_100055,60.0,0.4023977901201352,completed,0
ablate_no_mass_prior,43,CHIRP,CHIRP_100056,60.0,1.2098647616897191,completed,0
ablate_no_mass_prior,43,CHIRP,CHIRP_100057,60.0,2.0743595716649734,completed,0
ablate_no_mass_prior,43,CHIRP,CHIRP_100058,60.0,0.6865641809039138,completed,0
ablate_no_mass_prior,43,CHIRP,CHIRP_100059,60.0,1.5966496361578373,completed,0
ablate_no_mass_prior,43,CHIRP,CHIRP_100060,60.0,0.9706227723127874,completed,0
ablate_no_mass_prior,43,CHIRP,CHIRP_100061,60.0,0.8217068717179864,completed,0
ablate_no_mass_prior,43,CHIRP,CHIRP_100062,60.0,5.00093453454911,completed,0
ablate_no_mass_prior,43,CHIRP,CHIRP_100063,60.0,1.5956060440714654,completed,0
ablate_no_mass_prior,43,CHIRP,CHIRP_100064,60.0,0.47052533043173833,completed,0
ablate_no_mass_prior,43,CHIRP,CHIRP_100065,60.0,0.936122474826159,completed,0
ablate_no_mass_prior,43,CHIRP,CHIRP_100066,60.0,1.6296037046221075,completed,0
ablate_no_mass_prior,43,CHIRP,CHIRP_100067,60.0,2.8802286786026743,completed,0
ablate_no_mass_prior,43,CHIRP,CHIRP_100068,60.0,0.7660288854175299,completed,0
ablate_no_mass_prior,43,CHIRP,CHIRP_100069,60.0,1.5260143522882919,completed,0
ablate_no_mass_prior,43,CHIRP,CHIRP_100070,60.0,0.8408018600161213,completed,0
ablate_no_mass_prior,43,CHIRP,CHIRP_100071,60.0,0.3683098370395924,completed,0
ablate_no_mass_prior,43,OU,OU_200042,60.0,0.4293032253539116,completed,0
ablate_no_mass_prior,43,OU,OU_200043,60.0,3.4230515647838837,completed,0
ablate_no_mass_prior,43,OU,OU_200044,60.0,0.5260176099803845,completed,0
ablate_no_mass_prior,43,OU,OU_200045,60.0,1.7008707181517435,completed,0
ablate_no_mass_prior,43,OU,OU_200046,60.0,3.959763483964631,completed,0
ablate_no_mass_prior,43,OU,OU_200047,60.0,6.92870030847018,completed,0
ablate_no_mass_prior,43,OU,OU_200048,60.0,4.479467876340579,completed,0
ablate_no_mass_prior,43,OU,OU_200049,60.0,1.0445163134252684,completed,0
ablate_no_mass_prior,43,OU,OU_200050,60.0,2.0987195414254525,completed,0
ablate_no_mass_prior,43,OU,OU_200051,60.0,6.400801348459236,completed,0
ablate_no_mass_prior,43,OU,OU_200052,60.0,0.7780734478009647,completed,0
ablate_no_mass_prior,43,OU,OU_200053,60.0,5.364312912313911,completed,0
ablate_no_mass_prior,43,OU,OU_200054,60.0,1.7651581928740219,completed,0
ablate_no_mass_prior,43,OU,OU_200055,60.0,4.089479298955603,completed,0
ablate_no_mass_prior,43,OU,OU_200056,60.0,3.0406882254650283,completed,0
ablate_no_mass_prior,43,OU,OU_200057,60.0,5.467660202078652,completed,0
ablate_no_mass_prior,43,OU,OU_200058,60.0,2.674842901828624,completed,0
ablate_no_mass_prior,43,OU,OU_200059,60.0,0.3044307413146421,completed,0
ablate_no_mass_prior,43,OU,OU_200060,60.0,2.5214183269626815,completed,0
ablate_no_mass_prior,43,OU,OU_200061,60.0,0.8539248920007618,completed,0
ablate_no_mass_prior,43,OU,OU_200062,60.0,1.4694499295965873,completed,0
ablate_no_mass_prior,43,OU,OU_200063,60.0,1.695150477583564,completed,0
ablate_no_mass_prior,43,OU,OU_200064,60.0,1.634827850472068,completed,0
ablate_no_mass_prior,43,OU,OU_200065,60.0,2.4936555044029216,completed,0
ablate_no_mass_prior,43,OU,OU_200066,60.0,nan,pred_divergence,0
ablate_no_mass_prior,43,OU,OU_200067,60.0,6.135250803076869,completed,0
ablate_no_mass_prior,43,OU,OU_200068,60.0,1.1444783123966422,completed,0
ablate_no_mass_prior,43,OU,OU_200069,60.0,2.47679325300586,completed,0
ablate_no_mass_prior,43,OU,OU_200070,60.0,3.9934502541370014,completed,0
ablate_no_mass_prior,43,OU,OU_200071,60.0,5.719849561912615,completed,0
ablate_no_mass_prior,44,PRBS,PRBS_42,60.0,1.2122260765498738,completed,0
ablate_no_mass_prior,44,PRBS,PRBS_43,60.0,1.7273827255771772,completed,0
ablate_no_mass_prior,44,PRBS,PRBS_44,60.0,1.0780633852700678,completed,0
ablate_no_mass_prior,44,PRBS,PRBS_45,60.0,2.003330220670481,completed,0
ablate_no_mass_prior,44,PRBS,PRBS_46,60.0,5.153024804073567,completed,0
ablate_no_mass_prior,44,PRBS,PRBS_47,60.0,1.0393656509125409,completed,0
ablate_no_mass_prior,44,PRBS,PRBS_48,60.0,0.7051598170813377,completed,0
ablate_no_mass_prior,44,PRBS,PRBS_49,60.0,0.8473711872794656,completed,0
ablate_no_mass_prior,44,PRBS,PRBS_50,60.0,1.3612135770574083,completed,0
ablate_no_mass_prior,44,PRBS,PRBS_51,60.0,0.6066754659492206,completed,0
ablate_no_mass_prior,44,PRBS,PRBS_52,60.0,1.20736119869448,completed,0
ablate_no_mass_prior,44,PRBS,PRBS_53,60.0,0.7053917427429287,completed,0
ablate_no_mass_prior,44,PRBS,PRBS_54,60.0,1.6277621062072598,completed,0
ablate_no_mass_prior,44,PRBS,PRBS_55,60.0,1.456070968297153,completed,0
ablate_no_mass_prior,44,PRBS,PRBS_56,60.0,2.225258376040421,completed,0
ablate_no_mass_prior,44,PRBS,PRBS_57,60.0,1.8540865246782214,completed,0
ablate_no_mass_prior,44,PRBS,PRBS_58,60.0,0.9834943374598489,completed,0
ablate_no_mass_prior,44,PRBS,PRBS_59,60.0,0.8022598010764718,completed,0
ablate_no_mass_prior,44,PRBS,PRBS_60,60.0,1.0959358916437196,completed,0
ablate_no_mass_prior,44,PRBS,PRBS_61,60.0,0.5387791485960794,completed,0
ablate_no_mass_prior,44,PRBS,PRBS_62,60.0,0.8797436154957676,completed,0
ablate_no_mass_prior,44,PRBS,PRBS_63,60.0,2.8432349894718034,completed,0
ablate_no_mass_prior,44,PRBS,PRBS_64,60.0,1.8770635949080487,completed,0
ablate_no_mass_prior,44,PRBS,PRBS_65,60.0,2.1676913942360345,completed,0
ablate_no_mass_prior,44,PRBS,PRBS_66,60.0,1.00061416630754,completed,0
ablate_no_mass_prior,44,PRBS,PRBS_67,60.0,1.3400763608459523,completed,0
ablate_no_mass_prior,44,PRBS,PRBS_68,60.0,1.5916037648321837,completed,0
ablate_no_mass_prior,44,PRBS,PRBS_69,60.0,1.6802057396742622,completed,0
ablate_no_mass_prior,44,PRBS,PRBS_70,60.0,0.7134746682511561,completed,0
ablate_no_mass_prior,44,PRBS,PRBS_71,60.0,1.6394306165018109,completed,0
ablate_no_mass_prior,44,CHIRP,CHIRP_100042,60.0,0.6185621403229474,completed,0
ablate_no_mass_prior,44,CHIRP,CHIRP_100043,60.0,1.958076775134742,completed,0
ablate_no_mass_prior,44,CHIRP,CHIRP_100044,60.0,1.5904322162157094,completed,0
ablate_no_mass_prior,44,CHIRP,CHIRP_100045,60.0,0.6958379895112852,completed,0
ablate_no_mass_prior,44,CHIRP,CHIRP_100046,60.0,1.9443451211842169,completed,0
ablate_no_mass_prior,44,CHIRP,CHIRP_100047,60.0,0.7322317392560456,completed,0
ablate_no_mass_prior,44,CHIRP,CHIRP_100048,60.0,1.6839763187678705,completed,0
ablate_no_mass_prior,44,CHIRP,CHIRP_100049,60.0,1.4495194364244195,completed,0
ablate_no_mass_prior,44,CHIRP,CHIRP_100050,60.0,2.067738236608343,completed,0
ablate_no_mass_prior,44,CHIRP,CHIRP_100051,60.0,0.6931083418843985,completed,0
ablate_no_mass_prior,44,CHIRP,CHIRP_100052,60.0,1.499491283564865,completed,0
ablate_no_mass_prior,44,CHIRP,CHIRP_100053,60.0,1.3552389983801338,completed,0
ablate_no_mass_prior,44,CHIRP,CHIRP_100054,60.0,1.509648810269807,completed,0
ablate_no_mass_prior,44,CHIRP,CHIRP_100055,60.0,1.889863636123517,completed,0
ablate_no_mass_prior,44,CHIRP,CHIRP_100056,60.0,1.1978284839884423,completed,0
ablate_no_mass_prior,44,CHIRP,CHIRP_100057,60.0,1.1529251789853294,completed,0
ablate_no_mass_prior,44,CHIRP,CHIRP_100058,60.0,1.0742307253485845,completed,0
ablate_no_mass_prior,44,CHIRP,CHIRP_100059,60.0,1.2944873810269766,completed,0
ablate_no_mass_prior,44,CHIRP,CHIRP_100060,60.0,0.6528158929989333,completed,0
ablate_no_mass_prior,44,CHIRP,CHIRP_100061,60.0,1.5324329565524386,completed,0
ablate_no_mass_prior,44,CHIRP,CHIRP_100062,60.0,0.6909519116635644,completed,0
ablate_no_mass_prior,44,CHIRP,CHIRP_100063,60.0,0.9270238475092619,completed,0
ablate_no_mass_prior,44,CHIRP,CHIRP_100064,60.0,1.6791315449600812,completed,0
ablate_no_mass_prior,44,CHIRP,CHIRP_100065,60.0,1.121375681277646,completed,0
ablate_no_mass_prior,44,CHIRP,CHIRP_100066,60.0,2.507515337055521,completed,0
ablate_no_mass_prior,44,CHIRP,CHIRP_100067,60.0,4.294037201728695,completed,0
ablate_no_mass_prior,44,CHIRP,CHIRP_100068,60.0,0.7845518476813951,completed,0
ablate_no_mass_prior,44,CHIRP,CHIRP_100069,60.0,0.8733666632006343,completed,0
ablate_no_mass_prior,44,CHIRP,CHIRP_100070,60.0,0.9429325794693244,completed,0
ablate_no_mass_prior,44,CHIRP,CHIRP_100071,60.0,0.548780858485306,completed,0
ablate_no_mass_prior,44,OU,OU_200042,60.0,3.4926993971232494,completed,0
ablate_no_mass_prior,44,OU,OU_200043,60.0,3.3575358422029176,completed,0
ablate_no_mass_prior,44,OU,OU_200044,60.0,0.0787846757919346,completed,0
ablate_no_mass_prior,44,OU,OU_200045,60.0,1.5790315469800837,completed,0
ablate_no_mass_prior,44,OU,OU_200046,60.0,3.7194010128505584,completed,0
ablate_no_mass_prior,44,OU,OU_200047,60.0,1.2547711527827332,completed,0
ablate_no_mass_prior,44,OU,OU_200048,60.0,1.539441101474449,completed,0
ablate_no_mass_prior,44,OU,OU_200049,60.0,2.5496330050758687,completed,0
ablate_no_mass_prior,44,OU,OU_200050,60.0,5.5443407857691085,completed,0
ablate_no_mass_prior,44,OU,OU_200051,60.0,nan,pred_divergence,0
ablate_no_mass_prior,44,OU,OU_200052,60.0,0.719934168643345,completed,0
ablate_no_mass_prior,44,OU,OU_200053,60.0,1.965579733765507,completed,0
ablate_no_mass_prior,44,OU,OU_200054,60.0,1.5023516109023412,completed,0
ablate_no_mass_prior,44,OU,OU_200055,60.0,1.8161748851155668,completed,0
ablate_no_mass_prior,44,OU,OU_200056,60.0,5.895914942764397,completed,0
ablate_no_mass_prior,44,OU,OU_200057,60.0,6.5644964019815095,completed,0
ablate_no_mass_prior,44,OU,OU_200058,60.0,4.334386814664447,completed,0
ablate_no_mass_prior,44,OU,OU_200059,60.0,2.9257046562972673,completed,0
ablate_no_mass_prior,44,OU,OU_200060,60.0,1.2065715945081634,completed,0
ablate_no_mass_prior,44,OU,OU_200061,60.0,3.735461227660748,completed,0
ablate_no_mass_prior,44,OU,OU_200062,60.0,3.8996648886593777,completed,0
ablate_no_mass_prior,44,OU,OU_200063,60.0,0.43792984967017545,completed,0
ablate_no_mass_prior,44,OU,OU_200064,60.0,1.665855776816551,completed,0
ablate_no_mass_prior,44,OU,OU_200065,60.0,2.9127221496347393,completed,0
ablate_no_mass_prior,44,OU,OU_200066,60.0,4.507983097810421,completed,0
ablate_no_mass_prior,44,OU,OU_200067,60.0,1.041164068088913,completed,0
ablate_no_mass_prior,44,OU,OU_200068,60.0,6.357156218709055,completed,0
ablate_no_mass_prior,44,OU,OU_200069,60.0,1.695096307182173,completed,0
ablate_no_mass_prior,44,OU,OU_200070,60.0,5.334381058536981,completed,0
ablate_no_mass_prior,44,OU,OU_200071,60.0,2.9338963007789034,completed,0
ablate_no_mass_prior,45,PRBS,PRBS_42,60.0,4.410985404282789,completed,0
ablate_no_mass_prior,45,PRBS,PRBS_43,60.0,0.3028775358845148,completed,0
ablate_no_mass_prior,45,PRBS,PRBS_44,60.0,3.51329312204298,completed,0
ablate_no_mass_prior,45,PRBS,PRBS_45,60.0,1.070690624108892,completed,0
ablate_no_mass_prior,45,PRBS,PRBS_46,60.0,2.854853999535374,completed,0
ablate_no_mass_prior,45,PRBS,PRBS_47,60.0,1.7687500734387542,completed,0
ablate_no_mass_prior,45,PRBS,PRBS_48,60.0,2.2919751037050577,completed,0
ablate_no_mass_prior,45,PRBS,PRBS_49,60.0,2.1769856827987066,completed,0
ablate_no_mass_prior,45,PRBS,PRBS_50,60.0,2.324103173464086,completed,0
ablate_no_mass_prior,45,PRBS,PRBS_51,60.0,1.2654269338393493,completed,0
ablate_no_mass_prior,45,PRBS,PRBS_52,60.0,0.4579718124138384,completed,0
ablate_no_mass_prior,45,PRBS,PRBS_53,60.0,0.9177030627638432,completed,0
ablate_no_mass_prior,45,PRBS,PRBS_54,60.0,2.1114533203382706,completed,0
ablate_no_mass_prior,45,PRBS,PRBS_55,60.0,1.235542474968107,completed,0
ablate_no_mass_prior,45,PRBS,PRBS_56,60.0,0.7826761899869961,completed,0
ablate_no_mass_prior,45,PRBS,PRBS_57,60.0,2.9744986866574585,completed,0
ablate_no_mass_prior,45,PRBS,PRBS_58,60.0,0.8964317926914948,completed,0
ablate_no_mass_prior,45,PRBS,PRBS_59,60.0,1.2235207603033422,completed,0
ablate_no_mass_prior,45,PRBS,PRBS_60,60.0,0.7384143319822775,completed,0
ablate_no_mass_prior,45,PRBS,PRBS_61,60.0,1.2851641016554203,completed,0
ablate_no_mass_prior,45,PRBS,PRBS_62,60.0,0.8427197351826533,completed,0
ablate_no_mass_prior,45,PRBS,PRBS_63,60.0,3.7096549946203283,completed,0
ablate_no_mass_prior,45,PRBS,PRBS_64,60.0,2.6821476338496644,completed,0
ablate_no_mass_prior,45,PRBS,PRBS_65,60.0,0.9442871592004805,completed,0
ablate_no_mass_prior,45,PRBS,PRBS_66,60.0,0.8501513589600974,completed,0
ablate_no_mass_prior,45,PRBS,PRBS_67,60.0,0.7423322364045706,completed,0
ablate_no_mass_prior,45,PRBS,PRBS_68,60.0,3.216786712156771,completed,0
ablate_no_mass_prior,45,PRBS,PRBS_69,60.0,0.9797517501295634,completed,0
ablate_no_mass_prior,45,PRBS,PRBS_70,60.0,1.0088583488195584,completed,0
ablate_no_mass_prior,45,PRBS,PRBS_71,60.0,2.444003521571968,completed,0
ablate_no_mass_prior,45,CHIRP,CHIRP_100042,60.0,1.8922837366161191,completed,0
ablate_no_mass_prior,45,CHIRP,CHIRP_100043,60.0,0.8305653619085556,completed,0
ablate_no_mass_prior,45,CHIRP,CHIRP_100044,60.0,0.11944095035324914,completed,0
ablate_no_mass_prior,45,CHIRP,CHIRP_100045,60.0,2.0430490586226657,completed,0
ablate_no_mass_prior,45,CHIRP,CHIRP_100046,60.0,1.3151765515956784,completed,0
ablate_no_mass_prior,45,CHIRP,CHIRP_100047,60.0,0.33367592288211817,completed,0
ablate_no_mass_prior,45,CHIRP,CHIRP_100048,60.0,0.8365685633621411,completed,0
ablate_no_mass_prior,45,CHIRP,CHIRP_100049,60.0,0.4693175912306649,completed,0
ablate_no_mass_prior,45,CHIRP,CHIRP_100050,60.0,0.3964448325761877,completed,0
ablate_no_mass_prior,45,CHIRP,CHIRP_100051,60.0,0.6971300725277905,completed,0
ablate_no_mass_prior,45,CHIRP,CHIRP_100052,60.0,0.5283651401017587,completed,0
ablate_no_mass_prior,45,CHIRP,CHIRP_100053,60.0,1.3979217458009234,completed,0
ablate_no_mass_prior,45,CHIRP,CHIRP_100054,60.0,1.801039837748426,completed,0
ablate_no_mass_prior,45,CHIRP,CHIRP_100055,60.0,0.5572769543185998,completed,0
ablate_no_mass_prior,45,CHIRP,CHIRP_100056,60.0,0.6020222465970426,completed,0
ablate_no_mass_prior,45,CHIRP,CHIRP_100057,60.0,1.431068204704695,completed,0
ablate_no_mass_prior,45,CHIRP,CHIRP_100058,60.0,1.3087537587797888,completed,0
ablate_no_mass_prior,45,CHIRP,CHIRP_100059,60.0,0.5101442737221183,completed,0
ablate_no_mass_prior,45,CHIRP,CHIRP_100060,60.0,0.4380037390502224,completed,0
ablate_no_mass_prior,45,CHIRP,CHIRP_100061,60.0,2.30807368168332,completed,0
ablate_no_mass_prior,45,CHIRP,CHIRP_100062,60.0,3.419376186834704,completed,0
ablate_no_mass_prior,45,CHIRP,CHIRP_100063,60.0,2.031929347960991,completed,0
ablate_no_mass_prior,45,CHIRP,CHIRP_100064,60.0,0.1270160761274506,completed,0
ablate_no_mass_prior,45,CHIRP,CHIRP_100065,60.0,1.1739667438961054,completed,0
ablate_no_mass_prior,45,CHIRP,CHIRP_100066,60.0,0.2820522708931778,completed,0
ablate_no_mass_prior,45,CHIRP,CHIRP_100067,60.0,0.7708664463177265,completed,0
ablate_no_mass_prior,45,CHIRP,CHIRP_100068,60.0,1.8411867246709623,completed,0
ablate_no_mass_prior,45,CHIRP,CHIRP_100069,60.0,0.03577095622812726,completed,0
ablate_no_mass_prior,45,CHIRP,CHIRP_100070,60.0,3.4105693726532142,completed,0
ablate_no_mass_prior,45,CHIRP,CHIRP_100071,60.0,1.6674368442200072,completed,0
ablate_no_mass_prior,45,OU,OU_200042,60.0,2.682974916226111,completed,0
ablate_no_mass_prior,45,OU,OU_200043,60.0,1.7463068756866194,completed,0
ablate_no_mass_prior,45,OU,OU_200044,60.0,1.2950051087693046,completed,0
ablate_no_mass_prior,45,OU,OU_200045,60.0,1.3704158201400798,completed,0
ablate_no_mass_prior,45,OU,OU_200046,60.0,1.8613155810693238,completed,0
ablate_no_mass_prior,45,OU,OU_200047,60.0,0.6359650744350477,completed,0
ablate_no_mass_prior,45,OU,OU_200048,60.0,2.9304582794852636,completed,0
ablate_no_mass_prior,45,OU,OU_200049,60.0,1.7193316264196095,completed,0
ablate_no_mass_prior,45,OU,OU_200050,60.0,1.4909278219104596,completed,0
ablate_no_mass_prior,45,OU,OU_200051,60.0,nan,pred_divergence,0
ablate_no_mass_prior,45,OU,OU_200052,60.0,0.3409635405729329,completed,0
ablate_no_mass_prior,45,OU,OU_200053,60.0,3.4793056484256786,completed,0
ablate_no_mass_prior,45,OU,OU_200054,60.0,0.33827271691722555,completed,0
ablate_no_mass_prior,45,OU,OU_200055,60.0,3.13929507598017,completed,0
ablate_no_mass_prior,45,OU,OU_200056,60.0,4.013965962980653,completed,0
ablate_no_mass_prior,45,OU,OU_200057,60.0,5.003657551884622,completed,0
ablate_no_mass_prior,45,OU,OU_200058,60.0,2.5578164593434947,completed,0
ablate_no_mass_prior,45,OU,OU_200059,60.0,1.8994880294591894,completed,0
ablate_no_mass_prior,45,OU,OU_200060,60.0,0.9547402317072359,completed,0
ablate_no_mass_prior,45,OU,OU_200061,60.0,0.8787237316729176,completed,0
ablate_no_mass_prior,45,OU,OU_200062,60.0,1.2101352872113658,completed,0
ablate_no_mass_prior,45,OU,OU_200063,60.0,1.9486459144778627,completed,0
ablate_no_mass_prior,45,OU,OU_200064,60.0,0.8549446456824487,completed,0
ablate_no_mass_prior,45,OU,OU_200065,60.0,1.065851876864084,completed,0
ablate_no_mass_prior,45,OU,OU_200066,60.0,nan,pred_divergence,0
ablate_no_mass_prior,45,OU,OU_200067,60.0,1.4636687727313258,completed,0
ablate_no_mass_prior,45,OU,OU_200068,60.0,1.9870933421820278,completed,0
ablate_no_mass_prior,45,OU,OU_200069,60.0,3.311153268295396,completed,0
ablate_no_mass_prior,45,OU,OU_200070,60.0,4.401875329770237,completed,0
ablate_no_mass_prior,45,OU,OU_200071,60.0,3.700669561986618,completed,0
ablate_no_mass_prior,46,PRBS,PRBS_42,60.0,2.2962552705969754,completed,0
ablate_no_mass_prior,46,PRBS,PRBS_43,60.0,0.22964343670017956,completed,0
ablate_no_mass_prior,46,PRBS,PRBS_44,60.0,0.10480015705624668,completed,0
ablate_no_mass_prior,46,PRBS,PRBS_45,60.0,0.5797680531410806,completed,0
ablate_no_mass_prior,46,PRBS,PRBS_46,60.0,3.4446911955290256,completed,0
ablate_no_mass_prior,46,PRBS,PRBS_47,60.0,0.21138759491818257,completed,0
ablate_no_mass_prior,46,PRBS,PRBS_48,60.0,0.3246112621172306,completed,0
ablate_no_mass_prior,46,PRBS,PRBS_49,60.0,1.5503906211220837,completed,0
ablate_no_mass_prior,46,PRBS,PRBS_50,60.0,1.2975724551588135,completed,0
ablate_no_mass_prior,46,PRBS,PRBS_51,60.0,0.3511032491264583,completed,0
ablate_no_mass_prior,46,PRBS,PRBS_52,60.0,0.4702481338343607,completed,0
ablate_no_mass_prior,46,PRBS,PRBS_53,60.0,0.718923471481758,completed,0
ablate_no_mass_prior,46,PRBS,PRBS_54,60.0,1.0730540990137982,completed,0
ablate_no_mass_prior,46,PRBS,PRBS_55,60.0,0.27301774177280347,completed,0
ablate_no_mass_prior,46,PRBS,PRBS_56,60.0,0.7013589315820349,completed,0
ablate_no_mass_prior,46,PRBS,PRBS_57,60.0,0.5619353757848724,completed,0
ablate_no_mass_prior,46,PRBS,PRBS_58,60.0,0.8161256554012551,completed,0
ablate_no_mass_prior,46,PRBS,PRBS_59,60.0,3.4122102032968944,completed,0
ablate_no_mass_prior,46,PRBS,PRBS_60,60.0,1.1413675680993483,completed,0
ablate_no_mass_prior,46,PRBS,PRBS_61,60.0,0.3865482524618152,completed,0
ablate_no_mass_prior,46,PRBS,PRBS_62,60.0,0.15632684673894418,completed,0
ablate_no_mass_prior,46,PRBS,PRBS_63,60.0,0.9463839180194599,completed,0
ablate_no_mass_prior,46,PRBS,PRBS_64,60.0,1.3463417599367282,completed,0
ablate_no_mass_prior,46,PRBS,PRBS_65,60.0,1.5873167169006308,completed,0
ablate_no_mass_prior,46,PRBS,PRBS_66,60.0,0.36311142022918136,completed,0
ablate_no_mass_prior,46,PRBS,PRBS_67,60.0,0.14738093855329143,completed,0
ablate_no_mass_prior,46,PRBS,PRBS_68,60.0,3.3339087376728296,completed,0
ablate_no_mass_prior,46,PRBS,PRBS_69,60.0,0.6872837189435792,completed,0
ablate_no_mass_prior,46,PRBS,PRBS_70,60.0,0.4338957786179564,completed,0
ablate_no_mass_prior,46,PRBS,PRBS_71,60.0,0.32147552660896506,completed,0
ablate_no_mass_prior,46,CHIRP,CHIRP_100042,60.0,0.3441127881593303,completed,0
ablate_no_mass_prior,46,CHIRP,CHIRP_100043,60.0,0.3300006620012354,completed,0
ablate_no_mass_prior,46,CHIRP,CHIRP_100044,60.0,0.9736882422075515,completed,0
ablate_no_mass_prior,46,CHIRP,CHIRP_100045,60.0,1.1016651076518964,completed,0
ablate_no_mass_prior,46,CHIRP,CHIRP_100046,60.0,1.4545824937805232,completed,0
ablate_no_mass_prior,46,CHIRP,CHIRP_100047,60.0,0.508166780837732,completed,0
ablate_no_mass_prior,46,CHIRP,CHIRP_100048,60.0,0.2033533440929048,completed,0
ablate_no_mass_prior,46,CHIRP,CHIRP_100049,60.0,1.8540959652392086,completed,0
ablate_no_mass_prior,46,CHIRP,CHIRP_100050,60.0,0.5760637018405675,completed,0
ablate_no_mass_prior,46,CHIRP,CHIRP_100051,60.0,0.28966775838004266,completed,0
ablate_no_mass_prior,46,CHIRP,CHIRP_100052,60.0,0.49554560810816334,completed,0
ablate_no_mass_prior,46,CHIRP,CHIRP_100053,60.0,1.5765962645716827,completed,0
ablate_no_mass_prior,46,CHIRP,CHIRP_100054,60.0,0.3615049319648139,completed,0
ablate_no_mass_prior,46,CHIRP,CHIRP_100055,60.0,0.8496628223269369,completed,0
ablate_no_mass_prior,46,CHIRP,CHIRP_100056,60.0,0.5374681113303065,completed,0
ablate_no_mass_prior,46,CHIRP,CHIRP_100057,60.0,0.5601470854867013,completed,0
ablate_no_mass_prior,46,CHIRP,CHIRP_100058,60.0,0.6784152797428608,completed,0
ablate_no_mass_prior,46,CHIRP,CHIRP_100059,60.0,0.41925724791131536,completed,0
ablate_no_mass_prior,46,CHIRP,CHIRP_100060,60.0,0.43073621160243675,completed,0
ablate_no_mass_prior,46,CHIRP,CHIRP_100061,60.0,0.40495610990855335,completed,0
ablate_no_mass_prior,46,CHIRP,CHIRP_100062,60.0,1.06356634053348,completed,0
ablate_no_mass_prior,46,CHIRP,CHIRP_100063,60.0,1.7098468952293686,completed,0
ablate_no_mass_prior,46,CHIRP,CHIRP_100064,60.0,0.5437902068306848,completed,0
ablate_no_mass_prior,46,CHIRP,CHIRP_100065,60.0,1.2703440885426431,completed,0
ablate_no_mass_prior,46,CHIRP,CHIRP_100066,60.0,1.1369180965475305,completed,0
ablate_no_mass_prior,46,CHIRP,CHIRP_100067,60.0,1.6243548897297995,completed,0
ablate_no_mass_prior,46,CHIRP,CHIRP_100068,60.0,0.9150298012788706,completed,0
ablate_no_mass_prior,46,CHIRP,CHIRP_100069,60.0,0.7574725528812645,completed,0
ablate_no_mass_prior,46,CHIRP,CHIRP_100070,60.0,0.600001577572866,completed,0
ablate_no_mass_prior,46,CHIRP,CHIRP_100071,60.0,0.5829446864941757,completed,0
ablate_no_mass_prior,46,OU,OU_200042,60.0,0.7657129707518593,completed,0
ablate_no_mass_prior,46,OU,OU_200043,60.0,1.4695884218532402,completed,0
ablate_no_mass_prior,46,OU,OU_200044,60.0,0.7259990405969221,completed,0
ablate_no_mass_prior,46,OU,OU_200045,60.0,2.0346339188086278,completed,0
ablate_no_mass_prior,46,OU,OU_200046,60.0,1.1635516656972051,completed,0
ablate_no_mass_prior,46,OU,OU_200047,60.0,2.260388511353908,completed,0
ablate_no_mass_prior,46,OU,OU_200048,60.0,2.5524214873281084,completed,0
ablate_no_mass_prior,46,OU,OU_200049,60.0,1.3265590631219222,completed,0
ablate_no_mass_prior,46,OU,OU_200050,60.0,2.9329087572070542,completed,0
ablate_no_mass_prior,46,OU,OU_200051,60.0,nan,pred_divergence,0
ablate_no_mass_prior,46,OU,OU_200052,60.0,0.9029491331216031,completed,0
ablate_no_mass_prior,46,OU,OU_200053,60.0,2.6127408400942995,completed,0
ablate_no_mass_prior,46,OU,OU_200054,60.0,0.39067379851284323,completed,0
ablate_no_mass_prior,46,OU,OU_200055,60.0,1.5376126290929404,completed,0
ablate_no_mass_prior,46,OU,OU_200056,60.0,1.149972629558889,completed,0
ablate_no_mass_prior,46,OU,OU_200057,60.0,4.019209235199018,completed,0
ablate_no_mass_prior,46,OU,OU_200058,60.0,2.32719340683678,completed,0
ablate_no_mass_prior,46,OU,OU_200059,60.0,1.1439123398166917,completed,0
ablate_no_mass_prior,46,OU,OU_200060,60.0,0.7666393784150352,completed,0
ablate_no_mass_prior,46,OU,OU_200061,60.0,2.627186517631205,completed,0
ablate_no_mass_prior,46,OU,OU_200062,60.0,1.7311902651745048,completed,0
ablate_no_mass_prior,46,OU,OU_200063,60.0,1.3005396862497722,completed,0
ablate_no_mass_prior,46,OU,OU_200064,60.0,1.388053054728263,completed,0
ablate_no_mass_prior,46,OU,OU_200065,60.0,0.6177092906038707,completed,0
ablate_no_mass_prior,46,OU,OU_200066,60.0,nan,pred_divergence,0
ablate_no_mass_prior,46,OU,OU_200067,60.0,1.457514078290092,completed,0
ablate_no_mass_prior,46,OU,OU_200068,60.0,1.6924928849947978,completed,0
ablate_no_mass_prior,46,OU,OU_200069,60.0,1.134535377160454,completed,0
ablate_no_mass_prior,46,OU,OU_200070,60.0,4.207010915550988,completed,0
ablate_no_mass_prior,46,OU,OU_200071,60.0,1.39643592715925,completed,0
se3_momentum_blackbox,42,PRBS,PRBS_42,60.0,2.284551938426987,completed,0
se3_momentum_blackbox,42,PRBS,PRBS_43,60.0,3.582105906129391,completed,0
se3_momentum_blackbox,42,PRBS,PRBS_44,60.0,0.6392096090855327,completed,0
se3_momentum_blackbox,42,PRBS,PRBS_45,60.0,1.9659364361321605,completed,0
se3_momentum_blackbox,42,PRBS,PRBS_46,60.0,4.071542788307209,completed,0
se3_momentum_blackbox,42,PRBS,PRBS_47,60.0,0.4949763489162814,completed,0
se3_momentum_blackbox,42,PRBS,PRBS_48,60.0,1.748887408436099,completed,0
se3_momentum_blackbox,42,PRBS,PRBS_49,60.0,0.2821566004927478,completed,0
se3_momentum_blackbox,42,PRBS,PRBS_50,60.0,1.403695247677172,completed,0
se3_momentum_blackbox,42,PRBS,PRBS_51,60.0,1.9521127564355867,completed,0
se3_momentum_blackbox,42,PRBS,PRBS_52,60.0,2.264473594843469,completed,0
se3_momentum_blackbox,42,PRBS,PRBS_53,60.0,0.5434791249697724,completed,0
se3_momentum_blackbox,42,PRBS,PRBS_54,60.0,1.5205770933825673,completed,0
se3_momentum_blackbox,42,PRBS,PRBS_55,60.0,0.6923218717418073,completed,0
se3_momentum_blackbox,42,PRBS,PRBS_56,60.0,1.0252425881144762,completed,0
se3_momentum_blackbox,42,PRBS,PRBS_57,60.0,1.723000831014771,completed,0
se3_momentum_blackbox,42,PRBS,PRBS_58,60.0,0.4071459542259259,completed,0
se3_momentum_blackbox,42,PRBS,PRBS_59,60.0,1.1841249025247573,completed,0
se3_momentum_blackbox,42,PRBS,PRBS_60,60.0,1.5640614279399325,completed,0
se3_momentum_blackbox,42,PRBS,PRBS_61,60.0,0.2118447756855061,completed,0
se3_momentum_blackbox,42,PRBS,PRBS_62,60.0,1.22788246422206,completed,0
se3_momentum_blackbox,42,PRBS,PRBS_63,60.0,1.1747241382807274,completed,0
se3_momentum_blackbox,42,PRBS,PRBS_64,60.0,0.7678051793174528,completed,0
se3_momentum_blackbox,42,PRBS,PRBS_65,60.0,0.49838372592710856,completed,0
se3_momentum_blackbox,42,PRBS,PRBS_66,60.0,0.9378997891307814,completed,0
se3_momentum_blackbox,42,PRBS,PRBS_67,60.0,1.2637028481637866,completed,0
se3_momentum_blackbox,42,PRBS,PRBS_68,60.0,1.1793205475223048,completed,0
se3_momentum_blackbox,42,PRBS,PRBS_69,60.0,1.9532231753511273,completed,0
se3_momentum_blackbox,42,PRBS,PRBS_70,60.0,1.2783495810893486,completed,0
se3_momentum_blackbox,42,PRBS,PRBS_71,60.0,0.27999360238043647,completed,0
se3_momentum_blackbox,42,CHIRP,CHIRP_100042,60.0,0.995210645446804,completed,0
se3_momentum_blackbox,42,CHIRP,CHIRP_100043,60.0,3.093902656230146,completed,0
se3_momentum_blackbox,42,CHIRP,CHIRP_100044,60.0,0.9167021040259078,completed,0
se3_momentum_blackbox,42,CHIRP,CHIRP_100045,60.0,1.2932613146935161,completed,0
se3_momentum_blackbox,42,CHIRP,CHIRP_100046,60.0,2.1097827700059106,completed,0
se3_momentum_blackbox,42,CHIRP,CHIRP_100047,60.0,0.2427145202059992,completed,0
se3_momentum_blackbox,42,CHIRP,CHIRP_100048,60.0,1.4850408687075625,completed,0
se3_momentum_blackbox,42,CHIRP,CHIRP_100049,60.0,1.4475618941629496,completed,0
se3_momentum_blackbox,42,CHIRP,CHIRP_100050,60.0,1.567776587510634,completed,0
se3_momentum_blackbox,42,CHIRP,CHIRP_100051,60.0,1.6386830788051918,completed,0
se3_momentum_blackbox,42,CHIRP,CHIRP_100052,60.0,0.20359741093013056,completed,0
se3_momentum_blackbox,42,CHIRP,CHIRP_100053,60.0,1.5064866855526218,completed,0
se3_momentum_blackbox,42,CHIRP,CHIRP_100054,60.0,2.5888382139553667,completed,0
se3_momentum_blackbox,42,CHIRP,CHIRP_100055,60.0,1.113763534225676,completed,0
se3_momentum_blackbox,42,CHIRP,CHIRP_100056,60.0,2.4385462422605504,completed,0
se3_momentum_blackbox,42,CHIRP,CHIRP_100057,60.0,1.7093459376716396,completed,0
se3_momentum_blackbox,42,CHIRP,CHIRP_100058,60.0,1.1891861412803837,completed,0
se3_momentum_blackbox,42,CHIRP,CHIRP_100059,60.0,1.243519901475997,completed,0
se3_momentum_blackbox,42,CHIRP,CHIRP_100060,60.0,1.4802132222265347,completed,0
se3_momentum_blackbox,42,CHIRP,CHIRP_100061,60.0,1.3475423881115183,completed,0
se3_momentum_blackbox,42,CHIRP,CHIRP_100062,60.0,1.6857984630924205,completed,0
se3_momentum_blackbox,42,CHIRP,CHIRP_100063,60.0,1.7089445119203441,completed,0
se3_momentum_blackbox,42,CHIRP,CHIRP_100064,60.0,1.3732853473510422,completed,0
se3_momentum_blackbox,42,CHIRP,CHIRP_100065,60.0,1.0275772473412943,completed,0
se3_momentum_blackbox,42,CHIRP,CHIRP_100066,60.0,2.5609168146853882,completed,0
se3_momentum_blackbox,42,CHIRP,CHIRP_100067,60.0,1.5803867139266254,completed,0
se3_momentum_blackbox,42,CHIRP,CHIRP_100068,60.0,1.63160048581804,completed,0
se3_momentum_blackbox,42,CHIRP,CHIRP_100069,60.0,1.384961318539775,completed,0
se3_momentum_blackbox,42,CHIRP,CHIRP_100070,60.0,0.7403478208103526,completed,0
se3_momentum_blackbox,42,CHIRP,CHIRP_100071,60.0,2.05472168717451,completed,0
se3_momentum_blackbox,42,OU,OU_200042,60.0,0.601334681004332,completed,0
se3_momentum_blackbox,42,OU,OU_200043,60.0,1.8239472660374174,completed,0
se3_momentum_blackbox,42,OU,OU_200044,60.0,2.208132601803214,completed,0
se3_momentum_blackbox,42,OU,OU_200045,60.0,0.8039509281229159,completed,0
se3_momentum_blackbox,42,OU,OU_200046,60.0,0.661417540701549,completed,0
se3_momentum_blackbox,42,OU,OU_200047,60.0,0.9509045210007597,completed,0
se3_momentum_blackbox,42,OU,OU_200048,60.0,0.872222541764523,completed,0
se3_momentum_blackbox,42,OU,OU_200049,60.0,4.263287712859203,completed,0
se3_momentum_blackbox,42,OU,OU_200050,60.0,0.8631531036605906,completed,0
se3_momentum_blackbox,42,OU,OU_200051,60.0,0.8679920016778958,completed,0
se3_momentum_blackbox,42,OU,OU_200052,60.0,0.8146617581556619,completed,0
se3_momentum_blackbox,42,OU,OU_200053,60.0,1.7248045371306353,completed,0
se3_momentum_blackbox,42,OU,OU_200054,60.0,1.9824073550823664,completed,0
se3_momentum_blackbox,42,OU,OU_200055,60.0,2.7578536168795504,completed,0
se3_momentum_blackbox,42,OU,OU_200056,60.0,0.6230936503484399,completed,0
se3_momentum_blackbox,42,OU,OU_200057,60.0,2.0725851687989056,completed,0
se3_momentum_blackbox,42,OU,OU_200058,60.0,1.5379882117419916,completed,0
se3_momentum_blackbox,42,OU,OU_200059,60.0,2.7823896448800514,completed,0
se3_momentum_blackbox,42,OU,OU_200060,60.0,2.6980700742177417,completed,0
se3_momentum_blackbox,42,OU,OU_200061,60.0,3.843968259815578,completed,0
se3_momentum_blackbox,42,OU,OU_200062,60.0,1.3866538693086743,completed,0
se3_momentum_blackbox,42,OU,OU_200063,60.0,0.8221785629383919,completed,0
se3_momentum_blackbox,42,OU,OU_200064,60.0,2.843739318203471,completed,0
se3_momentum_blackbox,42,OU,OU_200065,60.0,2.9219344008773103,completed,0
se3_momentum_blackbox,42,OU,OU_200066,60.0,nan,pred_divergence,0
se3_momentum_blackbox,42,OU,OU_200067,60.0,2.1877940571710415,completed,0
se3_momentum_blackbox,42,OU,OU_200068,60.0,8.400843056648913,completed,0
se3_momentum_blackbox,42,OU,OU_200069,60.0,0.8548748399696465,completed,0
se3_momentum_blackbox,42,OU,OU_200070,60.0,2.844690918167546,completed,0
se3_momentum_blackbox,42,OU,OU_200071,60.0,2.9634396781979278,completed,0
se3_momentum_blackbox,43,PRBS,PRBS_42,60.0,0.6794186144846978,completed,0
se3_momentum_blackbox,43,PRBS,PRBS_43,60.0,0.8020327190471218,completed,0
se3_momentum_blackbox,43,PRBS,PRBS_44,60.0,2.0351247907385854,completed,0
se3_momentum_blackbox,43,PRBS,PRBS_45,60.0,1.71500473079405,completed,0
se3_momentum_blackbox,43,PRBS,PRBS_46,60.0,2.042568155481328,completed,0
se3_momentum_blackbox,43,PRBS,PRBS_47,60.0,0.5141765942776892,completed,0
se3_momentum_blackbox,43,PRBS,PRBS_48,60.0,2.189781258229886,completed,0
se3_momentum_blackbox,43,PRBS,PRBS_49,60.0,0.5546478423535249,completed,0
se3_momentum_blackbox,43,PRBS,PRBS_50,60.0,0.48991592659271216,completed,0
se3_momentum_blackbox,43,PRBS,PRBS_51,60.0,1.2386166325940873,completed,0
se3_momentum_blackbox,43,PRBS,PRBS_52,60.0,1.017799385756409,completed,0
se3_momentum_blackbox,43,PRBS,PRBS_53,60.0,1.1620645483009295,completed,0
se3_momentum_blackbox,43,PRBS,PRBS_54,60.0,0.751156342493929,completed,0
se3_momentum_blackbox,43,PRBS,PRBS_55,60.0,0.5260091357791337,completed,0
se3_momentum_blackbox,43,PRBS,PRBS_56,60.0,0.7616599566764866,completed,0
se3_momentum_blackbox,43,PRBS,PRBS_57,60.0,2.4334364948490044,completed,0
se3_momentum_blackbox,43,PRBS,PRBS_58,60.0,0.5337499557660489,completed,0
se3_momentum_blackbox,43,PRBS,PRBS_59,60.0,2.048604517824968,completed,0
se3_momentum_blackbox,43,PRBS,PRBS_60,60.0,0.19465158670696772,completed,0
se3_momentum_blackbox,43,PRBS,PRBS_61,60.0,0.5672164354377054,completed,0
se3_momentum_blackbox,43,PRBS,PRBS_62,60.0,2.7885709849620843,completed,0
se3_momentum_blackbox,43,PRBS,PRBS_63,60.0,0.41324382663713793,completed,0
se3_momentum_blackbox,43,PRBS,PRBS_64,60.0,1.006689750515126,completed,0
se3_momentum_blackbox,43,PRBS,PRBS_65,60.0,0.2423319009946642,completed,0
se3_momentum_blackbox,43,PRBS,PRBS_66,60.0,1.605059606012325,completed,0
se3_momentum_blackbox,43,PRBS,PRBS_67,60.0,0.8519755193073897,completed,0
se3_momentum_blackbox,43,PRBS,PRBS_68,60.0,0.5683526598421467,completed,0
se3_momentum_blackbox,43,PRBS,PRBS_69,60.0,0.5033585303596627,completed,0
se3_momentum_blackbox,43,PRBS,PRBS_70,60.0,1.6174656825165619,completed,0
se3_momentum_blackbox,43,PRBS,PRBS_71,60.0,0.7573906379640245,completed,0
se3_momentum_blackbox,43,CHIRP,CHIRP_100042,60.0,0.33708982439506985,completed,0
se3_momentum_blackbox,43,CHIRP,CHIRP_100043,60.0,1.6201260124956307,completed,0
se3_momentum_blackbox,43,CHIRP,CHIRP_100044,60.0,0.3146865656037939,completed,0
se3_momentum_blackbox,43,CHIRP,CHIRP_100045,60.0,0.7852514617734307,completed,0
se3_momentum_blackbox,43,CHIRP,CHIRP_100046,60.0,0.4736518264692116,completed,0
se3_momentum_blackbox,43,CHIRP,CHIRP_100047,60.0,0.2536200582801942,completed,0
se3_momentum_blackbox,43,CHIRP,CHIRP_100048,60.0,0.30396686135231765,completed,0
se3_momentum_blackbox,43,CHIRP,CHIRP_100049,60.0,0.4706757817366418,completed,0
se3_momentum_blackbox,43,CHIRP,CHIRP_100050,60.0,0.4857522784504824,completed,0
se3_momentum_blackbox,43,CHIRP,CHIRP_100051,60.0,1.065800307441497,completed,0
se3_momentum_blackbox,43,CHIRP,CHIRP_100052,60.0,0.2561539154687688,completed,0
se3_momentum_blackbox,43,CHIRP,CHIRP_100053,60.0,1.096278110035016,completed,0
se3_momentum_blackbox,43,CHIRP,CHIRP_100054,60.0,0.9181152230396658,completed,0
se3_momentum_blackbox,43,CHIRP,CHIRP_100055,60.0,1.0682259488321533,completed,0
se3_momentum_blackbox,43,CHIRP,CHIRP_100056,60.0,0.5825687326702489,completed,0
se3_momentum_blackbox,43,CHIRP,CHIRP_100057,60.0,0.359482184232671,completed,0
se3_momentum_blackbox,43,CHIRP,CHIRP_100058,60.0,0.26633808455115343,completed,0
se3_momentum_blackbox,43,CHIRP,CHIRP_100059,60.0,0.8486589198143105,completed,0
se3_momentum_blackbox,43,CHIRP,CHIRP_100060,60.0,0.31193515299478797,completed,0
se3_momentum_blackbox,43,CHIRP,CHIRP_100061,60.0,0.6688872181719675,completed,0
se3_momentum_blackbox,43,CHIRP,CHIRP_100062,60.0,0.5316825259728516,completed,0
se3_momentum_blackbox,43,CHIRP,CHIRP_100063,60.0,0.300976850852128,completed,0
se3_momentum_blackbox,43,CHIRP,CHIRP_100064,60.0,0.2449925439489976,completed,0
se3_momentum_blackbox,43,CHIRP,CHIRP_100065,60.0,0.765171883025422,completed,0
se3_momentum_blackbox,43,CHIRP,CHIRP_100066,60.0,1.775695677373124,completed,0
se3_momentum_blackbox,43,CHIRP,CHIRP_100067,60.0,0.8015796077544125,completed,0
se3_momentum_blackbox,43,CHIRP,CHIRP_100068,60.0,1.0670058658814567,completed,0
se3_momentum_blackbox,43,CHIRP,CHIRP_100069,60.0,0.5773072313125197,completed,0
se3_momentum_blackbox,43,CHIRP,CHIRP_100070,60.0,0.3176375798768428,completed,0
se3_momentum_blackbox,43,CHIRP,CHIRP_100071,60.0,0.7404411273905027,completed,0
se3_momentum_blackbox,43,OU,OU_200042,60.0,1.0552061238408208,completed,0
se3_momentum_blackbox,43,OU,OU_200043,60.0,1.1986328535002675,completed,0
se3_momentum_blackbox,43,OU,OU_200044,60.0,1.522855868404328,completed,0
se3_momentum_blackbox,43,OU,OU_200045,60.0,1.2154077322116772,completed,0
se3_momentum_blackbox,43,OU,OU_200046,60.0,0.6143474437821786,completed,0
se3_momentum_blackbox,43,OU,OU_200047,60.0,2.1569703070614312,completed,0
se3_momentum_blackbox,43,OU,OU_200048,60.0,0.5516206324125909,completed,0
se3_momentum_blackbox,43,OU,OU_200049,60.0,2.6403107230775964,completed,0
se3_momentum_blackbox,43,OU,OU_200050,60.0,0.9431928262371319,completed,0
se3_momentum_blackbox,43,OU,OU_200051,60.0,1.7470484565381221,completed,0
se3_momentum_blackbox,43,OU,OU_200052,60.0,1.512630045370167,completed,0
se3_momentum_blackbox,43,OU,OU_200053,60.0,2.5662878884445144,completed,0
se3_momentum_blackbox,43,OU,OU_200054,60.0,1.3667391811699343,completed,0
se3_momentum_blackbox,43,OU,OU_200055,60.0,3.1748569753125615,completed,0
se3_momentum_blackbox,43,OU,OU_200056,60.0,1.457230113432295,completed,0
se3_momentum_blackbox,43,OU,OU_200057,60.0,1.2130863483062366,completed,0
se3_momentum_blackbox,43,OU,OU_200058,60.0,0.7105674516326783,completed,0
se3_momentum_blackbox,43,OU,OU_200059,60.0,3.5191379550974116,completed,0
se3_momentum_blackbox,43,OU,OU_200060,60.0,1.3349882220840321,completed,0
se3_momentum_blackbox,43,OU,OU_200061,60.0,4.380897350304222,completed,0
se3_momentum_blackbox,43,OU,OU_200062,60.0,1.2680711952985162,completed,0
se3_momentum_blackbox,43,OU,OU_200063,60.0,0.9631530794461799,completed,0
se3_momentum_blackbox,43,OU,OU_200064,60.0,1.2751100111757407,completed,0
se3_momentum_blackbox,43,OU,OU_200065,60.0,2.189925252886697,completed,0
se3_momentum_blackbox,43,OU,OU_200066,60.0,nan,pred_divergence,0
se3_momentum_blackbox,43,OU,OU_200067,60.0,0.6761521979444294,completed,0
se3_momentum_blackbox,43,OU,OU_200068,60.0,3.8850319459634926,completed,0
se3_momentum_blackbox,43,OU,OU_200069,60.0,1.9360372848055198,completed,0
se3_momentum_blackbox,43,OU,OU_200070,60.0,0.9850822335545059,completed,0
se3_momentum_blackbox,43,OU,OU_200071,60.0,2.1815446012426993,completed,0
se3_momentum_blackbox,44,PRBS,PRBS_42,60.0,0.5203618118267914,completed,0
se3_momentum_blackbox,44,PRBS,PRBS_43,60.0,1.4876633039830867,completed,0
se3_momentum_blackbox,44,PRBS,PRBS_44,60.0,1.271878620723598,completed,0
se3_momentum_blackbox,44,PRBS,PRBS_45,60.0,0.5027884489064636,completed,0
se3_momentum_blackbox,44,PRBS,PRBS_46,60.0,3.1343518472865757,completed,0
se3_momentum_blackbox,44,PRBS,PRBS_47,60.0,0.36190625255428666,completed,0
se3_momentum_blackbox,44,PRBS,PRBS_48,60.0,0.4590706705958045,completed,0
se3_momentum_blackbox,44,PRBS,PRBS_49,60.0,2.1760587854404916,completed,0
se3_momentum_blackbox,44,PRBS,PRBS_50,60.0,0.5694042748356266,completed,0
se3_momentum_blackbox,44,PRBS,PRBS_51,60.0,0.7856816578021399,completed,0
se3_momentum_blackbox,44,PRBS,PRBS_52,60.0,1.1501816520197417,completed,0
se3_momentum_blackbox,44,PRBS,PRBS_53,60.0,0.808808333208469,completed,0
se3_momentum_blackbox,44,PRBS,PRBS_54,60.0,0.7644418330640613,completed,0
se3_momentum_blackbox,44,PRBS,PRBS_55,60.0,0.9552039482746124,completed,0
se3_momentum_blackbox,44,PRBS,PRBS_56,60.0,1.4272139256317273,completed,0
se3_momentum_blackbox,44,PRBS,PRBS_57,60.0,2.0126106036477216,completed,0
se3_momentum_blackbox,44,PRBS,PRBS_58,60.0,0.597563103039604,completed,0
se3_momentum_blackbox,44,PRBS,PRBS_59,60.0,4.529960854479382,completed,0
se3_momentum_blackbox,44,PRBS,PRBS_60,60.0,0.5940055288737099,completed,0
se3_momentum_blackbox,44,PRBS,PRBS_61,60.0,1.827638096566345,completed,0
se3_momentum_blackbox,44,PRBS,PRBS_62,60.0,1.4745513952470453,completed,0
se3_momentum_blackbox,44,PRBS,PRBS_63,60.0,0.5657078884366477,completed,0
se3_momentum_blackbox,44,PRBS,PRBS_64,60.0,1.5746427947289139,completed,0
se3_momentum_blackbox,44,PRBS,PRBS_65,60.0,1.257222264192978,completed,0
se3_momentum_blackbox,44,PRBS,PRBS_66,60.0,1.0095024275172604,completed,0
se3_momentum_blackbox,44,PRBS,PRBS_67,60.0,0.759777073280487,completed,0
se3_momentum_blackbox,44,PRBS,PRBS_68,60.0,2.8194168806254463,completed,0
se3_momentum_blackbox,44,PRBS,PRBS_69,60.0,0.8096762390999908,completed,0
se3_momentum_blackbox,44,PRBS,PRBS_70,60.0,0.647868058127917,completed,0
se3_momentum_blackbox,44,PRBS,PRBS_71,60.0,0.6607150760417955,completed,0
se3_momentum_blackbox,44,CHIRP,CHIRP_100042,60.0,2.244434685866496,completed,0
se3_momentum_blackbox,44,CHIRP,CHIRP_100043,60.0,0.6984146508657603,completed,0
se3_momentum_blackbox,44,CHIRP,CHIRP_100044,60.0,2.776767210434727,completed,0
se3_momentum_blackbox,44,CHIRP,CHIRP_100045,60.0,4.335145315085489,completed,0
se3_momentum_blackbox,44,CHIRP,CHIRP_100046,60.0,3.674389087786778,completed,0
se3_momentum_blackbox,44,CHIRP,CHIRP_100047,60.0,1.9707682934677744,completed,0
se3_momentum_blackbox,44,CHIRP,CHIRP_100048,60.0,4.043828512037678,completed,0
se3_momentum_blackbox,44,CHIRP,CHIRP_100049,60.0,1.763606128856504,completed,0
se3_momentum_blackbox,44,CHIRP,CHIRP_100050,60.0,3.823180578357723,completed,0
se3_momentum_blackbox,44,CHIRP,CHIRP_100051,60.0,1.7035221630632964,completed,0
se3_momentum_blackbox,44,CHIRP,CHIRP_100052,60.0,2.796980699080925,completed,0
se3_momentum_blackbox,44,CHIRP,CHIRP_100053,60.0,1.6770338837498389,completed,0
se3_momentum_blackbox,44,CHIRP,CHIRP_100054,60.0,3.846898067475929,completed,0
se3_momentum_blackbox,44,CHIRP,CHIRP_100055,60.0,3.332205430887765,completed,0
se3_momentum_blackbox,44,CHIRP,CHIRP_100056,60.0,1.3055721610258397,completed,0
se3_momentum_blackbox,44,CHIRP,CHIRP_100057,60.0,3.6845568018824526,completed,0
se3_momentum_blackbox,44,CHIRP,CHIRP_100058,60.0,3.925466089698237,completed,0
se3_momentum_blackbox,44,CHIRP,CHIRP_100059,60.0,2.5328984107977828,completed,0
se3_momentum_blackbox,44,CHIRP,CHIRP_100060,60.0,2.4716864272672603,completed,0
se3_momentum_blackbox,44,CHIRP,CHIRP_100061,60.0,1.5636503373314352,completed,0
se3_momentum_blackbox,44,CHIRP,CHIRP_100062,60.0,5.795412816367003,completed,0
se3_momentum_blackbox,44,CHIRP,CHIRP_100063,60.0,2.090284042296403,completed,0
se3_momentum_blackbox,44,CHIRP,CHIRP_100064,60.0,3.8736948262656403,completed,0
se3_momentum_blackbox,44,CHIRP,CHIRP_100065,60.0,3.7637455299959286,completed,0
se3_momentum_blackbox,44,CHIRP,CHIRP_100066,60.0,1.6615512488853477,completed,0
se3_momentum_blackbox,44,CHIRP,CHIRP_100067,60.0,3.2940050084929466,completed,0
se3_momentum_blackbox,44,CHIRP,CHIRP_100068,60.0,1.8361762441337985,completed,0
se3_momentum_blackbox,44,CHIRP,CHIRP_100069,60.0,3.516404069660385,completed,0
se3_momentum_blackbox,44,CHIRP,CHIRP_100070,60.0,6.288622228298512,completed,0
se3_momentum_blackbox,44,CHIRP,CHIRP_100071,60.0,2.421702697255175,completed,0
se3_momentum_blackbox,44,OU,OU_200042,60.0,0.7542301480638683,completed,0
se3_momentum_blackbox,44,OU,OU_200043,60.0,2.4528626624252197,completed,0
se3_momentum_blackbox,44,OU,OU_200044,60.0,0.372318456608077,completed,0
se3_momentum_blackbox,44,OU,OU_200045,60.0,1.7137279056357442,completed,0
se3_momentum_blackbox,44,OU,OU_200046,60.0,1.612658712623589,completed,0
se3_momentum_blackbox,44,OU,OU_200047,60.0,4.617276741360287,completed,0
se3_momentum_blackbox,44,OU,OU_200048,60.0,2.4817045491405083,completed,0
se3_momentum_blackbox,44,OU,OU_200049,60.0,1.4574002257950927,completed,0
se3_momentum_blackbox,44,OU,OU_200050,60.0,1.9429445136672876,completed,0
se3_momentum_blackbox,44,OU,OU_200051,60.0,4.217519694743485,completed,0
se3_momentum_blackbox,44,OU,OU_200052,60.0,6.402089927371137,completed,0
se3_momentum_blackbox,44,OU,OU_200053,60.0,2.426366947286638,completed,0
se3_momentum_blackbox,44,OU,OU_200054,60.0,1.7648682095326176,completed,0
se3_momentum_blackbox,44,OU,OU_200055,60.0,2.2948650438975284,completed,0
se3_momentum_blackbox,44,OU,OU_200056,60.0,3.381891944063601,completed,0
se3_momentum_blackbox,44,OU,OU_200057,60.0,2.1697335382266467,completed,0
se3_momentum_blackbox,44,OU,OU_200058,60.0,2.539752379486992,completed,0
se3_momentum_blackbox,44,OU,OU_200059,60.0,1.2728418929704788,completed,0
se3_momentum_blackbox,44,OU,OU_200060,60.0,1.1836167550872574,completed,0
se3_momentum_blackbox,44,OU,OU_200061,60.0,5.779482259387564,completed,0
se3_momentum_blackbox,44,OU,OU_200062,60.0,3.2285336678917234,completed,0
se3_momentum_blackbox,44,OU,OU_200063,60.0,0.3660402277161161,completed,0
se3_momentum_blackbox,44,OU,OU_200064,60.0,2.195209362961736,completed,0
se3_momentum_blackbox,44,OU,OU_200065,60.0,1.2992755188317866,completed,0
se3_momentum_blackbox,44,OU,OU_200066,60.0,2.4457585571325837,completed,0
se3_momentum_blackbox,44,OU,OU_200067,60.0,0.9897267238794611,completed,0
se3_momentum_blackbox,44,OU,OU_200068,60.0,1.3789347142586938,completed,0
se3_momentum_blackbox,44,OU,OU_200069,60.0,2.5246425698371637,completed,0
se3_momentum_blackbox,44,OU,OU_200070,60.0,0.6011384099509434,completed,0
se3_momentum_blackbox,44,OU,OU_200071,60.0,5.195026269315564,completed,0
se3_momentum_blackbox,45,PRBS,PRBS_42,60.0,8.28852256809214,completed,0
se3_momentum_blackbox,45,PRBS,PRBS_43,60.0,1.2038299800297776,completed,0
se3_momentum_blackbox,45,PRBS,PRBS_44,60.0,1.4009548568950911,completed,0
se3_momentum_blackbox,45,PRBS,PRBS_45,60.0,1.6014167742652938,completed,0
se3_momentum_blackbox,45,PRBS,PRBS_46,60.0,4.635431415061991,completed,0
se3_momentum_blackbox,45,PRBS,PRBS_47,60.0,2.0079054083264105,completed,0
se3_momentum_blackbox,45,PRBS,PRBS_48,60.0,3.4751180735339218,completed,0
se3_momentum_blackbox,45,PRBS,PRBS_49,60.0,1.8921147449072904,completed,0
se3_momentum_blackbox,45,PRBS,PRBS_50,60.0,0.3213775307712141,completed,0
se3_momentum_blackbox,45,PRBS,PRBS_51,60.0,2.8905267789459943,completed,0
se3_momentum_blackbox,45,PRBS,PRBS_52,60.0,0.6906172341640183,completed,0
se3_momentum_blackbox,45,PRBS,PRBS_53,60.0,0.48332356937263327,completed,0
se3_momentum_blackbox,45,PRBS,PRBS_54,60.0,0.43560738473599286,completed,0
se3_momentum_blackbox,45,PRBS,PRBS_55,60.0,1.6510640875560014,completed,0
se3_momentum_blackbox,45,PRBS,PRBS_56,60.0,1.104330147179242,completed,0
se3_momentum_blackbox,45,PRBS,PRBS_57,60.0,0.7646469739991947,completed,0
se3_momentum_blackbox,45,PRBS,PRBS_58,60.0,1.084946339214515,completed,0
se3_momentum_blackbox,45,PRBS,PRBS_59,60.0,1.3494205893509381,completed,0
se3_momentum_blackbox,45,PRBS,PRBS_60,60.0,0.2576901633368815,completed,0
se3_momentum_blackbox,45,PRBS,PRBS_61,60.0,4.014777038764105,completed,0
se3_momentum_blackbox,45,PRBS,PRBS_62,60.0,2.467842499730451,completed,0
se3_momentum_blackbox,45,PRBS,PRBS_63,60.0,3.288616772922372,completed,0
se3_momentum_blackbox,45,PRBS,PRBS_64,60.0,1.1308496521068865,completed,0
se3_momentum_blackbox,45,PRBS,PRBS_65,60.0,1.507845708730351,completed,0
se3_momentum_blackbox,45,PRBS,PRBS_66,60.0,4.181194076314561,completed,0
se3_momentum_blackbox,45,PRBS,PRBS_67,60.0,2.701924571110205,completed,0
se3_momentum_blackbox,45,PRBS,PRBS_68,60.0,4.041502587600988,completed,0
se3_momentum_blackbox,45,PRBS,PRBS_69,60.0,0.5505617774766844,completed,0
se3_momentum_blackbox,45,PRBS,PRBS_70,60.0,2.1268683793101815,completed,0
se3_momentum_blackbox,45,PRBS,PRBS_71,60.0,0.8402826966849831,completed,0
se3_momentum_blackbox,45,CHIRP,CHIRP_100042,60.0,2.5720352336686783,completed,0
se3_momentum_blackbox,45,CHIRP,CHIRP_100043,60.0,0.9483680892561983,completed,0
se3_momentum_blackbox,45,CHIRP,CHIRP_100044,60.0,0.8872046382344251,completed,0
se3_momentum_blackbox,45,CHIRP,CHIRP_100045,60.0,2.895371219041861,completed,0
se3_momentum_blackbox,45,CHIRP,CHIRP_100046,60.0,0.5771043097532749,completed,0
se3_momentum_blackbox,45,CHIRP,CHIRP_100047,60.0,3.349928107413479,completed,0
se3_momentum_blackbox,45,CHIRP,CHIRP_100048,60.0,0.45704402417515844,completed,0
se3_momentum_blackbox,45,CHIRP,CHIRP_100049,60.0,1.0174396905730525,completed,0
se3_momentum_blackbox,45,CHIRP,CHIRP_100050,60.0,1.3353542044819582,completed,0
se3_momentum_blackbox,45,CHIRP,CHIRP_100051,60.0,0.5578538378485852,completed,0
se3_momentum_blackbox,45,CHIRP,CHIRP_100052,60.0,0.9252958527341645,completed,0
se3_momentum_blackbox,45,CHIRP,CHIRP_100053,60.0,1.6720744619664367,completed,0
se3_momentum_blackbox,45,CHIRP,CHIRP_100054,60.0,0.5872782029847647,completed,0
se3_momentum_blackbox,45,CHIRP,CHIRP_100055,60.0,2.4044800003231437,completed,0
se3_momentum_blackbox,45,CHIRP,CHIRP_100056,60.0,3.7997093260928048,completed,0
se3_momentum_blackbox,45,CHIRP,CHIRP_100057,60.0,1.100724789758886,completed,0
se3_momentum_blackbox,45,CHIRP,CHIRP_100058,60.0,0.36869018680923105,completed,0
se3_momentum_blackbox,45,CHIRP,CHIRP_100059,60.0,0.8390908404489836,completed,0
se3_momentum_blackbox,45,CHIRP,CHIRP_100060,60.0,3.8410962759138982,completed,0
se3_momentum_blackbox,45,CHIRP,CHIRP_100061,60.0,3.9017796023028746,completed,0
se3_momentum_blackbox,45,CHIRP,CHIRP_100062,60.0,2.7006316042720324,completed,0
se3_momentum_blackbox,45,CHIRP,CHIRP_100063,60.0,1.4268802802943388,completed,0
se3_momentum_blackbox,45,CHIRP,CHIRP_100064,60.0,1.6722781697968456,completed,0
se3_momentum_blackbox,45,CHIRP,CHIRP_100065,60.0,1.0856160991929025,completed,0
se3_momentum_blackbox,45,CHIRP,CHIRP_100066,60.0,2.0647528699846642,completed,0
se3_momentum_blackbox,45,CHIRP,CHIRP_100067,60.0,2.7680545039330218,completed,0
se3_momentum_blackbox,45,CHIRP,CHIRP_100068,60.0,3.7062056739598677,completed,0
se3_momentum_blackbox,45,CHIRP,CHIRP_100069,60.0,1.005563897884897,completed,0
se3_momentum_blackbox,45,CHIRP,CHIRP_100070,60.0,2.8570992789181133,completed,0
se3_momentum_blackbox,45,CHIRP,CHIRP_100071,60.0,2.548122572912951,completed,0
se3_momentum_blackbox,45,OU,OU_200042,60.0,4.289672437470988,completed,0
se3_momentum_blackbox,45,OU,OU_200043,60.0,2.159384403403374,completed,0
se3_momentum_blackbox,45,OU,OU_200044,60.0,0.902079253014048,completed,0
se3_momentum_blackbox,45,OU,OU_200045,60.0,5.18596582394588,completed,0
se3_momentum_blackbox,45,OU,OU_200046,60.0,1.7020371550934854,completed,0
se3_momentum_blackbox,45,OU,OU_200047,60.0,1.5053322280628842,completed,0
se3_momentum_blackbox,45,OU,OU_200048,60.0,2.014664561020082,completed,0
se3_momentum_blackbox,45,OU,OU_200049,60.0,2.6399802944424366,completed,0
se3_momentum_blackbox,45,OU,OU_200050,60.0,2.513280293330086,completed,0
se3_momentum_blackbox,45,OU,OU_200051,60.0,nan,pred_divergence,0
se3_momentum_blackbox,45,OU,OU_200052,60.0,2.224396545667513,completed,0
se3_momentum_blackbox,45,OU,OU_200053,60.0,2.4134712919608976,completed,0
se3_momentum_blackbox,45,OU,OU_200054,60.0,0.6943583774804412,completed,0
se3_momentum_blackbox,45,OU,OU_200055,60.0,2.4695697315877836,completed,0
se3_momentum_blackbox,45,OU,OU_200056,60.0,2.341991624535657,completed,0
se3_momentum_blackbox,45,OU,OU_200057,60.0,2.901015949667539,completed,0
se3_momentum_blackbox,45,OU,OU_200058,60.0,1.0128038531766173,completed,0
se3_momentum_blackbox,45,OU,OU_200059,60.0,1.4622241834314698,completed,0
se3_momentum_blackbox,45,OU,OU_200060,60.0,4.007703103488991,completed,0
se3_momentum_blackbox,45,OU,OU_200061,60.0,5.1384118958574065,completed,0
se3_momentum_blackbox,45,OU,OU_200062,60.0,4.902256649018982,completed,0
se3_momentum_blackbox,45,OU,OU_200063,60.0,2.5209406116003903,completed,0
se3_momentum_blackbox,45,OU,OU_200064,60.0,1.7949145341256776,completed,0
se3_momentum_blackbox,45,OU,OU_200065,60.0,3.777402861804195,completed,0
se3_momentum_blackbox,45,OU,OU_200066,60.0,nan,pred_divergence,0
se3_momentum_blackbox,45,OU,OU_200067,60.0,0.5340733560717055,completed,0
se3_momentum_blackbox,45,OU,OU_200068,60.0,6.706468736280299,completed,0
se3_momentum_blackbox,45,OU,OU_200069,60.0,0.7418275228261128,completed,0
se3_momentum_blackbox,45,OU,OU_200070,60.0,2.9492694931943513,completed,0
se3_momentum_blackbox,45,OU,OU_200071,60.0,2.3132030769290255,completed,0
se3_momentum_blackbox,46,PRBS,PRBS_42,60.0,5.358726999338049,completed,0
se3_momentum_blackbox,46,PRBS,PRBS_43,60.0,1.2499650655036116,completed,0
se3_momentum_blackbox,46,PRBS,PRBS_44,60.0,0.5010553650484658,completed,0
se3_momentum_blackbox,46,PRBS,PRBS_45,60.0,1.033536147076004,completed,0
se3_momentum_blackbox,46,PRBS,PRBS_46,60.0,2.2185848569937847,completed,0
se3_momentum_blackbox,46,PRBS,PRBS_47,60.0,1.2739726507954423,completed,0
se3_momentum_blackbox,46,PRBS,PRBS_48,60.0,0.773158347820375,completed,0
se3_momentum_blackbox,46,PRBS,PRBS_49,60.0,2.3297188138231375,completed,0
se3_momentum_blackbox,46,PRBS,PRBS_50,60.0,0.7043465864903504,completed,0
se3_momentum_blackbox,46,PRBS,PRBS_51,60.0,0.6571769578156873,completed,0
se3_momentum_blackbox,46,PRBS,PRBS_52,60.0,1.7669087691332055,completed,0
se3_momentum_blackbox,46,PRBS,PRBS_53,60.0,0.939535860406939,completed,0
se3_momentum_blackbox,46,PRBS,PRBS_54,60.0,0.42598271226475315,completed,0
se3_momentum_blackbox,46,PRBS,PRBS_55,60.0,1.3718774023686082,completed,0
se3_momentum_blackbox,46,PRBS,PRBS_56,60.0,2.6516749062626266,completed,0
se3_momentum_blackbox,46,PRBS,PRBS_57,60.0,3.2661307847829253,completed,0
se3_momentum_blackbox,46,PRBS,PRBS_58,60.0,0.6419343440218226,completed,0
se3_momentum_blackbox,46,PRBS,PRBS_59,60.0,1.8193546582242894,completed,0
se3_momentum_blackbox,46,PRBS,PRBS_60,60.0,0.4409027821917011,completed,0
se3_momentum_blackbox,46,PRBS,PRBS_61,60.0,0.22624163621977147,completed,0
se3_momentum_blackbox,46,PRBS,PRBS_62,60.0,1.9982346185747433,completed,0
se3_momentum_blackbox,46,PRBS,PRBS_63,60.0,0.8271403924745496,completed,0
se3_momentum_blackbox,46,PRBS,PRBS_64,60.0,0.8765797721841989,completed,0
se3_momentum_blackbox,46,PRBS,PRBS_65,60.0,0.7184525522580831,completed,0
se3_momentum_blackbox,46,PRBS,PRBS_66,60.0,1.2083773669484237,completed,0
se3_momentum_blackbox,46,PRBS,PRBS_67,60.0,0.7594095888845661,completed,0
se3_momentum_blackbox,46,PRBS,PRBS_68,60.0,4.704406621335292,completed,0
se3_momentum_blackbox,46,PRBS,PRBS_69,60.0,0.5804147801667309,completed,0
se3_momentum_blackbox,46,PRBS,PRBS_70,60.0,0.9519316952450867,completed,0
se3_momentum_blackbox,46,PRBS,PRBS_71,60.0,0.44209254128802106,completed,0
se3_momentum_blackbox,46,CHIRP,CHIRP_100042,60.0,1.0641759028980045,completed,0
se3_momentum_blackbox,46,CHIRP,CHIRP_100043,60.0,2.6862343821707153,completed,0
se3_momentum_blackbox,46,CHIRP,CHIRP_100044,60.0,1.3313312402545272,completed,0
se3_momentum_blackbox,46,CHIRP,CHIRP_100045,60.0,1.0209416111169978,completed,0
se3_momentum_blackbox,46,CHIRP,CHIRP_100046,60.0,1.2589057428549024,completed,0
se3_momentum_blackbox,46,CHIRP,CHIRP_100047,60.0,0.9828027045315735,completed,0
se3_momentum_blackbox,46,CHIRP,CHIRP_100048,60.0,2.2492464207819896,completed,0
se3_momentum_blackbox,46,CHIRP,CHIRP_100049,60.0,0.6497263600002753,completed,0
se3_momentum_blackbox,46,CHIRP,CHIRP_100050,60.0,1.334644158327339,completed,0
se3_momentum_blackbox,46,CHIRP,CHIRP_100051,60.0,0.6265407013815506,completed,0
se3_momentum_blackbox,46,CHIRP,CHIRP_100052,60.0,2.1637368008339846,completed,0
se3_momentum_blackbox,46,CHIRP,CHIRP_100053,60.0,0.8563151303266475,completed,0
se3_momentum_blackbox,46,CHIRP,CHIRP_100054,60.0,1.240063737016618,completed,0
se3_momentum_blackbox,46,CHIRP,CHIRP_100055,60.0,1.3333269217949126,completed,0
se3_momentum_blackbox,46,CHIRP,CHIRP_100056,60.0,1.4847869661713489,completed,0
se3_momentum_blackbox,46,CHIRP,CHIRP_100057,60.0,0.7306053082636129,completed,0
se3_momentum_blackbox,46,CHIRP,CHIRP_100058,60.0,0.8462365631937739,completed,0
se3_momentum_blackbox,46,CHIRP,CHIRP_100059,60.0,1.625134579793758,completed,0
se3_momentum_blackbox,46,CHIRP,CHIRP_100060,60.0,0.5435830487727484,completed,0
se3_momentum_blackbox,46,CHIRP,CHIRP_100061,60.0,1.058526541871696,completed,0
se3_momentum_blackbox,46,CHIRP,CHIRP_100062,60.0,2.655516642307646,completed,0
se3_momentum_blackbox,46,CHIRP,CHIRP_100063,60.0,0.680531314186624,completed,0
se3_momentum_blackbox,46,CHIRP,CHIRP_100064,60.0,1.1840229341637025,completed,0
se3_momentum_blackbox,46,CHIRP,CHIRP_100065,60.0,1.9726818438029439,completed,0
se3_momentum_blackbox,46,CHIRP,CHIRP_100066,60.0,0.9363800599965857,completed,0
se3_momentum_blackbox,46,CHIRP,CHIRP_100067,60.0,1.7397938167263354,completed,0
se3_momentum_blackbox,46,CHIRP,CHIRP_100068,60.0,1.0867362773535227,completed,0
se3_momentum_blackbox,46,CHIRP,CHIRP_100069,60.0,1.4927944171930592,completed,0
se3_momentum_blackbox,46,CHIRP,CHIRP_100070,60.0,3.404366967909223,completed,0
se3_momentum_blackbox,46,CHIRP,CHIRP_100071,60.0,1.3514477557687394,completed,0
se3_momentum_blackbox,46,OU,OU_200042,60.0,1.6234764190649882,completed,0
se3_momentum_blackbox,46,OU,OU_200043,60.0,1.3728955515512038,completed,0
se3_momentum_blackbox,46,OU,OU_200044,60.0,0.6055805589805962,completed,0
se3_momentum_blackbox,46,OU,OU_200045,60.0,2.2416738087350154,completed,0
se3_momentum_blackbox,46,OU,OU_200046,60.0,1.1796535727294584,completed,0
se3_momentum_blackbox,46,OU,OU_200047,60.0,1.9667944790834928,completed,0
se3_momentum_blackbox,46,OU,OU_200048,60.0,0.42951968402504004,completed,0
se3_momentum_blackbox,46,OU,OU_200049,60.0,0.9002806108944698,completed,0
se3_momentum_blackbox,46,OU,OU_200050,60.0,2.6962359429876663,completed,0
se3_momentum_blackbox,46,OU,OU_200051,60.0,nan,pred_divergence,0
se3_momentum_blackbox,46,OU,OU_200052,60.0,4.658930852402035,completed,0
se3_momentum_blackbox,46,OU,OU_200053,60.0,1.3806073681416802,completed,0
se3_momentum_blackbox,46,OU,OU_200054,60.0,1.5595302940537703,completed,0
se3_momentum_blackbox,46,OU,OU_200055,60.0,0.3312854351080086,completed,0
se3_momentum_blackbox,46,OU,OU_200056,60.0,3.4435614333682936,completed,0
se3_momentum_blackbox,46,OU,OU_200057,60.0,2.1366924949158954,completed,0
se3_momentum_blackbox,46,OU,OU_200058,60.0,1.9372939248252927,completed,0
se3_momentum_blackbox,46,OU,OU_200059,60.0,2.875845228142126,completed,0
se3_momentum_blackbox,46,OU,OU_200060,60.0,0.991734229107534,completed,0
se3_momentum_blackbox,46,OU,OU_200061,60.0,2.133062487375394,completed,0
se3_momentum_blackbox,46,OU,OU_200062,60.0,1.5292758528190666,completed,0
se3_momentum_blackbox,46,OU,OU_200063,60.0,0.3816145571483509,completed,0
se3_momentum_blackbox,46,OU,OU_200064,60.0,4.238973152269052,completed,0
se3_momentum_blackbox,46,OU,OU_200065,60.0,2.8112367737674675,completed,0
se3_momentum_blackbox,46,OU,OU_200066,60.0,nan,pred_divergence,0
se3_momentum_blackbox,46,OU,OU_200067,60.0,0.5348159992584717,completed,0
se3_momentum_blackbox,46,OU,OU_200068,60.0,3.163296095597929,completed,0
se3_momentum_blackbox,46,OU,OU_200069,60.0,1.3099297018010394,completed,0
se3_momentum_blackbox,46,OU,OU_200070,60.0,1.7859441621372862,completed,0
se3_momentum_blackbox,46,OU,OU_200071,60.0,2.075767150384162,completed,0
se3_accel_blackbox,42,PRBS,PRBS_42,60.0,25.984479382110713,completed,0
se3_accel_blackbox,42,PRBS,PRBS_43,60.0,7.570651912280792,completed,0
se3_accel_blackbox,42,PRBS,PRBS_44,60.0,8.616150679029762,completed,0
se3_accel_blackbox,42,PRBS,PRBS_45,60.0,7.8626520478648345,completed,0
se3_accel_blackbox,42,PRBS,PRBS_46,60.0,7.874799737843334,completed,0
se3_accel_blackbox,42,PRBS,PRBS_47,60.0,2.8719965689127984,completed,0
se3_accel_blackbox,42,PRBS,PRBS_48,60.0,5.032623805416401,completed,0
se3_accel_blackbox,42,PRBS,PRBS_49,60.0,1.5876689950225573,completed,0
se3_accel_blackbox,42,PRBS,PRBS_50,60.0,8.063416671258992,completed,0
se3_accel_blackbox,42,PRBS,PRBS_51,60.0,3.337016261131296,completed,0
se3_accel_blackbox,42,PRBS,PRBS_52,60.0,5.969582602273965,completed,0
se3_accel_blackbox,42,PRBS,PRBS_53,60.0,4.347248652575353,completed,0
se3_accel_blackbox,42,PRBS,PRBS_54,60.0,5.633251587420303,completed,0
se3_accel_blackbox,42,PRBS,PRBS_55,60.0,1.4636072308766144,completed,0
se3_accel_blackbox,42,PRBS,PRBS_56,60.0,9.368504492920799,completed,0
se3_accel_blackbox,42,PRBS,PRBS_57,60.0,4.258435398184767,completed,0
se3_accel_blackbox,42,PRBS,PRBS_58,60.0,3.2794359302294427,completed,0
se3_accel_blackbox,42,PRBS,PRBS_59,60.0,4.504196652292953,completed,0
se3_accel_blackbox,42,PRBS,PRBS_60,60.0,4.78809305299817,completed,0
se3_accel_blackbox,42,PRBS,PRBS_61,60.0,10.161485120065043,completed,0
se3_accel_blackbox,42,PRBS,PRBS_62,60.0,5.990209969829619,completed,0
se3_accel_blackbox,42,PRBS,PRBS_63,60.0,25.512804621286328,completed,0
se3_accel_blackbox,42,PRBS,PRBS_64,60.0,2.7233979549905607,completed,0
se3_accel_blackbox,42,PRBS,PRBS_65,60.0,2.5575760819372917,completed,0
se3_accel_blackbox,42,PRBS,PRBS_66,60.0,1.2682229342321596,completed,0
se3_accel_blackbox,42,PRBS,PRBS_67,60.0,2.0671249656607693,completed,0
se3_accel_blackbox,42,PRBS,PRBS_68,60.0,16.968253102019904,completed,0
se3_accel_blackbox,42,PRBS,PRBS_69,60.0,2.1962667351087424,completed,0
se3_accel_blackbox,42,PRBS,PRBS_70,60.0,2.16411520659318,completed,0
se3_accel_blackbox,42,PRBS,PRBS_71,60.0,18.0287709427908,completed,0
se3_accel_blackbox,42,CHIRP,CHIRP_100042,60.0,0.5295490547434539,completed,0
se3_accel_blackbox,42,CHIRP,CHIRP_100043,60.0,6.417883541126441,completed,0
se3_accel_blackbox,42,CHIRP,CHIRP_100044,60.0,3.121885959895955,completed,0
se3_accel_blackbox,42,CHIRP,CHIRP_100045,60.0,0.44813357552405625,completed,0
se3_accel_blackbox,42,CHIRP,CHIRP_100046,60.0,1.7653339598730784,completed,0
se3_accel_blackbox,42,CHIRP,CHIRP_100047,60.0,0.6602356979296851,completed,0
se3_accel_blackbox,42,CHIRP,CHIRP_100048,60.0,6.189535561906082,completed,0
se3_accel_blackbox,42,CHIRP,CHIRP_100049,60.0,2.1756243710130847,completed,0
se3_accel_blackbox,42,CHIRP,CHIRP_100050,60.0,11.028674578793767,completed,0
se3_accel_blackbox,42,CHIRP,CHIRP_100051,60.0,0.3937159033413704,completed,0
se3_accel_blackbox,42,CHIRP,CHIRP_100052,60.0,2.4424922297394995,completed,0
se3_accel_blackbox,42,CHIRP,CHIRP_100053,60.0,2.177354346719323,completed,0
se3_accel_blackbox,42,CHIRP,CHIRP_100054,60.0,1.214144192394981,completed,0
se3_accel_blackbox,42,CHIRP,CHIRP_100055,60.0,0.3881672063367922,completed,0
se3_accel_blackbox,42,CHIRP,CHIRP_100056,60.0,7.501898586346054,completed,0
se3_accel_blackbox,42,CHIRP,CHIRP_100057,60.0,2.67828746311291,completed,0
se3_accel_blackbox,42,CHIRP,CHIRP_100058,60.0,1.2382538919438053,completed,0
se3_accel_blackbox,42,CHIRP,CHIRP_100059,60.0,1.5242434561448093,completed,0
se3_accel_blackbox,42,CHIRP,CHIRP_100060,60.0,4.4491630042283,completed,0
se3_accel_blackbox,42,CHIRP,CHIRP_100061,60.0,2.922660893203355,completed,0
se3_accel_blackbox,42,CHIRP,CHIRP_100062,60.0,4.46063796390095,completed,0
se3_accel_blackbox,42,CHIRP,CHIRP_100063,60.0,1.1064665842086063,completed,0
se3_accel_blackbox,42,CHIRP,CHIRP_100064,60.0,6.715629606288398,completed,0
se3_accel_blackbox,42,CHIRP,CHIRP_100065,60.0,1.9411121204571262,completed,0
se3_accel_blackbox,42,CHIRP,CHIRP_100066,60.0,3.0040029856228165,completed,0
se3_accel_blackbox,42,CHIRP,CHIRP_100067,60.0,4.497358681919772,completed,0
se3_accel_blackbox,42,CHIRP,CHIRP_100068,60.0,1.8892543009733072,completed,0
se3_accel_blackbox,42,CHIRP,CHIRP_100069,60.0,1.0959072529064222,completed,0
se3_accel_blackbox,42,CHIRP,CHIRP_100070,60.0,2.0935522715438672,completed,0
se3_accel_blackbox,42,CHIRP,CHIRP_100071,60.0,0.6136712611083455,completed,0
se3_accel_blackbox,42,OU,OU_200042,60.0,15.879415974615663,completed,0
se3_accel_blackbox,42,OU,OU_200043,60.0,14.413420793674227,completed,0
se3_accel_blackbox,42,OU,OU_200044,60.0,18.28605477237031,completed,0
se3_accel_blackbox,42,OU,OU_200045,60.0,16.38906383933564,completed,0
se3_accel_blackbox,42,OU,OU_200046,60.0,7.862408501016795,completed,0
se3_accel_blackbox,42,OU,OU_200047,60.0,7.881103144154648,completed,0
se3_accel_blackbox,42,OU,OU_200048,60.0,22.134912759669973,completed,0
se3_accel_blackbox,42,OU,OU_200049,60.0,26.291794325676012,completed,0
se3_accel_blackbox,42,OU,OU_200050,60.0,22.88825629864419,completed,0
se3_accel_blackbox,42,OU,OU_200051,60.0,14.649252805919746,completed,0
se3_accel_blackbox,42,OU,OU_200052,60.0,8.483292242054873,completed,0
se3_accel_blackbox,42,OU,OU_200053,60.0,3.243500908991624,completed,0
se3_accel_blackbox,42,OU,OU_200054,60.0,4.360942334101796,completed,0
se3_accel_blackbox,42,OU,OU_200055,60.0,21.9541225537724,completed,0
se3_accel_blackbox,42,OU,OU_200056,60.0,20.84172722037076,completed,0
se3_accel_blackbox,42,OU,OU_200057,60.0,28.511844335776424,completed,0
se3_accel_blackbox,42,OU,OU_200058,60.0,25.763066306087712,completed,0
se3_accel_blackbox,42,OU,OU_200059,60.0,5.669694650847772,completed,0
se3_accel_blackbox,42,OU,OU_200060,60.0,22.52591025301818,completed,0
se3_accel_blackbox,42,OU,OU_200061,60.0,17.822844999700646,completed,0
se3_accel_blackbox,42,OU,OU_200062,60.0,10.860759400306355,completed,0
se3_accel_blackbox,42,OU,OU_200063,60.0,5.659931108625715,completed,0
se3_accel_blackbox,42,OU,OU_200064,60.0,29.760313839990665,completed,0
se3_accel_blackbox,42,OU,OU_200065,60.0,13.35138900048488,completed,0
se3_accel_blackbox,42,OU,OU_200066,60.0,nan,pred_divergence,0
se3_accel_blackbox,42,OU,OU_200067,60.0,17.857140220659627,completed,0
se3_accel_blackbox,42,OU,OU_200068,60.0,30.306706516125402,completed,0
se3_accel_blackbox,42,OU,OU_200069,60.0,4.586401841487054,completed,0
se3_accel_blackbox,42,OU,OU_200070,60.0,20.35479995142955,completed,0
se3_accel_blackbox,42,OU,OU_200071,60.0,6.916225866779375,completed,0
se3_accel_blackbox,43,PRBS,PRBS_42,60.0,2.250948191788173,completed,0
se3_accel_blackbox,43,PRBS,PRBS_43,60.0,1.1253548957560882,completed,0
se3_accel_blackbox,43,PRBS,PRBS_44,60.0,5.10036804273417,completed,0
se3_accel_blackbox,43,PRBS,PRBS_45,60.0,1.9067879348175532,completed,0
se3_accel_blackbox,43,PRBS,PRBS_46,60.0,2.1787790515319845,completed,0
se3_accel_blackbox,43,PRBS,PRBS_47,60.0,2.052800293031441,completed,0
se3_accel_blackbox,43,PRBS,PRBS_48,60.0,2.74352048267946,completed,0
se3_accel_blackbox,43,PRBS,PRBS_49,60.0,1.6509711673863334,completed,0
se3_accel_blackbox,43,PRBS,PRBS_50,60.0,1.5165951119433725,completed,0
se3_accel_blackbox,43,PRBS,PRBS_51,60.0,2.7394732142630325,completed,0
se3_accel_blackbox,43,PRBS,PRBS_52,60.0,1.7623104017023357,completed,0
se3_accel_blackbox,43,PRBS,PRBS_53,60.0,1.8947014493590602,completed,0
se3_accel_blackbox,43,PRBS,PRBS_54,60.0,0.7689597741889835,completed,0
se3_accel_blackbox,43,PRBS,PRBS_55,60.0,0.6960514849259307,completed,0
se3_accel_blackbox,43,PRBS,PRBS_56,60.0,1.058955363722039,completed,0
se3_accel_blackbox,43,PRBS,PRBS_57,60.0,1.0388633896252506,completed,0
se3_accel_blackbox,43,PRBS,PRBS_58,60.0,0.45819600731345983,completed,0
se3_accel_blackbox,43,PRBS,PRBS_59,60.0,1.757580668716902,completed,0
se3_accel_blackbox,43,PRBS,PRBS_60,60.0,0.5858668137564599,completed,0
se3_accel_blackbox,43,PRBS,PRBS_61,60.0,3.0842956361973517,completed,0
se3_accel_blackbox,43,PRBS,PRBS_62,60.0,5.525853373638723,completed,0
se3_accel_blackbox,43,PRBS,PRBS_63,60.0,1.2292640665522798,completed,0
se3_accel_blackbox,43,PRBS,PRBS_64,60.0,2.5300714862986085,completed,0
se3_accel_blackbox,43,PRBS,PRBS_65,60.0,1.2516930797405392,completed,0
se3_accel_blackbox,43,PRBS,PRBS_66,60.0,1.5421792031214612,completed,0
se3_accel_blackbox,43,PRBS,PRBS_67,60.0,0.647064748959558,completed,0
se3_accel_blackbox,43,PRBS,PRBS_68,60.0,1.3427603667882007,completed,0
se3_accel_blackbox,43,PRBS,PRBS_69,60.0,2.3109440715616274,completed,0
se3_accel_blackbox,43,PRBS,PRBS_70,60.0,1.951014869563738,completed,0
se3_accel_blackbox,43,PRBS,PRBS_71,60.0,0.35815053697131,completed,0
se3_accel_blackbox,43,CHIRP,CHIRP_100042,60.0,1.441421900629753,completed,0
se3_accel_blackbox,43,CHIRP,CHIRP_100043,60.0,0.3699452696069988,completed,0
se3_accel_blackbox,43,CHIRP,CHIRP_100044,60.0,2.7502352789078546,completed,0
se3_accel_blackbox,43,CHIRP,CHIRP_100045,60.0,1.320357977706715,completed,0
se3_accel_blackbox,43,CHIRP,CHIRP_100046,60.0,0.26041512672602773,completed,0
se3_accel_blackbox,43,CHIRP,CHIRP_100047,60.0,3.69312666694055,completed,0
se3_accel_blackbox,43,CHIRP,CHIRP_100048,60.0,0.6814490687743341,completed,0
se3_accel_blackbox,43,CHIRP,CHIRP_100049,60.0,1.8883800867726108,completed,0
se3_accel_blackbox,43,CHIRP,CHIRP_100050,60.0,2.304390088311913,completed,0
se3_accel_blackbox,43,CHIRP,CHIRP_100051,60.0,0.9685468978444008,completed,0
se3_accel_blackbox,43,CHIRP,CHIRP_100052,60.0,3.0103044767642966,completed,0
se3_accel_blackbox,43,CHIRP,CHIRP_100053,60.0,1.6265025317076511,completed,0
se3_accel_blackbox,43,CHIRP,CHIRP_100054,60.0,0.352122154853411,completed,0
se3_accel_blackbox,43,CHIRP,CHIRP_100055,60.0,1.1820056862586967,completed,0
se3_accel_blackbox,43,CHIRP,CHIRP_100056,60.0,0.3669688962952451,completed,0
se3_accel_blackbox,43,CHIRP,CHIRP_100057,60.0,0.165711986125942,completed,0
se3_accel_blackbox,43,CHIRP,CHIRP_100058,60.0,1.2307922174240764,completed,0
se3_accel_blackbox,43,CHIRP,CHIRP_100059,60.0,2.0107640212777764,completed,0
se3_accel_blackbox,43,CHIRP,CHIRP_100060,60.0,1.887013463852581,completed,0
se3_accel_blackbox,43,CHIRP,CHIRP_100061,60.0,0.3709752997991926,completed,0
se3_accel_blackbox,43,CHIRP,CHIRP_100062,60.0,0.846164727657056,completed,0
se3_accel_blackbox,43,CHIRP,CHIRP_100063,60.0,0.5538934927502897,completed,0
se3_accel_blackbox,43,CHIRP,CHIRP_100064,60.0,1.3891406425044566,completed,0
se3_accel_blackbox,43,CHIRP,CHIRP_100065,60.0,1.0619015384523196,completed,0
se3_accel_blackbox,43,CHIRP,CHIRP_100066,60.0,0.3851367646021987,completed,0
se3_accel_blackbox,43,CHIRP,CHIRP_100067,60.0,2.1903220140375677,completed,0
se3_accel_blackbox,43,CHIRP,CHIRP_100068,60.0,0.41181970873339585,completed,0
se3_accel_blackbox,43,CHIRP,CHIRP_100069,60.0,1.3685804980732892,completed,0
se3_accel_blackbox,43,CHIRP,CHIRP_100070,60.0,1.2280973577162584,completed,0
se3_accel_blackbox,43,CHIRP,CHIRP_100071,60.0,0.3121129227201638,completed,0
se3_accel_blackbox,43,OU,OU_200042,60.0,0.9080914982403017,completed,0
se3_accel_blackbox,43,OU,OU_200043,60.0,0.6503852745948867,completed,0
se3_accel_blackbox,43,OU,OU_200044,60.0,5.6901379179259575,completed,0
se3_accel_blackbox,43,OU,OU_200045,60.0,2.147705782342036,completed,0
se3_accel_blackbox,43,OU,OU_200046,60.0,3.2850691024567347,completed,0
se3_accel_blackbox,43,OU,OU_200047,60.0,3.9588829569409683,completed,0
se3_accel_blackbox,43,OU,OU_200048,60.0,6.22109799955825,completed,0
se3_accel_blackbox,43,OU,OU_200049,60.0,8.567799401579874,completed,0
se3_accel_blackbox,43,OU,OU_200050,60.0,0.7689440529776874,completed,0
se3_accel_blackbox,43,OU,OU_200051,60.0,nan,pred_divergence,0
se3_accel_blackbox,43,OU,OU_200052,60.0,1.8626325736682285,completed,0
se3_accel_blackbox,43,OU,OU_200053,60.0,1.4805492188827059,completed,0
se3_accel_blackbox,43,OU,OU_200054,60.0,3.184032404796168,completed,0
se3_accel_blackbox,43,OU,OU_200055,60.0,3.3082427121819205,completed,0
se3_accel_blackbox,43,OU,OU_200056,60.0,0.7812645987960952,completed,0
se3_accel_blackbox,43,OU,OU_200057,60.0,4.466479134866738,completed,0
se3_accel_blackbox,43,OU,OU_200058,60.0,0.8221565680839032,completed,0
se3_accel_blackbox,43,OU,OU_200059,60.0,4.7617640979154325,completed,0
se3_accel_blackbox,43,OU,OU_200060,60.0,2.6585195513522972,completed,0
se3_accel_blackbox,43,OU,OU_200061,60.0,12.27462790350024,completed,0
se3_accel_blackbox,43,OU,OU_200062,60.0,5.515848815767777,completed,0
se3_accel_blackbox,43,OU,OU_200063,60.0,0.6092423404784059,completed,0
se3_accel_blackbox,43,OU,OU_200064,60.0,4.971435510299097,completed,0
se3_accel_blackbox,43,OU,OU_200065,60.0,2.855838010623734,completed,0
se3_accel_blackbox,43,OU,OU_200066,60.0,nan,pred_divergence,0
se3_accel_blackbox,43,OU,OU_200067,60.0,2.9307241929817294,completed,0
se3_accel_blackbox,43,OU,OU_200068,60.0,11.337700114709623,completed,0
se3_accel_blackbox,43,OU,OU_200069,60.0,2.605463461419917,completed,0
se3_accel_blackbox,43,OU,OU_200070,60.0,2.0620303949599936,completed,0
se3_accel_blackbox,43,OU,OU_200071,60.0,0.6400601679816957,completed,0
se3_accel_blackbox,44,PRBS,PRBS_42,60.0,0.763634700159542,completed,0
se3_accel_blackbox,44,PRBS,PRBS_43,60.0,3.9294009845390594,completed,0
se3_accel_blackbox,44,PRBS,PRBS_44,60.0,1.0066177864701367,completed,0
se3_accel_blackbox,44,PRBS,PRBS_45,60.0,2.223082852655908,completed,0
se3_accel_blackbox,44,PRBS,PRBS_46,60.0,7.445565685133389,completed,0
se3_accel_blackbox,44,PRBS,PRBS_47,60.0,1.3762989192258697,completed,0
se3_accel_blackbox,44,PRBS,PRBS_48,60.0,0.4812439191008575,completed,0
se3_accel_blackbox,44,PRBS,PRBS_49,60.0,1.3412690837965244,completed,0
se3_accel_blackbox,44,PRBS,PRBS_50,60.0,5.13864745569074,completed,0
se3_accel_blackbox,44,PRBS,PRBS_51,60.0,0.6437976253982854,completed,0
se3_accel_blackbox,44,PRBS,PRBS_52,60.0,4.68140922608313,completed,0
se3_accel_blackbox,44,PRBS,PRBS_53,60.0,1.3189406230815428,completed,0
se3_accel_blackbox,44,PRBS,PRBS_54,60.0,3.7326391850140355,completed,0
se3_accel_blackbox,44,PRBS,PRBS_55,60.0,2.355212155069139,completed,0
se3_accel_blackbox,44,PRBS,PRBS_56,60.0,2.5652104825367537,completed,0
se3_accel_blackbox,44,PRBS,PRBS_57,60.0,3.492170972990533,completed,0
se3_accel_blackbox,44,PRBS,PRBS_58,60.0,0.3971036148871942,completed,0
se3_accel_blackbox,44,PRBS,PRBS_59,60.0,3.3397007100302205,completed,0
se3_accel_blackbox,44,PRBS,PRBS_60,60.0,3.873785690977678,completed,0
se3_accel_blackbox,44,PRBS,PRBS_61,60.0,3.5501302453000005,completed,0
se3_accel_blackbox,44,PRBS,PRBS_62,60.0,2.569197494053734,completed,0
se3_accel_blackbox,44,PRBS,PRBS_63,60.0,0.3652910730753439,completed,0
se3_accel_blackbox,44,PRBS,PRBS_64,60.0,2.47498399198634,completed,0
se3_accel_blackbox,44,PRBS,PRBS_65,60.0,1.9973487063809565,completed,0
se3_accel_blackbox,44,PRBS,PRBS_66,60.0,2.5615714610565488,completed,0
se3_accel_blackbox,44,PRBS,PRBS_67,60.0,3.3205561703454656,completed,0
se3_accel_blackbox,44,PRBS,PRBS_68,60.0,3.6266300077612135,completed,0
se3_accel_blackbox,44,PRBS,PRBS_69,60.0,1.9969962280540798,completed,0
se3_accel_blackbox,44,PRBS,PRBS_70,60.0,1.1499536161790769,completed,0
se3_accel_blackbox,44,PRBS,PRBS_71,60.0,3.6767143524487325,completed,0
se3_accel_blackbox,44,CHIRP,CHIRP_100042,60.0,3.742867029710688,completed,0
se3_accel_blackbox,44,CHIRP,CHIRP_100043,60.0,3.5234293845272875,completed,0
se3_accel_blackbox,44,CHIRP,CHIRP_100044,60.0,2.484551879057077,completed,0
se3_accel_blackbox,44,CHIRP,CHIRP_100045,60.0,2.5990023676410723,completed,0
se3_accel_blackbox,44,CHIRP,CHIRP_100046,60.0,3.8444239176445802,completed,0
se3_accel_blackbox,44,CHIRP,CHIRP_100047,60.0,0.49963772846184834,completed,0
se3_accel_blackbox,44,CHIRP,CHIRP_100048,60.0,3.8791174017100314,completed,0
se3_accel_blackbox,44,CHIRP,CHIRP_100049,60.0,5.499892110523678,completed,0
se3_accel_blackbox,44,CHIRP,CHIRP_100050,60.0,1.3558371208510511,completed,0
se3_accel_blackbox,44,CHIRP,CHIRP_100051,60.0,2.728899985598994,completed,0
se3_accel_blackbox,44,CHIRP,CHIRP_100052,60.0,2.881182893375317,completed,0
se3_accel_blackbox,44,CHIRP,CHIRP_100053,60.0,1.6038539600887847,completed,0
se3_accel_blackbox,44,CHIRP,CHIRP_100054,60.0,3.793825027674074,completed,0
se3_accel_blackbox,44,CHIRP,CHIRP_100055,60.0,2.385322020521219,completed,0
se3_accel_blackbox,44,CHIRP,CHIRP_100056,60.0,3.1477432872603486,completed,0
se3_accel_blackbox,44,CHIRP,CHIRP_100057,60.0,5.513183475310193,completed,0
se3_accel_blackbox,44,CHIRP,CHIRP_100058,60.0,2.78971536592061,completed,0
se3_accel_blackbox,44,CHIRP,CHIRP_100059,60.0,4.097966995309033,completed,0
se3_accel_blackbox,44,CHIRP,CHIRP_100060,60.0,1.534075278922928,completed,0
se3_accel_blackbox,44,CHIRP,CHIRP_100061,60.0,4.678747512348105,completed,0
se3_accel_blackbox,44,CHIRP,CHIRP_100062,60.0,4.856731891122555,completed,0
se3_accel_blackbox,44,CHIRP,CHIRP_100063,60.0,2.8949042128617117,completed,0
se3_accel_blackbox,44,CHIRP,CHIRP_100064,60.0,2.368220680572128,completed,0
se3_accel_blackbox,44,CHIRP,CHIRP_100065,60.0,1.9136531952477396,completed,0
se3_accel_blackbox,44,CHIRP,CHIRP_100066,60.0,4.283344086418202,completed,0
se3_accel_blackbox,44,CHIRP,CHIRP_100067,60.0,2.5254679141959615,completed,0
se3_accel_blackbox,44,CHIRP,CHIRP_100068,60.0,4.987424920629906,completed,0
se3_accel_blackbox,44,CHIRP,CHIRP_100069,60.0,1.6766954336309323,completed,0
se3_accel_blackbox,44,CHIRP,CHIRP_100070,60.0,1.8548793918840427,completed,0
se3_accel_blackbox,44,CHIRP,CHIRP_100071,60.0,3.348958556187129,completed,0
se3_accel_blackbox,44,OU,OU_200042,60.0,0.5628697634375155,completed,0
se3_accel_blackbox,44,OU,OU_200043,60.0,1.3180377178676017,completed,0
se3_accel_blackbox,44,OU,OU_200044,60.0,3.182010149711305,completed,0
se3_accel_blackbox,44,OU,OU_200045,60.0,6.0422664703862985,completed,0
se3_accel_blackbox,44,OU,OU_200046,60.0,1.2967476079156195,completed,0
se3_accel_blackbox,44,OU,OU_200047,60.0,4.3449464634335815,completed,0
se3_accel_blackbox,44,OU,OU_200048,60.0,3.9599740570352173,completed,0
se3_accel_blackbox,44,OU,OU_200049,60.0,7.137439392673149,completed,0
se3_accel_blackbox,44,OU,OU_200050,60.0,3.5471705103388538,completed,0
se3_accel_blackbox,44,OU,OU_200051,60.0,nan,pred_divergence,0
se3_accel_blackbox,44,OU,OU_200052,60.0,0.45367654023685555,completed,0
se3_accel_blackbox,44,OU,OU_200053,60.0,1.8143837719297726,completed,0
se3_accel_blackbox,44,OU,OU_200054,60.0,2.3257828562696705,completed,0
se3_accel_blackbox,44,OU,OU_200055,60.0,1.8738326202531326,completed,0
se3_accel_blackbox,44,OU,OU_200056,60.0,4.223224008349495,completed,0
se3_accel_blackbox,44,OU,OU_200057,60.0,2.4278304141438594,completed,0
se3_accel_blackbox,44,OU,OU_200058,60.0,1.696582080604482,completed,0
se3_accel_blackbox,44,OU,OU_200059,60.0,2.5166071561918115,completed,0
se3_accel_blackbox,44,OU,OU_200060,60.0,2.5713782985041687,completed,0
se3_accel_blackbox,44,OU,OU_200061,60.0,11.34628204097742,completed,0
se3_accel_blackbox,44,OU,OU_200062,60.0,4.007514536897378,completed,0
se3_accel_blackbox,44,OU,OU_200063,60.0,1.6757948805769438,completed,0
se3_accel_blackbox,44,OU,OU_200064,60.0,4.641131751149414,completed,0
se3_accel_blackbox,44,OU,OU_200065,60.0,4.186364918141083,completed,0
se3_accel_blackbox,44,OU,OU_200066,60.0,nan,pred_divergence,0
se3_accel_blackbox,44,OU,OU_200067,60.0,2.263019279486238,completed,0
se3_accel_blackbox,44,OU,OU_200068,60.0,13.264861622282911,completed,0
se3_accel_blackbox,44,OU,OU_200069,60.0,0.8083443357590294,completed,0
se3_accel_blackbox,44,OU,OU_200070,60.0,2.293013620914962,completed,0
se3_accel_blackbox,44,OU,OU_200071,60.0,1.422113651363874,completed,0
se3_accel_blackbox,45,PRBS,PRBS_42,60.0,4.435677462311251,completed,0
se3_accel_blackbox,45,PRBS,PRBS_43,60.0,1.1090439112674855,completed,0
se3_accel_blackbox,45,PRBS,PRBS_44,60.0,1.412528450529069,completed,0
se3_accel_blackbox,45,PRBS,PRBS_45,60.0,0.40092596758021487,completed,0
se3_accel_blackbox,45,PRBS,PRBS_46,60.0,2.4776067441898175,completed,0
se3_accel_blackbox,45,PRBS,PRBS_47,60.0,0.6937384537372241,completed,0
se3_accel_blackbox,45,PRBS,PRBS_48,60.0,3.200827891002173,completed,0
se3_accel_blackbox,45,PRBS,PRBS_49,60.0,0.5934085063629155,completed,0
se3_accel_blackbox,45,PRBS,PRBS_50,60.0,1.7035006726986885,completed,0
se3_accel_blackbox,45,PRBS,PRBS_51,60.0,1.388097248278543,completed,0
se3_accel_blackbox,45,PRBS,PRBS_52,60.0,0.6290873722766095,completed,0
se3_accel_blackbox,45,PRBS,PRBS_53,60.0,2.2209492679879226,completed,0
se3_accel_blackbox,45,PRBS,PRBS_54,60.0,1.184914172675799,completed,0
se3_accel_blackbox,45,PRBS,PRBS_55,60.0,0.5093192484033293,completed,0
se3_accel_blackbox,45,PRBS,PRBS_56,60.0,1.4549928543165076,completed,0
se3_accel_blackbox,45,PRBS,PRBS_57,60.0,0.5546724190294683,completed,0
se3_accel_blackbox,45,PRBS,PRBS_58,60.0,0.7787975859354163,completed,0
se3_accel_blackbox,45,PRBS,PRBS_59,60.0,2.0139242254437733,completed,0
se3_accel_blackbox,45,PRBS,PRBS_60,60.0,0.3599991853169798,completed,0
se3_accel_blackbox,45,PRBS,PRBS_61,60.0,1.2580830674115904,completed,0
se3_accel_blackbox,45,PRBS,PRBS_62,60.0,4.905431191810394,completed,0
se3_accel_blackbox,45,PRBS,PRBS_63,60.0,2.575218900611019,completed,0
se3_accel_blackbox,45,PRBS,PRBS_64,60.0,0.853796269923617,completed,0
se3_accel_blackbox,45,PRBS,PRBS_65,60.0,2.045876828979518,completed,0
se3_accel_blackbox,45,PRBS,PRBS_66,60.0,2.17411655672679,completed,0
se3_accel_blackbox,45,PRBS,PRBS_67,60.0,0.7960920340524127,completed,0
se3_accel_blackbox,45,PRBS,PRBS_68,60.0,2.858603145366108,completed,0
se3_accel_blackbox,45,PRBS,PRBS_69,60.0,0.3704832872699631,completed,0
se3_accel_blackbox,45,PRBS,PRBS_70,60.0,1.523060035328417,completed,0
se3_accel_blackbox,45,PRBS,PRBS_71,60.0,0.9654470860839772,completed,0
se3_accel_blackbox,45,CHIRP,CHIRP_100042,60.0,1.4591648506486707,completed,0
se3_accel_blackbox,45,CHIRP,CHIRP_100043,60.0,1.0013173390942816,completed,0
se3_accel_blackbox,45,CHIRP,CHIRP_100044,60.0,1.6121923998528986,completed,0
se3_accel_blackbox,45,CHIRP,CHIRP_100045,60.0,1.4874290839224644,completed,0
se3_accel_blackbox,45,CHIRP,CHIRP_100046,60.0,1.4727564058484002,completed,0
se3_accel_blackbox,45,CHIRP,CHIRP_100047,60.0,0.8315752264307457,completed,0
se3_accel_blackbox,45,CHIRP,CHIRP_100048,60.0,3.5659433441173336,completed,0
se3_accel_blackbox,45,CHIRP,CHIRP_100049,60.0,2.3255173877663604,completed,0
se3_accel_blackbox,45,CHIRP,CHIRP_100050,60.0,1.8541759817187067,completed,0
se3_accel_blackbox,45,CHIRP,CHIRP_100051,60.0,1.2514773078289614,completed,0
se3_accel_blackbox,45,CHIRP,CHIRP_100052,60.0,2.5826491856116967,completed,0
se3_accel_blackbox,45,CHIRP,CHIRP_100053,60.0,0.9239001897814358,completed,0
se3_accel_blackbox,45,CHIRP,CHIRP_100054,60.0,1.445453240662378,completed,0
se3_accel_blackbox,45,CHIRP,CHIRP_100055,60.0,1.9702846727595198,completed,0
se3_accel_blackbox,45,CHIRP,CHIRP_100056,60.0,0.9505501734912783,completed,0
se3_accel_blackbox,45,CHIRP,CHIRP_100057,60.0,1.2457654877293276,completed,0
se3_accel_blackbox,45,CHIRP,CHIRP_100058,60.0,1.8623755461996783,completed,0
se3_accel_blackbox,45,CHIRP,CHIRP_100059,60.0,1.531540279883447,completed,0
se3_accel_blackbox,45,CHIRP,CHIRP_100060,60.0,0.808864232353047,completed,0
se3_accel_blackbox,45,CHIRP,CHIRP_100061,60.0,1.7983375570246902,completed,0
se3_accel_blackbox,45,CHIRP,CHIRP_100062,60.0,2.047268837734586,completed,0
se3_accel_blackbox,45,CHIRP,CHIRP_100063,60.0,1.3585508132913695,completed,0
se3_accel_blackbox,45,CHIRP,CHIRP_100064,60.0,2.541472284502983,completed,0
se3_accel_blackbox,45,CHIRP,CHIRP_100065,60.0,2.4385223291389027,completed,0
se3_accel_blackbox,45,CHIRP,CHIRP_100066,60.0,0.5502811891236657,completed,0
se3_accel_blackbox,45,CHIRP,CHIRP_100067,60.0,1.2251518860660766,completed,0
se3_accel_blackbox,45,CHIRP,CHIRP_100068,60.0,1.4323167205558711,completed,0
se3_accel_blackbox,45,CHIRP,CHIRP_100069,60.0,1.1971526373763723,completed,0
se3_accel_blackbox,45,CHIRP,CHIRP_100070,60.0,3.110001560970764,completed,0
se3_accel_blackbox,45,CHIRP,CHIRP_100071,60.0,1.570330047514486,completed,0
se3_accel_blackbox,45,OU,OU_200042,60.0,1.4034965451631984,completed,0
se3_accel_blackbox,45,OU,OU_200043,60.0,1.239786980459289,completed,0
se3_accel_blackbox,45,OU,OU_200044,60.0,0.8102469623403763,completed,0
se3_accel_blackbox,45,OU,OU_200045,60.0,5.930981754664325,completed,0
se3_accel_blackbox,45,OU,OU_200046,60.0,2.0917194535224453,completed,0
se3_accel_blackbox,45,OU,OU_200047,60.0,3.7993494639544902,completed,0
se3_accel_blackbox,45,OU,OU_200048,60.0,2.877932601941559,completed,0
se3_accel_blackbox,45,OU,OU_200049,60.0,1.898700006020672,completed,0
se3_accel_blackbox,45,OU,OU_200050,60.0,4.143784861833883,completed,0
se3_accel_blackbox,45,OU,OU_200051,60.0,2.902356125782342,completed,0
se3_accel_blackbox,45,OU,OU_200052,60.0,4.290142656049192,completed,0
se3_accel_blackbox,45,OU,OU_200053,60.0,1.0463066412063484,completed,0
se3_accel_blackbox,45,OU,OU_200054,60.0,1.490943528487675,completed,0
se3_accel_blackbox,45,OU,OU_200055,60.0,1.077170166385518,completed,0
se3_accel_blackbox,45,OU,OU_200056,60.0,2.57981179348619,completed,0
se3_accel_blackbox,45,OU,OU_200057,60.0,0.9975200162195909,completed,0
se3_accel_blackbox,45,OU,OU_200058,60.0,1.3763011875689102,completed,0
se3_accel_blackbox,45,OU,OU_200059,60.0,2.317371484804746,completed,0
se3_accel_blackbox,45,OU,OU_200060,60.0,1.8742328317716328,completed,0
se3_accel_blackbox,45,OU,OU_200061,60.0,3.5705326727638655,completed,0
se3_accel_blackbox,45,OU,OU_200062,60.0,3.0716605139159596,completed,0
se3_accel_blackbox,45,OU,OU_200063,60.0,0.8723542929787748,completed,0
se3_accel_blackbox,45,OU,OU_200064,60.0,2.630553350194178,completed,0
se3_accel_blackbox,45,OU,OU_200065,60.0,2.665014399473538,completed,0
se3_accel_blackbox,45,OU,OU_200066,60.0,nan,pred_divergence,0
se3_accel_blackbox,45,OU,OU_200067,60.0,0.6012145035038673,completed,0
se3_accel_blackbox,45,OU,OU_200068,60.0,1.7385783899531044,completed,0
se3_accel_blackbox,45,OU,OU_200069,60.0,1.240800343905238,completed,0
se3_accel_blackbox,45,OU,OU_200070,60.0,1.0495271945880535,completed,0
se3_accel_blackbox,45,OU,OU_200071,60.0,0.7139007546360352,completed,0
se3_accel_blackbox,46,PRBS,PRBS_42,60.0,0.9376515086682713,completed,0
se3_accel_blackbox,46,PRBS,PRBS_43,60.0,1.1426366194932407,completed,0
se3_accel_blackbox,46,PRBS,PRBS_44,60.0,2.5348285283263943,completed,0
se3_accel_blackbox,46,PRBS,PRBS_45,60.0,0.6592965821480962,completed,0
se3_accel_blackbox,46,PRBS,PRBS_46,60.0,3.517580331277295,completed,0
se3_accel_blackbox,46,PRBS,PRBS_47,60.0,0.7309252874573794,completed,0
se3_accel_blackbox,46,PRBS,PRBS_48,60.0,0.5566624543397899,completed,0
se3_accel_blackbox,46,PRBS,PRBS_49,60.0,0.5242293179548079,completed,0
se3_accel_blackbox,46,PRBS,PRBS_50,60.0,0.8128307187596907,completed,0
se3_accel_blackbox,46,PRBS,PRBS_51,60.0,0.5242832727736053,completed,0
se3_accel_blackbox,46,PRBS,PRBS_52,60.0,1.5936931797262404,completed,0
se3_accel_blackbox,46,PRBS,PRBS_53,60.0,1.392450613769719,completed,0
se3_accel_blackbox,46,PRBS,PRBS_54,60.0,1.7231721995752278,completed,0
se3_accel_blackbox,46,PRBS,PRBS_55,60.0,0.03828001813009482,completed,0
se3_accel_blackbox,46,PRBS,PRBS_56,60.0,1.3088719685306267,completed,0
se3_accel_blackbox,46,PRBS,PRBS_57,60.0,1.3058453789495388,completed,0
se3_accel_blackbox,46,PRBS,PRBS_58,60.0,0.4492884831414392,completed,0
se3_accel_blackbox,46,PRBS,PRBS_59,60.0,2.9098722087287205,completed,0
se3_accel_blackbox,46,PRBS,PRBS_60,60.0,1.2160235411412148,completed,0
se3_accel_blackbox,46,PRBS,PRBS_61,60.0,0.4054457666282751,completed,0
se3_accel_blackbox,46,PRBS,PRBS_62,60.0,3.9702489717297746,completed,0
se3_accel_blackbox,46,PRBS,PRBS_63,60.0,0.49551409907073096,completed,0
se3_accel_blackbox,46,PRBS,PRBS_64,60.0,1.4835808640856798,completed,0
se3_accel_blackbox,46,PRBS,PRBS_65,60.0,0.9975424804922505,completed,0
se3_accel_blackbox,46,PRBS,PRBS_66,60.0,0.491186404306601,completed,0
se3_accel_blackbox,46,PRBS,PRBS_67,60.0,1.3993692710683414,completed,0
se3_accel_blackbox,46,PRBS,PRBS_68,60.0,1.4992882999926438,completed,0
se3_accel_blackbox,46,PRBS,PRBS_69,60.0,0.92663343531802,completed,0
se3_accel_blackbox,46,PRBS,PRBS_70,60.0,1.366237045585138,completed,0
se3_accel_blackbox,46,PRBS,PRBS_71,60.0,1.202403315082364,completed,0
se3_accel_blackbox,46,CHIRP,CHIRP_100042,60.0,0.5386576127994616,completed,0
se3_accel_blackbox,46,CHIRP,CHIRP_100043,60.0,1.6104780834572936,completed,0
se3_accel_blackbox,46,CHIRP,CHIRP_100044,60.0,0.7196794997102283,completed,0
se3_accel_blackbox,46,CHIRP,CHIRP_100045,60.0,1.3748176235510992,completed,0
se3_accel_blackbox,46,CHIRP,CHIRP_100046,60.0,1.2814918446232715,completed,0
se3_accel_blackbox,46,CHIRP,CHIRP_100047,60.0,1.539937694259587,completed,0
se3_accel_blackbox,46,CHIRP,CHIRP_100048,60.0,0.4548082903918032,completed,0
se3_accel_blackbox,46,CHIRP,CHIRP_100049,60.0,0.7522116641358643,completed,0
se3_accel_blackbox,46,CHIRP,CHIRP_100050,60.0,0.2474829822783829,completed,0
se3_accel_blackbox,46,CHIRP,CHIRP_100051,60.0,0.03160174503789456,completed,0
se3_accel_blackbox,46,CHIRP,CHIRP_100052,60.0,1.0217264300773572,completed,0
se3_accel_blackbox,46,CHIRP,CHIRP_100053,60.0,0.595901582718303,completed,0
se3_accel_blackbox,46,CHIRP,CHIRP_100054,60.0,0.3339237206379548,completed,0
se3_accel_blackbox,46,CHIRP,CHIRP_100055,60.0,0.6811557289331054,completed,0
se3_accel_blackbox,46,CHIRP,CHIRP_100056,60.0,0.6333781129105814,completed,0
se3_accel_blackbox,46,CHIRP,CHIRP_100057,60.0,0.48262290606979297,completed,0
se3_accel_blackbox,46,CHIRP,CHIRP_100058,60.0,0.4997568504070385,completed,0
se3_accel_blackbox,46,CHIRP,CHIRP_100059,60.0,0.09027566473328523,completed,0
se3_accel_blackbox,46,CHIRP,CHIRP_100060,60.0,0.6301973966747136,completed,0
se3_accel_blackbox,46,CHIRP,CHIRP_100061,60.0,0.7715693075456522,completed,0
se3_accel_blackbox,46,CHIRP,CHIRP_100062,60.0,0.344367618171294,completed,0
se3_accel_blackbox,46,CHIRP,CHIRP_100063,60.0,0.22363629696051218,completed,0
se3_accel_blackbox,46,CHIRP,CHIRP_100064,60.0,2.0461610181566483,completed,0
se3_accel_blackbox,46,CHIRP,CHIRP_100065,60.0,0.8699723034835796,completed,0
se3_accel_blackbox,46,CHIRP,CHIRP_100066,60.0,1.4978301540943653,completed,0
se3_accel_blackbox,46,CHIRP,CHIRP_100067,60.0,0.33452230256096954,completed,0
se3_accel_blackbox,46,CHIRP,CHIRP_100068,60.0,1.1496487953341448,completed,0
se3_accel_blackbox,46,CHIRP,CHIRP_100069,60.0,0.31151874812467617,completed,0
se3_accel_blackbox,46,CHIRP,CHIRP_100070,60.0,1.391793212048217,completed,0
se3_accel_blackbox,46,CHIRP,CHIRP_100071,60.0,0.215582218218878,completed,0
se3_accel_blackbox,46,OU,OU_200042,60.0,0.7845042476075366,completed,0
se3_accel_blackbox,46,OU,OU_200043,60.0,0.39256254668323726,completed,0
se3_accel_blackbox,46,OU,OU_200044,60.0,1.9763219852953453,completed,0
se3_accel_blackbox,46,OU,OU_200045,60.0,1.6900567875552903,completed,0
se3_accel_blackbox,46,OU,OU_200046,60.0,2.9680215807230854,completed,0
se3_accel_blackbox,46,OU,OU_200047,60.0,0.3276416871849215,completed,0
se3_accel_blackbox,46,OU,OU_200048,60.0,5.864077824239845,completed,0
se3_accel_blackbox,46,OU,OU_200049,60.0,2.361500686038795,completed,0
se3_accel_blackbox,46,OU,OU_200050,60.0,1.4787475637011753,completed,0
se3_accel_blackbox,46,OU,OU_200051,60.0,nan,pred_divergence,0
se3_accel_blackbox,46,OU,OU_200052,60.0,0.7624602417920209,completed,0
se3_accel_blackbox,46,OU,OU_200053,60.0,2.223817893567567,completed,0
se3_accel_blackbox,46,OU,OU_200054,60.0,1.908206077978948,completed,0
se3_accel_blackbox,46,OU,OU_200055,60.0,2.0300713277693396,completed,0
se3_accel_blackbox,46,OU,OU_200056,60.0,1.3256364570930914,completed,0
se3_accel_blackbox,46,OU,OU_200057,60.0,1.5926579810536583,completed,0
se3_accel_blackbox,46,OU,OU_200058,60.0,0.902618483694068,completed,0
se3_accel_blackbox,46,OU,OU_200059,60.0,0.7635530353724581,completed,0
se3_accel_blackbox,46,OU,OU_200060,60.0,0.5865424083275326,completed,0
se3_accel_blackbox,46,OU,OU_200061,60.0,5.95803894319538,completed,0
se3_accel_blackbox,46,OU,OU_200062,60.0,2.7373168453466814,completed,0
se3_accel_blackbox,46,OU,OU_200063,60.0,0.9204559344520866,completed,0
se3_accel_blackbox,46,OU,OU_200064,60.0,2.23276850965443,completed,0
se3_accel_blackbox,46,OU,OU_200065,60.0,0.9625477707696731,completed,0
se3_accel_blackbox,46,OU,OU_200066,60.0,0.9333495781281277,completed,0
se3_accel_blackbox,46,OU,OU_200067,60.0,0.7018894437668208,completed,0
se3_accel_blackbox,46,OU,OU_200068,60.0,3.9836677072979603,completed,0
se3_accel_blackbox,46,OU,OU_200069,60.0,1.7776709976594618,completed,0
se3_accel_blackbox,46,OU,OU_200070,60.0,5.0386287271445696,completed,0
se3_accel_blackbox,46,OU,OU_200071,60.0,0.9859515265940845,completed,0
phnode_qforce,42,PRBS,PRBS_42,60.0,12.207549092479061,completed,0
phnode_qforce,42,PRBS,PRBS_43,60.0,5.996085083596042,completed,0
phnode_qforce,42,PRBS,PRBS_44,60.0,2.634940856512683,completed,0
phnode_qforce,42,PRBS,PRBS_45,60.0,4.44895018881968,completed,0
phnode_qforce,42,PRBS,PRBS_46,60.0,3.785511950981973,completed,0
phnode_qforce,42,PRBS,PRBS_47,60.0,5.278231669960702,completed,0
phnode_qforce,42,PRBS,PRBS_48,60.0,2.8561807568770896,completed,0
phnode_qforce,42,PRBS,PRBS_49,60.0,3.827005988086137,completed,0
phnode_qforce,42,PRBS,PRBS_50,60.0,4.184732794799684,completed,0
phnode_qforce,42,PRBS,PRBS_51,60.0,3.3165779146591543,completed,0
phnode_qforce,42,PRBS,PRBS_52,60.0,3.1588328325589967,completed,0
phnode_qforce,42,PRBS,PRBS_53,60.0,4.819403875264581,completed,0
phnode_qforce,42,PRBS,PRBS_54,60.0,1.227669941309067,completed,0
phnode_qforce,42,PRBS,PRBS_55,60.0,2.300287413965604,completed,0
phnode_qforce,42,PRBS,PRBS_56,60.0,4.443251120564816,completed,0
phnode_qforce,42,PRBS,PRBS_57,60.0,5.963480491964344,completed,0
phnode_qforce,42,PRBS,PRBS_58,60.0,6.91896534841024,completed,0
phnode_qforce,42,PRBS,PRBS_59,60.0,6.100855307845332,completed,0
phnode_qforce,42,PRBS,PRBS_60,60.0,2.7636333335661183,completed,0
phnode_qforce,42,PRBS,PRBS_61,60.0,1.7941993696641034,completed,0
phnode_qforce,42,PRBS,PRBS_62,60.0,6.218442460489574,completed,0
phnode_qforce,42,PRBS,PRBS_63,60.0,10.66150259256216,completed,0
phnode_qforce,42,PRBS,PRBS_64,60.0,4.9722759860063395,completed,0
phnode_qforce,42,PRBS,PRBS_65,60.0,4.4997885359630985,completed,0
phnode_qforce,42,PRBS,PRBS_66,60.0,5.819314032754963,completed,0
phnode_qforce,42,PRBS,PRBS_67,60.0,7.328450987253339,completed,0
phnode_qforce,42,PRBS,PRBS_68,60.0,8.472377672080952,completed,0
phnode_qforce,42,PRBS,PRBS_69,60.0,5.128846434654482,completed,0
phnode_qforce,42,PRBS,PRBS_70,60.0,5.38644257025094,completed,0
phnode_qforce,42,PRBS,PRBS_71,60.0,9.367020174123562,completed,0
phnode_qforce,42,CHIRP,CHIRP_100042,60.0,1.8552330255126648,completed,0
phnode_qforce,42,CHIRP,CHIRP_100043,60.0,4.460623296775097,completed,0
phnode_qforce,42,CHIRP,CHIRP_100044,60.0,2.1302116286770167,completed,0
phnode_qforce,42,CHIRP,CHIRP_100045,60.0,2.0383958979885715,completed,0
phnode_qforce,42,CHIRP,CHIRP_100046,60.0,1.855578695242437,completed,0
phnode_qforce,42,CHIRP,CHIRP_100047,60.0,3.1052306870320106,completed,0
phnode_qforce,42,CHIRP,CHIRP_100048,60.0,3.031662606657103,completed,0
phnode_qforce,42,CHIRP,CHIRP_100049,60.0,2.4082268585749347,completed,0
phnode_qforce,42,CHIRP,CHIRP_100050,60.0,2.2426988374956047,completed,0
phnode_qforce,42,CHIRP,CHIRP_100051,60.0,1.5163251786262133,completed,0
phnode_qforce,42,CHIRP,CHIRP_100052,60.0,2.060791353329916,completed,0
phnode_qforce,42,CHIRP,CHIRP_100053,60.0,3.1407788163578876,completed,0
phnode_qforce,42,CHIRP,CHIRP_100054,60.0,3.0563141028818146,completed,0
phnode_qforce,42,CHIRP,CHIRP_100055,60.0,3.4939119857726184,completed,0
phnode_qforce,42,CHIRP,CHIRP_100056,60.0,1.992345890240011,completed,0
phnode_qforce,42,CHIRP,CHIRP_100057,60.0,3.7590612577449005,completed,0
phnode_qforce,42,CHIRP,CHIRP_100058,60.0,4.4874054079209476,completed,0
phnode_qforce,42,CHIRP,CHIRP_100059,60.0,1.9381566768571892,completed,0
phnode_qforce,42,CHIRP,CHIRP_100060,60.0,4.627613526628947,completed,0
phnode_qforce,42,CHIRP,CHIRP_100061,60.0,1.1108005683526558,completed,0
phnode_qforce,42,CHIRP,CHIRP_100062,60.0,1.7713623084747783,completed,0
phnode_qforce,42,CHIRP,CHIRP_100063,60.0,1.5743866153695205,completed,0
phnode_qforce,42,CHIRP,CHIRP_100064,60.0,4.634904776712621,completed,0
phnode_qforce,42,CHIRP,CHIRP_100065,60.0,4.432967157082568,completed,0
phnode_qforce,42,CHIRP,CHIRP_100066,60.0,3.6537164582326267,completed,0
phnode_qforce,42,CHIRP,CHIRP_100067,60.0,4.59337342655656,completed,0
phnode_qforce,42,CHIRP,CHIRP_100068,60.0,1.2533966739791063,completed,0
phnode_qforce,42,CHIRP,CHIRP_100069,60.0,0.9221207155967641,completed,0
phnode_qforce,42,CHIRP,CHIRP_100070,60.0,1.5692216978618543,completed,0
phnode_qforce,42,CHIRP,CHIRP_100071,60.0,2.897568608829743,completed,0
phnode_qforce,42,OU,OU_200042,60.0,5.809701840226938,completed,0
phnode_qforce,42,OU,OU_200043,60.0,13.0496021052674,completed,0
phnode_qforce,42,OU,OU_200044,60.0,2.7641538832442456,completed,0
phnode_qforce,42,OU,OU_200045,60.0,4.544434464432374,completed,0
phnode_qforce,42,OU,OU_200046,60.0,15.212596191491059,completed,0
phnode_qforce,42,OU,OU_200047,60.0,3.464342965904295,completed,0
phnode_qforce,42,OU,OU_200048,60.0,10.923398353637541,completed,0
phnode_qforce,42,OU,OU_200049,60.0,7.96756455133267,completed,0
phnode_qforce,42,OU,OU_200050,60.0,12.671313698772833,completed,0
phnode_qforce,42,OU,OU_200051,60.0,nan,pred_divergence,0
phnode_qforce,42,OU,OU_200052,60.0,5.895140772580541,completed,0
phnode_qforce,42,OU,OU_200053,60.0,14.576024234701046,completed,0
phnode_qforce,42,OU,OU_200054,60.0,7.111232289886556,completed,0
phnode_qforce,42,OU,OU_200055,60.0,15.197032008558683,completed,0
phnode_qforce,42,OU,OU_200056,60.0,6.385147714490275,completed,0
phnode_qforce,42,OU,OU_200057,60.0,15.31743754105182,completed,0
phnode_qforce,42,OU,OU_200058,60.0,0.7205140599215596,completed,0
phnode_qforce,42,OU,OU_200059,60.0,13.62227384962809,completed,0
phnode_qforce,42,OU,OU_200060,60.0,13.805923592368586,completed,0
phnode_qforce,42,OU,OU_200061,60.0,4.1454647230424335,completed,0
phnode_qforce,42,OU,OU_200062,60.0,3.4852642371665947,completed,0
phnode_qforce,42,OU,OU_200063,60.0,4.529208854087585,completed,0
phnode_qforce,42,OU,OU_200064,60.0,2.951747104120241,completed,0
phnode_qforce,42,OU,OU_200065,60.0,2.673541801950627,completed,0
phnode_qforce,42,OU,OU_200066,60.0,1.5790972307353859,completed,0
phnode_qforce,42,OU,OU_200067,60.0,11.15578403092749,completed,0
phnode_qforce,42,OU,OU_200068,60.0,8.085222530725948,completed,0
phnode_qforce,42,OU,OU_200069,60.0,1.65063796470398,completed,0
phnode_qforce,42,OU,OU_200070,60.0,3.9802301191429392,completed,0
phnode_qforce,42,OU,OU_200071,60.0,8.748700482591536,completed,0
phnode_qforce,43,PRBS,PRBS_42,60.0,1.7692281711594593,completed,0
phnode_qforce,43,PRBS,PRBS_43,60.0,1.3450954996331355,completed,0
phnode_qforce,43,PRBS,PRBS_44,60.0,0.4998990916224007,completed,0
phnode_qforce,43,PRBS,PRBS_45,60.0,1.5024430655078735,completed,0
phnode_qforce,43,PRBS,PRBS_46,60.0,1.2652917190192008,completed,0
phnode_qforce,43,PRBS,PRBS_47,60.0,0.47073719242321926,completed,0
phnode_qforce,43,PRBS,PRBS_48,60.0,2.321362329082133,completed,0
phnode_qforce,43,PRBS,PRBS_49,60.0,1.766712853431791,completed,0
phnode_qforce,43,PRBS,PRBS_50,60.0,2.0457223037451353,completed,0
phnode_qforce,43,PRBS,PRBS_51,60.0,0.6693317250423197,completed,0
phnode_qforce,43,PRBS,PRBS_52,60.0,0.6093197697925559,completed,0
phnode_qforce,43,PRBS,PRBS_53,60.0,1.2421280774950427,completed,0
phnode_qforce,43,PRBS,PRBS_54,60.0,0.3288317806668282,completed,0
phnode_qforce,43,PRBS,PRBS_55,60.0,0.6972121913579645,completed,0
phnode_qforce,43,PRBS,PRBS_56,60.0,0.9270026876195934,completed,0
phnode_qforce,43,PRBS,PRBS_57,60.0,0.35478824489231536,completed,0
phnode_qforce,43,PRBS,PRBS_58,60.0,0.499136751887086,completed,0
phnode_qforce,43,PRBS,PRBS_59,60.0,1.0358893151564343,completed,0
phnode_qforce,43,PRBS,PRBS_60,60.0,0.6729445647740251,completed,0
phnode_qforce,43,PRBS,PRBS_61,60.0,2.8097194935303866,completed,0
phnode_qforce,43,PRBS,PRBS_62,60.0,0.6411738862352936,completed,0
phnode_qforce,43,PRBS,PRBS_63,60.0,1.498893967521686,completed,0
phnode_qforce,43,PRBS,PRBS_64,60.0,0.6124683889192827,completed,0
phnode_qforce,43,PRBS,PRBS_65,60.0,1.220945702355878,completed,0
phnode_qforce,43,PRBS,PRBS_66,60.0,1.1802121216751575,completed,0
phnode_qforce,43,PRBS,PRBS_67,60.0,0.7665215797746491,completed,0
phnode_qforce,43,PRBS,PRBS_68,60.0,4.754432754919483,completed,0
phnode_qforce,43,PRBS,PRBS_69,60.0,4.75219610407274,completed,0
phnode_qforce,43,PRBS,PRBS_70,60.0,1.1576713510963028,completed,0
phnode_qforce,43,PRBS,PRBS_71,60.0,0.42162096549095524,completed,0
phnode_qforce,43,CHIRP,CHIRP_100042,60.0,2.59038714808753,completed,0
phnode_qforce,43,CHIRP,CHIRP_100043,60.0,0.5666768571919942,completed,0
phnode_qforce,43,CHIRP,CHIRP_100044,60.0,3.4036730858297553,completed,0
phnode_qforce,43,CHIRP,CHIRP_100045,60.0,1.865336614877811,completed,0
phnode_qforce,43,CHIRP,CHIRP_100046,60.0,1.3557182067203664,completed,0
phnode_qforce,43,CHIRP,CHIRP_100047,60.0,3.0199860346435763,completed,0
phnode_qforce,43,CHIRP,CHIRP_100048,60.0,2.245502642952083,completed,0
phnode_qforce,43,CHIRP,CHIRP_100049,60.0,3.3342755199143057,completed,0
phnode_qforce,43,CHIRP,CHIRP_100050,60.0,2.847436500214798,completed,0
phnode_qforce,43,CHIRP,CHIRP_100051,60.0,2.472865158549858,completed,0
phnode_qforce,43,CHIRP,CHIRP_100052,60.0,2.9147873165680376,completed,0
phnode_qforce,43,CHIRP,CHIRP_100053,60.0,3.6492962692505575,completed,0
phnode_qforce,43,CHIRP,CHIRP_100054,60.0,1.1320813350000285,completed,0
phnode_qforce,43,CHIRP,CHIRP_100055,60.0,3.130809107801976,completed,0
phnode_qforce,43,CHIRP,CHIRP_100056,60.0,2.575585530679061,completed,0
phnode_qforce,43,CHIRP,CHIRP_100057,60.0,1.9947146370360092,completed,0
phnode_qforce,43,CHIRP,CHIRP_100058,60.0,2.7666532400248403,completed,0
phnode_qforce,43,CHIRP,CHIRP_100059,60.0,2.0770592555589773,completed,0
phnode_qforce,43,CHIRP,CHIRP_100060,60.0,1.441940005089809,completed,0
phnode_qforce,43,CHIRP,CHIRP_100061,60.0,2.009403853116393,completed,0
phnode_qforce,43,CHIRP,CHIRP_100062,60.0,2.620707107182329,completed,0
phnode_qforce,43,CHIRP,CHIRP_100063,60.0,1.7286076713180845,completed,0
phnode_qforce,43,CHIRP,CHIRP_100064,60.0,2.759403597944192,completed,0
phnode_qforce,43,CHIRP,CHIRP_100065,60.0,3.455300510366486,completed,0
phnode_qforce,43,CHIRP,CHIRP_100066,60.0,2.5116669110001406,completed,0
phnode_qforce,43,CHIRP,CHIRP_100067,60.0,3.2385276162092054,completed,0
phnode_qforce,43,CHIRP,CHIRP_100068,60.0,1.8491387320741866,completed,0
phnode_qforce,43,CHIRP,CHIRP_100069,60.0,3.084284100990464,completed,0
phnode_qforce,43,CHIRP,CHIRP_100070,60.0,2.0182937007152195,completed,0
phnode_qforce,43,CHIRP,CHIRP_100071,60.0,3.195792388866678,completed,0
phnode_qforce,43,OU,OU_200042,60.0,2.1797061363989587,completed,0
phnode_qforce,43,OU,OU_200043,60.0,2.086091216027952,completed,0
phnode_qforce,43,OU,OU_200044,60.0,1.3577484864031613,completed,0
phnode_qforce,43,OU,OU_200045,60.0,5.969383362229387,completed,0
phnode_qforce,43,OU,OU_200046,60.0,3.205003639281256,completed,0
phnode_qforce,43,OU,OU_200047,60.0,2.1867223401652227,completed,0
phnode_qforce,43,OU,OU_200048,60.0,0.9066944089345508,completed,0
phnode_qforce,43,OU,OU_200049,60.0,4.584965491333651,completed,0
phnode_qforce,43,OU,OU_200050,60.0,1.0791661404693629,completed,0
phnode_qforce,43,OU,OU_200051,60.0,nan,pred_divergence,0
phnode_qforce,43,OU,OU_200052,60.0,3.161250163235183,completed,0
phnode_qforce,43,OU,OU_200053,60.0,4.236149172283859,completed,0
phnode_qforce,43,OU,OU_200054,60.0,0.5810938422669308,completed,0
phnode_qforce,43,OU,OU_200055,60.0,5.377517708337938,completed,0
phnode_qforce,43,OU,OU_200056,60.0,1.3374587055627598,completed,0
phnode_qforce,43,OU,OU_200057,60.0,4.564492054082516,completed,0
phnode_qforce,43,OU,OU_200058,60.0,1.858405727699578,completed,0
phnode_qforce,43,OU,OU_200059,60.0,5.587627321813213,completed,0
phnode_qforce,43,OU,OU_200060,60.0,2.7609371849996815,completed,0
phnode_qforce,43,OU,OU_200061,60.0,1.9958244232901072,completed,0
phnode_qforce,43,OU,OU_200062,60.0,5.518026015304575,completed,0
phnode_qforce,43,OU,OU_200063,60.0,1.1665899341156738,completed,0
phnode_qforce,43,OU,OU_200064,60.0,3.1304505880290416,completed,0
phnode_qforce,43,OU,OU_200065,60.0,1.3200608578218358,completed,0
phnode_qforce,43,OU,OU_200066,60.0,1.829638636039622,completed,0
phnode_qforce,43,OU,OU_200067,60.0,2.4936215605946463,completed,0
phnode_qforce,43,OU,OU_200068,60.0,6.624120613678265,completed,0
phnode_qforce,43,OU,OU_200069,60.0,0.577333426259493,completed,0
phnode_qforce,43,OU,OU_200070,60.0,2.3666963184242342,completed,0
phnode_qforce,43,OU,OU_200071,60.0,2.3090796531960387,completed,0
phnode_qforce,44,PRBS,PRBS_42,60.0,12.01568246604414,completed,0
phnode_qforce,44,PRBS,PRBS_43,60.0,4.62520665122114,completed,0
phnode_qforce,44,PRBS,PRBS_44,60.0,2.462173523844847,completed,0
phnode_qforce,44,PRBS,PRBS_45,60.0,5.621882032551455,completed,0
phnode_qforce,44,PRBS,PRBS_46,60.0,3.011989963578656,completed,0
phnode_qforce,44,PRBS,PRBS_47,60.0,1.197628512079302,completed,0
phnode_qforce,44,PRBS,PRBS_48,60.0,3.449669947317272,completed,0
phnode_qforce,44,PRBS,PRBS_49,60.0,5.3151104749375735,completed,0
phnode_qforce,44,PRBS,PRBS_50,60.0,3.0636813230887645,completed,0
phnode_qforce,44,PRBS,PRBS_51,60.0,3.1903981716852794,completed,0
phnode_qforce,44,PRBS,PRBS_52,60.0,4.48976428157839,completed,0
phnode_qforce,44,PRBS,PRBS_53,60.0,2.1227860609427895,completed,0
phnode_qforce,44,PRBS,PRBS_54,60.0,2.272002155271361,completed,0
phnode_qforce,44,PRBS,PRBS_55,60.0,4.318262422816612,completed,0
phnode_qforce,44,PRBS,PRBS_56,60.0,5.293202711183166,completed,0
phnode_qforce,44,PRBS,PRBS_57,60.0,4.3615926019479065,completed,0
phnode_qforce,44,PRBS,PRBS_58,60.0,5.4597817770946095,completed,0
phnode_qforce,44,PRBS,PRBS_59,60.0,3.012983510654072,completed,0
phnode_qforce,44,PRBS,PRBS_60,60.0,3.9756028745211918,completed,0
phnode_qforce,44,PRBS,PRBS_61,60.0,5.2527402514310735,completed,0
phnode_qforce,44,PRBS,PRBS_62,60.0,5.087269513322643,completed,0
phnode_qforce,44,PRBS,PRBS_63,60.0,6.706128388093972,completed,0
phnode_qforce,44,PRBS,PRBS_64,60.0,5.0296622957084995,completed,0
phnode_qforce,44,PRBS,PRBS_65,60.0,2.3260459473846975,completed,0
phnode_qforce,44,PRBS,PRBS_66,60.0,6.8460951919091215,completed,0
phnode_qforce,44,PRBS,PRBS_67,60.0,6.473212275029761,completed,0
phnode_qforce,44,PRBS,PRBS_68,60.0,6.6036302589640155,completed,0
phnode_qforce,44,PRBS,PRBS_69,60.0,5.099529782345745,completed,0
phnode_qforce,44,PRBS,PRBS_70,60.0,5.355395161889667,completed,0
phnode_qforce,44,PRBS,PRBS_71,60.0,9.33881746844983,completed,0
phnode_qforce,44,CHIRP,CHIRP_100042,60.0,2.2670124911405902,completed,0
phnode_qforce,44,CHIRP,CHIRP_100043,60.0,2.740498803054372,completed,0
phnode_qforce,44,CHIRP,CHIRP_100044,60.0,3.2442092339806186,completed,0
phnode_qforce,44,CHIRP,CHIRP_100045,60.0,2.668208817997206,completed,0
phnode_qforce,44,CHIRP,CHIRP_100046,60.0,1.4702381866514886,completed,0
phnode_qforce,44,CHIRP,CHIRP_100047,60.0,3.7943422698336224,completed,0
phnode_qforce,44,CHIRP,CHIRP_100048,60.0,3.9919395493276744,completed,0
phnode_qforce,44,CHIRP,CHIRP_100049,60.0,3.5394074453964457,completed,0
phnode_qforce,44,CHIRP,CHIRP_100050,60.0,2.1642858585833875,completed,0
phnode_qforce,44,CHIRP,CHIRP_100051,60.0,1.291934437558542,completed,0
phnode_qforce,44,CHIRP,CHIRP_100052,60.0,3.4749446348913002,completed,0
phnode_qforce,44,CHIRP,CHIRP_100053,60.0,3.8468305761977075,completed,0
phnode_qforce,44,CHIRP,CHIRP_100054,60.0,4.091044930499861,completed,0
phnode_qforce,44,CHIRP,CHIRP_100055,60.0,4.799794649777692,completed,0
phnode_qforce,44,CHIRP,CHIRP_100056,60.0,2.495942302730304,completed,0
phnode_qforce,44,CHIRP,CHIRP_100057,60.0,2.7293071226145846,completed,0
phnode_qforce,44,CHIRP,CHIRP_100058,60.0,4.810878974969052,completed,0
phnode_qforce,44,CHIRP,CHIRP_100059,60.0,3.3309626026268666,completed,0
phnode_qforce,44,CHIRP,CHIRP_100060,60.0,4.267395949336824,completed,0
phnode_qforce,44,CHIRP,CHIRP_100061,60.0,2.674954719615401,completed,0
phnode_qforce,44,CHIRP,CHIRP_100062,60.0,2.437756849929846,completed,0
phnode_qforce,44,CHIRP,CHIRP_100063,60.0,2.230277494205888,completed,0
phnode_qforce,44,CHIRP,CHIRP_100064,60.0,4.8887658537511065,completed,0
phnode_qforce,44,CHIRP,CHIRP_100065,60.0,4.480046432926159,completed,0
phnode_qforce,44,CHIRP,CHIRP_100066,60.0,3.6666647048300156,completed,0
phnode_qforce,44,CHIRP,CHIRP_100067,60.0,4.9308345813430305,completed,0
phnode_qforce,44,CHIRP,CHIRP_100068,60.0,3.6657524975881093,completed,0
phnode_qforce,44,CHIRP,CHIRP_100069,60.0,1.6484941321596984,completed,0
phnode_qforce,44,CHIRP,CHIRP_100070,60.0,2.9578569999381754,completed,0
phnode_qforce,44,CHIRP,CHIRP_100071,60.0,4.402807147804867,completed,0
phnode_qforce,44,OU,OU_200042,60.0,5.214207925024302,completed,0
phnode_qforce,44,OU,OU_200043,60.0,12.169080325963952,completed,0
phnode_qforce,44,OU,OU_200044,60.0,8.090787286958836,completed,0
phnode_qforce,44,OU,OU_200045,60.0,5.446803297451481,completed,0
phnode_qforce,44,OU,OU_200046,60.0,13.246976287205458,completed,0
phnode_qforce,44,OU,OU_200047,60.0,2.7257832651640106,completed,0
phnode_qforce,44,OU,OU_200048,60.0,13.564937632719214,completed,0
phnode_qforce,44,OU,OU_200049,60.0,10.538534622093557,completed,0
phnode_qforce,44,OU,OU_200050,60.0,7.690491187654038,completed,0
phnode_qforce,44,OU,OU_200051,60.0,nan,pred_divergence,0
phnode_qforce,44,OU,OU_200052,60.0,8.352661496444984,completed,0
phnode_qforce,44,OU,OU_200053,60.0,16.135295378858363,completed,0
phnode_qforce,44,OU,OU_200054,60.0,8.245676674980212,completed,0
phnode_qforce,44,OU,OU_200055,60.0,15.675252164191997,completed,0
phnode_qforce,44,OU,OU_200056,60.0,3.6909474210965802,completed,0
phnode_qforce,44,OU,OU_200057,60.0,14.546254997744784,completed,0
phnode_qforce,44,OU,OU_200058,60.0,1.0545423243439465,completed,0
phnode_qforce,44,OU,OU_200059,60.0,12.645771527728867,completed,0
phnode_qforce,44,OU,OU_200060,60.0,12.126583596518751,completed,0
phnode_qforce,44,OU,OU_200061,60.0,8.802014638155526,completed,0
phnode_qforce,44,OU,OU_200062,60.0,6.3521283309562815,completed,0
phnode_qforce,44,OU,OU_200063,60.0,6.480785279201873,completed,0
phnode_qforce,44,OU,OU_200064,60.0,7.640672324959814,completed,0
phnode_qforce,44,OU,OU_200065,60.0,4.280237626647648,completed,0
phnode_qforce,44,OU,OU_200066,60.0,5.653690513411688,completed,0
phnode_qforce,44,OU,OU_200067,60.0,8.409385954330157,completed,0
phnode_qforce,44,OU,OU_200068,60.0,5.246091056975682,completed,0
phnode_qforce,44,OU,OU_200069,60.0,4.69226783354687,completed,0
phnode_qforce,44,OU,OU_200070,60.0,2.2077262861218205,completed,0
phnode_qforce,44,OU,OU_200071,60.0,9.902182761557238,completed,0
phnode_qforce,45,PRBS,PRBS_42,60.0,9.52190414763884,completed,0
phnode_qforce,45,PRBS,PRBS_43,60.0,3.1890137217738017,completed,0
phnode_qforce,45,PRBS,PRBS_44,60.0,3.4084207567511764,completed,0
phnode_qforce,45,PRBS,PRBS_45,60.0,6.605943965281617,completed,0
phnode_qforce,45,PRBS,PRBS_46,60.0,4.412833970595636,completed,0
phnode_qforce,45,PRBS,PRBS_47,60.0,5.075985187850133,completed,0
phnode_qforce,45,PRBS,PRBS_48,60.0,2.624541855195014,completed,0
phnode_qforce,45,PRBS,PRBS_49,60.0,3.0567354171882726,completed,0
phnode_qforce,45,PRBS,PRBS_50,60.0,3.4378042357917877,completed,0
phnode_qforce,45,PRBS,PRBS_51,60.0,4.575977983621079,completed,0
phnode_qforce,45,PRBS,PRBS_52,60.0,4.056475279489733,completed,0
phnode_qforce,45,PRBS,PRBS_53,60.0,4.3827998320604244,completed,0
phnode_qforce,45,PRBS,PRBS_54,60.0,2.746248523866653,completed,0
phnode_qforce,45,PRBS,PRBS_55,60.0,5.0127070076779825,completed,0
phnode_qforce,45,PRBS,PRBS_56,60.0,5.219252641435745,completed,0
phnode_qforce,45,PRBS,PRBS_57,60.0,4.5501614212740416,completed,0
phnode_qforce,45,PRBS,PRBS_58,60.0,7.014377946886826,completed,0
phnode_qforce,45,PRBS,PRBS_59,60.0,3.7893896835643046,completed,0
phnode_qforce,45,PRBS,PRBS_60,60.0,4.518003756656826,completed,0
phnode_qforce,45,PRBS,PRBS_61,60.0,1.4037095865730727,completed,0
phnode_qforce,45,PRBS,PRBS_62,60.0,6.530338344434091,completed,0
phnode_qforce,45,PRBS,PRBS_63,60.0,8.662045765351689,completed,0
phnode_qforce,45,PRBS,PRBS_64,60.0,6.099071693715678,completed,0
phnode_qforce,45,PRBS,PRBS_65,60.0,2.9320248519997225,completed,0
phnode_qforce,45,PRBS,PRBS_66,60.0,5.788609411281963,completed,0
phnode_qforce,45,PRBS,PRBS_67,60.0,6.688805346123839,completed,0
phnode_qforce,45,PRBS,PRBS_68,60.0,7.666509704867161,completed,0
phnode_qforce,45,PRBS,PRBS_69,60.0,3.0942353409566943,completed,0
phnode_qforce,45,PRBS,PRBS_70,60.0,6.5400837296591146,completed,0
phnode_qforce,45,PRBS,PRBS_71,60.0,6.83545760203512,completed,0
phnode_qforce,45,CHIRP,CHIRP_100042,60.0,2.0847708027682907,completed,0
phnode_qforce,45,CHIRP,CHIRP_100043,60.0,1.768596263546499,completed,0
phnode_qforce,45,CHIRP,CHIRP_100044,60.0,1.1719762154498832,completed,0
phnode_qforce,45,CHIRP,CHIRP_100045,60.0,2.062961196953987,completed,0
phnode_qforce,45,CHIRP,CHIRP_100046,60.0,1.2215235502120718,completed,0
phnode_qforce,45,CHIRP,CHIRP_100047,60.0,1.5130584261595432,completed,0
phnode_qforce,45,CHIRP,CHIRP_100048,60.0,1.748584568645767,completed,0
phnode_qforce,45,CHIRP,CHIRP_100049,60.0,1.5412947939202724,completed,0
phnode_qforce,45,CHIRP,CHIRP_100050,60.0,2.2932126276547713,completed,0
phnode_qforce,45,CHIRP,CHIRP_100051,60.0,1.5805548599726764,completed,0
phnode_qforce,45,CHIRP,CHIRP_100052,60.0,1.51199521628235,completed,0
phnode_qforce,45,CHIRP,CHIRP_100053,60.0,1.4135981267221664,completed,0
phnode_qforce,45,CHIRP,CHIRP_100054,60.0,2.7239874424302606,completed,0
phnode_qforce,45,CHIRP,CHIRP_100055,60.0,1.3467433095453172,completed,0
phnode_qforce,45,CHIRP,CHIRP_100056,60.0,2.2948016576108157,completed,0
phnode_qforce,45,CHIRP,CHIRP_100057,60.0,2.2085582198172844,completed,0
phnode_qforce,45,CHIRP,CHIRP_100058,60.0,2.019237737890822,completed,0
phnode_qforce,45,CHIRP,CHIRP_100059,60.0,0.955567072478731,completed,0
phnode_qforce,45,CHIRP,CHIRP_100060,60.0,2.1920454676946033,completed,0
phnode_qforce,45,CHIRP,CHIRP_100061,60.0,1.6385829116348163,completed,0
phnode_qforce,45,CHIRP,CHIRP_100062,60.0,2.0184544159679816,completed,0
phnode_qforce,45,CHIRP,CHIRP_100063,60.0,2.289122422583422,completed,0
phnode_qforce,45,CHIRP,CHIRP_100064,60.0,2.147700576139661,completed,0
phnode_qforce,45,CHIRP,CHIRP_100065,60.0,1.2960863165338843,completed,0
phnode_qforce,45,CHIRP,CHIRP_100066,60.0,1.382424007001098,completed,0
phnode_qforce,45,CHIRP,CHIRP_100067,60.0,1.400543918550234,completed,0
phnode_qforce,45,CHIRP,CHIRP_100068,60.0,1.992775683693751,completed,0
phnode_qforce,45,CHIRP,CHIRP_100069,60.0,1.415612902709275,completed,0
phnode_qforce,45,CHIRP,CHIRP_100070,60.0,1.9254249453801577,completed,0
phnode_qforce,45,CHIRP,CHIRP_100071,60.0,2.796438546942995,completed,0
phnode_qforce,45,OU,OU_200042,60.0,9.178582451683145,completed,0
phnode_qforce,45,OU,OU_200043,60.0,13.070485836505108,completed,0
phnode_qforce,45,OU,OU_200044,60.0,6.062244480433962,completed,0
phnode_qforce,45,OU,OU_200045,60.0,6.198711686078919,completed,0
phnode_qforce,45,OU,OU_200046,60.0,10.203095980821981,completed,0
phnode_qforce,45,OU,OU_200047,60.0,3.940009021972604,completed,0
phnode_qforce,45,OU,OU_200048,60.0,13.423200805065386,completed,0
phnode_qforce,45,OU,OU_200049,60.0,9.707702675520304,completed,0
phnode_qforce,45,OU,OU_200050,60.0,5.96210387567781,completed,0
phnode_qforce,45,OU,OU_200051,60.0,nan,pred_divergence,0
phnode_qforce,45,OU,OU_200052,60.0,7.709649066501921,completed,0
phnode_qforce,45,OU,OU_200053,60.0,15.759758919232508,completed,0
phnode_qforce,45,OU,OU_200054,60.0,7.6735954098740065,completed,0
phnode_qforce,45,OU,OU_200055,60.0,18.051024427200872,completed,0
phnode_qforce,45,OU,OU_200056,60.0,5.057850372078309,completed,0
phnode_qforce,45,OU,OU_200057,60.0,16.03285982997607,completed,0
phnode_qforce,45,OU,OU_200058,60.0,1.211792063205871,completed,0
phnode_qforce,45,OU,OU_200059,60.0,12.44595981443803,completed,0
phnode_qforce,45,OU,OU_200060,60.0,13.716072010080781,completed,0
phnode_qforce,45,OU,OU_200061,60.0,9.932081296832157,completed,0
phnode_qforce,45,OU,OU_200062,60.0,7.975036222932171,completed,0
phnode_qforce,45,OU,OU_200063,60.0,2.776035943062002,completed,0
phnode_qforce,45,OU,OU_200064,60.0,5.450347553175838,completed,0
phnode_qforce,45,OU,OU_200065,60.0,5.18762346362411,completed,0
phnode_qforce,45,OU,OU_200066,60.0,4.365161950743427,completed,0
phnode_qforce,45,OU,OU_200067,60.0,7.378638800814423,completed,0
phnode_qforce,45,OU,OU_200068,60.0,4.8043453314636055,completed,0
phnode_qforce,45,OU,OU_200069,60.0,6.504197916504771,completed,0
phnode_qforce,45,OU,OU_200070,60.0,4.453666678927988,completed,0
phnode_qforce,45,OU,OU_200071,60.0,9.684760523803194,completed,0
phnode_qforce,46,PRBS,PRBS_42,60.0,11.678995437572427,completed,0
phnode_qforce,46,PRBS,PRBS_43,60.0,2.1017211733283134,completed,0
phnode_qforce,46,PRBS,PRBS_44,60.0,2.459836501599662,completed,0
phnode_qforce,46,PRBS,PRBS_45,60.0,4.511224262877233,completed,0
phnode_qforce,46,PRBS,PRBS_46,60.0,3.6709872051745003,completed,0
phnode_qforce,46,PRBS,PRBS_47,60.0,1.2519361409920824,completed,0
phnode_qforce,46,PRBS,PRBS_48,60.0,6.631706370857675,completed,0
phnode_qforce,46,PRBS,PRBS_49,60.0,6.446846742185335,completed,0
phnode_qforce,46,PRBS,PRBS_50,60.0,2.624000166753338,completed,0
phnode_qforce,46,PRBS,PRBS_51,60.0,4.89301747602131,completed,0
phnode_qforce,46,PRBS,PRBS_52,60.0,4.35350023944007,completed,0
phnode_qforce,46,PRBS,PRBS_53,60.0,1.8804785194697125,completed,0
phnode_qforce,46,PRBS,PRBS_54,60.0,3.497487903439917,completed,0
phnode_qforce,46,PRBS,PRBS_55,60.0,4.3379371726209115,completed,0
phnode_qforce,46,PRBS,PRBS_56,60.0,2.5194423508947934,completed,0
phnode_qforce,46,PRBS,PRBS_57,60.0,2.191832065419271,completed,0
phnode_qforce,46,PRBS,PRBS_58,60.0,4.602304989880225,completed,0
phnode_qforce,46,PRBS,PRBS_59,60.0,2.8801840324581547,completed,0
phnode_qforce,46,PRBS,PRBS_60,60.0,3.3165169957205327,completed,0
phnode_qforce,46,PRBS,PRBS_61,60.0,7.434527824779565,completed,0
phnode_qforce,46,PRBS,PRBS_62,60.0,5.5963905596880545,completed,0
phnode_qforce,46,PRBS,PRBS_63,60.0,8.416055517419453,completed,0
phnode_qforce,46,PRBS,PRBS_64,60.0,2.8185847976308986,completed,0
phnode_qforce,46,PRBS,PRBS_65,60.0,2.4144976046220017,completed,0
phnode_qforce,46,PRBS,PRBS_66,60.0,3.3828935382354204,completed,0
phnode_qforce,46,PRBS,PRBS_67,60.0,3.874441382651303,completed,0
phnode_qforce,46,PRBS,PRBS_68,60.0,6.031649454487322,completed,0
phnode_qforce,46,PRBS,PRBS_69,60.0,2.2670253465872223,completed,0
phnode_qforce,46,PRBS,PRBS_70,60.0,2.984481891731257,completed,0
phnode_qforce,46,PRBS,PRBS_71,60.0,7.344843960953577,completed,0
phnode_qforce,46,CHIRP,CHIRP_100042,60.0,4.192301476290653,completed,0
phnode_qforce,46,CHIRP,CHIRP_100043,60.0,3.197681450841653,completed,0
phnode_qforce,46,CHIRP,CHIRP_100044,60.0,1.132872365287363,completed,0
phnode_qforce,46,CHIRP,CHIRP_100045,60.0,3.925558345236892,completed,0
phnode_qforce,46,CHIRP,CHIRP_100046,60.0,4.044900311856689,completed,0
phnode_qforce,46,CHIRP,CHIRP_100047,60.0,2.6534786646905206,completed,0
phnode_qforce,46,CHIRP,CHIRP_100048,60.0,2.012830581857243,completed,0
phnode_qforce,46,CHIRP,CHIRP_100049,60.0,3.168988908070234,completed,0
phnode_qforce,46,CHIRP,CHIRP_100050,60.0,4.099274644117447,completed,0
phnode_qforce,46,CHIRP,CHIRP_100051,60.0,2.796213320181617,completed,0
phnode_qforce,46,CHIRP,CHIRP_100052,60.0,1.758158641367332,completed,0
phnode_qforce,46,CHIRP,CHIRP_100053,60.0,1.098010534320803,completed,0
phnode_qforce,46,CHIRP,CHIRP_100054,60.0,2.4819010976732736,completed,0
phnode_qforce,46,CHIRP,CHIRP_100055,60.0,1.1407772638810365,completed,0
phnode_qforce,46,CHIRP,CHIRP_100056,60.0,5.119876580761095,completed,0
phnode_qforce,46,CHIRP,CHIRP_100057,60.0,3.573061829382855,completed,0
phnode_qforce,46,CHIRP,CHIRP_100058,60.0,1.7502090852987533,completed,0
phnode_qforce,46,CHIRP,CHIRP_100059,60.0,0.9324060604314235,completed,0
phnode_qforce,46,CHIRP,CHIRP_100060,60.0,3.618021746941238,completed,0
phnode_qforce,46,CHIRP,CHIRP_100061,60.0,2.4333658737466695,completed,0
phnode_qforce,46,CHIRP,CHIRP_100062,60.0,2.274125383411645,completed,0
phnode_qforce,46,CHIRP,CHIRP_100063,60.0,5.463809148440039,completed,0
phnode_qforce,46,CHIRP,CHIRP_100064,60.0,2.248722595821757,completed,0
phnode_qforce,46,CHIRP,CHIRP_100065,60.0,1.921684386826683,completed,0
phnode_qforce,46,CHIRP,CHIRP_100066,60.0,1.2770339863054205,completed,0
phnode_qforce,46,CHIRP,CHIRP_100067,60.0,1.2161905354056544,completed,0
phnode_qforce,46,CHIRP,CHIRP_100068,60.0,1.726944903804947,completed,0
phnode_qforce,46,CHIRP,CHIRP_100069,60.0,3.094263664855814,completed,0
phnode_qforce,46,CHIRP,CHIRP_100070,60.0,2.0660671298107367,completed,0
phnode_qforce,46,CHIRP,CHIRP_100071,60.0,1.7212849119157896,completed,0
phnode_qforce,46,OU,OU_200042,60.0,6.163354840105397,completed,0
phnode_qforce,46,OU,OU_200043,60.0,11.139520525507303,completed,0
phnode_qforce,46,OU,OU_200044,60.0,5.999411859281445,completed,0
phnode_qforce,46,OU,OU_200045,60.0,9.495944564330578,completed,0
phnode_qforce,46,OU,OU_200046,60.0,11.491964168860006,completed,0
phnode_qforce,46,OU,OU_200047,60.0,5.008786732897825,completed,0
phnode_qforce,46,OU,OU_200048,60.0,15.923938043391914,completed,0
phnode_qforce,46,OU,OU_200049,60.0,11.018053220725488,completed,0
phnode_qforce,46,OU,OU_200050,60.0,3.580633178875336,completed,0
phnode_qforce,46,OU,OU_200051,60.0,nan,pred_divergence,0
phnode_qforce,46,OU,OU_200052,60.0,8.033761737219926,completed,0
phnode_qforce,46,OU,OU_200053,60.0,10.637902138748236,completed,0
phnode_qforce,46,OU,OU_200054,60.0,6.40229784958652,completed,0
phnode_qforce,46,OU,OU_200055,60.0,10.872015117772147,completed,0
phnode_qforce,46,OU,OU_200056,60.0,3.7831348608640503,completed,0
phnode_qforce,46,OU,OU_200057,60.0,9.31946461802733,completed,0
phnode_qforce,46,OU,OU_200058,60.0,2.585832724711806,completed,0
phnode_qforce,46,OU,OU_200059,60.0,9.568371240477177,completed,0
phnode_qforce,46,OU,OU_200060,60.0,9.71320759536069,completed,0
phnode_qforce,46,OU,OU_200061,60.0,11.35040797326603,completed,0
phnode_qforce,46,OU,OU_200062,60.0,7.430678218400889,completed,0
phnode_qforce,46,OU,OU_200063,60.0,5.12888522933182,completed,0
phnode_qforce,46,OU,OU_200064,60.0,3.7060449986324078,completed,0
phnode_qforce,46,OU,OU_200065,60.0,3.1283515876556316,completed,0
phnode_qforce,46,OU,OU_200066,60.0,5.794095791277256,completed,0
phnode_qforce,46,OU,OU_200067,60.0,6.729937149883942,completed,0
phnode_qforce,46,OU,OU_200068,60.0,4.796633191567054,completed,0
phnode_qforce,46,OU,OU_200069,60.0,3.7328714022023033,completed,0
phnode_qforce,46,OU,OU_200070,60.0,6.2797451330339396,completed,0
phnode_qforce,46,OU,OU_200071,60.0,4.919075615813142,completed,0
blackbox_fullstate,42,PRBS,PRBS_42,60.0,128.94468675463122,completed,0
blackbox_fullstate,42,PRBS,PRBS_43,60.0,nan,pred_divergence,0
blackbox_fullstate,42,PRBS,PRBS_44,60.0,nan,pred_divergence,0
blackbox_fullstate,42,PRBS,PRBS_45,60.0,nan,pred_divergence,0
blackbox_fullstate,42,PRBS,PRBS_46,60.0,nan,pred_divergence,0
blackbox_fullstate,42,PRBS,PRBS_47,60.0,nan,pred_divergence,0
blackbox_fullstate,42,PRBS,PRBS_48,60.0,21.11570672625291,completed,0
blackbox_fullstate,42,PRBS,PRBS_49,60.0,nan,pred_divergence,0
blackbox_fullstate,42,PRBS,PRBS_50,60.0,nan,pred_divergence,0
blackbox_fullstate,42,PRBS,PRBS_51,60.0,nan,pred_divergence,0
blackbox_fullstate,42,PRBS,PRBS_52,60.0,nan,pred_divergence,0
blackbox_fullstate,42,PRBS,PRBS_53,60.0,38.82869559389996,completed,0
blackbox_fullstate,42,PRBS,PRBS_54,60.0,nan,pred_divergence,0
blackbox_fullstate,42,PRBS,PRBS_55,60.0,64.26799605086111,completed,0
blackbox_fullstate,42,PRBS,PRBS_56,60.0,116.28501405188842,completed,0
blackbox_fullstate,42,PRBS,PRBS_57,60.0,98.17041932823662,completed,0
blackbox_fullstate,42,PRBS,PRBS_58,60.0,nan,pred_divergence,0
blackbox_fullstate,42,PRBS,PRBS_59,60.0,nan,pred_divergence,0
blackbox_fullstate,42,PRBS,PRBS_60,60.0,137.73918525973616,completed,0
blackbox_fullstate,42,PRBS,PRBS_61,60.0,nan,pred_divergence,0
blackbox_fullstate,42,PRBS,PRBS_62,60.0,60.074066343011445,completed,0
blackbox_fullstate,42,PRBS,PRBS_63,60.0,128.9055878364051,completed,0
blackbox_fullstate,42,PRBS,PRBS_64,60.0,nan,pred_divergence,0
blackbox_fullstate,42,PRBS,PRBS_65,60.0,nan,pred_divergence,0
blackbox_fullstate,42,PRBS,PRBS_66,60.0,40.818771222849286,completed,0
blackbox_fullstate,42,PRBS,PRBS_67,60.0,137.18597116207584,completed,0
blackbox_fullstate,42,PRBS,PRBS_68,60.0,104.43265330379614,completed,0
blackbox_fullstate,42,PRBS,PRBS_69,60.0,nan,pred_divergence,0
blackbox_fullstate,42,PRBS,PRBS_70,60.0,36.61209185355292,completed,0
blackbox_fullstate,42,PRBS,PRBS_71,60.0,nan,pred_divergence,0
blackbox_fullstate,42,CHIRP,CHIRP_100042,60.0,134.24921331379235,completed,0
blackbox_fullstate,42,CHIRP,CHIRP_100043,60.0,nan,pred_divergence,0
blackbox_fullstate,42,CHIRP,CHIRP_100044,60.0,nan,pred_divergence,0
blackbox_fullstate,42,CHIRP,CHIRP_100045,60.0,143.3470467980545,completed,0
blackbox_fullstate,42,CHIRP,CHIRP_100046,60.0,76.30059861050987,completed,0
blackbox_fullstate,42,CHIRP,CHIRP_100047,60.0,30.24485549520508,completed,0
blackbox_fullstate,42,CHIRP,CHIRP_100048,60.0,nan,pred_divergence,0
blackbox_fullstate,42,CHIRP,CHIRP_100049,60.0,85.4529876723592,completed,0
blackbox_fullstate,42,CHIRP,CHIRP_100050,60.0,33.207398152863085,completed,0
blackbox_fullstate,42,CHIRP,CHIRP_100051,60.0,89.76564377593516,completed,0
blackbox_fullstate,42,CHIRP,CHIRP_100052,60.0,28.394146552370778,completed,0
blackbox_fullstate,42,CHIRP,CHIRP_100053,60.0,nan,pred_divergence,0
blackbox_fullstate,42,CHIRP,CHIRP_100054,60.0,nan,pred_divergence,0
blackbox_fullstate,42,CHIRP,CHIRP_100055,60.0,141.71184471045586,completed,0
blackbox_fullstate,42,CHIRP,CHIRP_100056,60.0,65.9293606994322,completed,0
blackbox_fullstate,42,CHIRP,CHIRP_100057,60.0,89.03747079184944,completed,0
blackbox_fullstate,42,CHIRP,CHIRP_100058,60.0,121.58134335603724,completed,0
blackbox_fullstate,42,CHIRP,CHIRP_100059,60.0,89.15095557365807,completed,0
blackbox_fullstate,42,CHIRP,CHIRP_100060,60.0,nan,pred_divergence,0
blackbox_fullstate,42,CHIRP,CHIRP_100061,60.0,116.46569026036708,completed,0
blackbox_fullstate,42,CHIRP,CHIRP_100062,60.0,nan,pred_divergence,0
blackbox_fullstate,42,CHIRP,CHIRP_100063,60.0,124.74082783725395,completed,0
blackbox_fullstate,42,CHIRP,CHIRP_100064,60.0,nan,pred_divergence,0
blackbox_fullstate,42,CHIRP,CHIRP_100065,60.0,nan,pred_divergence,0
blackbox_fullstate,42,CHIRP,CHIRP_100066,60.0,65.2121827785271,completed,0
blackbox_fullstate,42,CHIRP,CHIRP_100067,60.0,115.46141604128829,completed,0
blackbox_fullstate,42,CHIRP,CHIRP_100068,60.0,127.98117486331203,completed,0
blackbox_fullstate,42,CHIRP,CHIRP_100069,60.0,54.653355392221854,completed,0
blackbox_fullstate,42,CHIRP,CHIRP_100070,60.0,nan,pred_divergence,0
blackbox_fullstate,42,CHIRP,CHIRP_100071,60.0,64.92221699967268,completed,0
blackbox_fullstate,42,OU,OU_200042,60.0,nan,pred_divergence,0
blackbox_fullstate,42,OU,OU_200043,60.0,nan,pred_divergence,0
blackbox_fullstate,42,OU,OU_200044,60.0,83.24840210986078,completed,0
blackbox_fullstate,42,OU,OU_200045,60.0,34.99062409448212,completed,0
blackbox_fullstate,42,OU,OU_200046,60.0,70.2280399059845,completed,0
blackbox_fullstate,42,OU,OU_200047,60.0,62.84493204856775,completed,0
blackbox_fullstate,42,OU,OU_200048,60.0,nan,pred_divergence,0
blackbox_fullstate,42,OU,OU_200049,60.0,123.64866407996549,completed,0
blackbox_fullstate,42,OU,OU_200050,60.0,nan,pred_divergence,0
blackbox_fullstate,42,OU,OU_200051,60.0,nan,pred_divergence,0
blackbox_fullstate,42,OU,OU_200052,60.0,33.46355700281852,completed,0
blackbox_fullstate,42,OU,OU_200053,60.0,109.64159846877149,completed,0
blackbox_fullstate,42,OU,OU_200054,60.0,129.12417898409922,completed,0
blackbox_fullstate,42,OU,OU_200055,60.0,nan,pred_divergence,0
blackbox_fullstate,42,OU,OU_200056,60.0,nan,pred_divergence,0
blackbox_fullstate,42,OU,OU_200057,60.0,51.276435350594305,completed,0
blackbox_fullstate,42,OU,OU_200058,60.0,112.68823770992469,completed,0
blackbox_fullstate,42,OU,OU_200059,60.0,79.12347583803303,completed,0
blackbox_fullstate,42,OU,OU_200060,60.0,nan,pred_divergence,0
blackbox_fullstate,42,OU,OU_200061,60.0,134.65015436897932,completed,0
blackbox_fullstate,42,OU,OU_200062,60.0,nan,pred_divergence,0
blackbox_fullstate,42,OU,OU_200063,60.0,nan,pred_divergence,0
blackbox_fullstate,42,OU,OU_200064,60.0,36.90456195533516,completed,0
blackbox_fullstate,42,OU,OU_200065,60.0,21.848267490853186,completed,0
blackbox_fullstate,42,OU,OU_200066,60.0,nan,pred_divergence,0
blackbox_fullstate,42,OU,OU_200067,60.0,84.57298592872526,completed,0
blackbox_fullstate,42,OU,OU_200068,60.0,nan,pred_divergence,0
blackbox_fullstate,42,OU,OU_200069,60.0,59.88327987857284,completed,0
blackbox_fullstate,42,OU,OU_200070,60.0,91.82107412207426,completed,0
blackbox_fullstate,42,OU,OU_200071,60.0,111.35852544118703,completed,0
blackbox_fullstate,43,PRBS,PRBS_42,60.0,130.14076420730797,completed,0
blackbox_fullstate,43,PRBS,PRBS_43,60.0,109.67538615304544,completed,0
blackbox_fullstate,43,PRBS,PRBS_44,60.0,nan,pred_divergence,0
blackbox_fullstate,43,PRBS,PRBS_45,60.0,63.71060772269729,completed,0
blackbox_fullstate,43,PRBS,PRBS_46,60.0,114.03245951764336,completed,0
blackbox_fullstate,43,PRBS,PRBS_47,60.0,82.0987732314152,completed,0
blackbox_fullstate,43,PRBS,PRBS_48,60.0,83.93559966851954,completed,0
blackbox_fullstate,43,PRBS,PRBS_49,60.0,68.46624410246706,completed,0
blackbox_fullstate,43,PRBS,PRBS_50,60.0,nan,pred_divergence,0
blackbox_fullstate,43,PRBS,PRBS_51,60.0,59.33848015222266,completed,0
blackbox_fullstate,43,PRBS,PRBS_52,60.0,nan,pred_divergence,0
blackbox_fullstate,43,PRBS,PRBS_53,60.0,nan,pred_divergence,0
blackbox_fullstate,43,PRBS,PRBS_54,60.0,90.05922907477093,completed,0
blackbox_fullstate,43,PRBS,PRBS_55,60.0,67.11188563645116,completed,0
blackbox_fullstate,43,PRBS,PRBS_56,60.0,112.11376963973872,completed,0
blackbox_fullstate,43,PRBS,PRBS_57,60.0,23.97850323392895,completed,0
blackbox_fullstate,43,PRBS,PRBS_58,60.0,nan,pred_divergence,0
blackbox_fullstate,43,PRBS,PRBS_59,60.0,150.97251822890135,completed,0
blackbox_fullstate,43,PRBS,PRBS_60,60.0,109.39669053082683,completed,0
blackbox_fullstate,43,PRBS,PRBS_61,60.0,100.56425260474136,completed,0
blackbox_fullstate,43,PRBS,PRBS_62,60.0,100.3943721086584,completed,0
blackbox_fullstate,43,PRBS,PRBS_63,60.0,106.35280696995142,completed,0
blackbox_fullstate,43,PRBS,PRBS_64,60.0,84.71081713417578,completed,0
blackbox_fullstate,43,PRBS,PRBS_65,60.0,nan,pred_divergence,0
blackbox_fullstate,43,PRBS,PRBS_66,60.0,103.15391533154536,completed,0
blackbox_fullstate,43,PRBS,PRBS_67,60.0,115.25459984258896,completed,0
blackbox_fullstate,43,PRBS,PRBS_68,60.0,137.8186994070604,completed,0
blackbox_fullstate,43,PRBS,PRBS_69,60.0,102.96501077408827,completed,0
blackbox_fullstate,43,PRBS,PRBS_70,60.0,82.83139647527663,completed,0
blackbox_fullstate,43,PRBS,PRBS_71,60.0,148.59955819963372,completed,0
blackbox_fullstate,43,CHIRP,CHIRP_100042,60.0,91.86978317077002,completed,0
blackbox_fullstate,43,CHIRP,CHIRP_100043,60.0,115.74339609269828,completed,0
blackbox_fullstate,43,CHIRP,CHIRP_100044,60.0,80.61709805037043,completed,0
blackbox_fullstate,43,CHIRP,CHIRP_100045,60.0,121.26705724060352,completed,0
blackbox_fullstate,43,CHIRP,CHIRP_100046,60.0,88.56351563413718,completed,0
blackbox_fullstate,43,CHIRP,CHIRP_100047,60.0,82.28965596799887,completed,0
blackbox_fullstate,43,CHIRP,CHIRP_100048,60.0,73.77716817730283,completed,0
blackbox_fullstate,43,CHIRP,CHIRP_100049,60.0,66.94418925735471,completed,0
blackbox_fullstate,43,CHIRP,CHIRP_100050,60.0,51.13190672910989,completed,0
blackbox_fullstate,43,CHIRP,CHIRP_100051,60.0,105.0680377372602,completed,0
blackbox_fullstate,43,CHIRP,CHIRP_100052,60.0,80.5552814392534,completed,0
blackbox_fullstate,43,CHIRP,CHIRP_100053,60.0,92.87083656292599,completed,0
blackbox_fullstate,43,CHIRP,CHIRP_100054,60.0,113.95791949293637,completed,0
blackbox_fullstate,43,CHIRP,CHIRP_100055,60.0,109.37886980067844,completed,0
blackbox_fullstate,43,CHIRP,CHIRP_100056,60.0,68.94545141412144,completed,0
blackbox_fullstate,43,CHIRP,CHIRP_100057,60.0,77.60656249333091,completed,0
blackbox_fullstate,43,CHIRP,CHIRP_100058,60.0,90.29486299415636,completed,0
blackbox_fullstate,43,CHIRP,CHIRP_100059,60.0,87.13209911963554,completed,0
blackbox_fullstate,43,CHIRP,CHIRP_100060,60.0,115.6863963084187,completed,0
blackbox_fullstate,43,CHIRP,CHIRP_100061,60.0,120.29278399637634,completed,0
blackbox_fullstate,43,CHIRP,CHIRP_100062,60.0,94.71497814387259,completed,0
blackbox_fullstate,43,CHIRP,CHIRP_100063,60.0,113.30095677874843,completed,0
blackbox_fullstate,43,CHIRP,CHIRP_100064,60.0,81.33367846363431,completed,0
blackbox_fullstate,43,CHIRP,CHIRP_100065,60.0,111.85669311652148,completed,0
blackbox_fullstate,43,CHIRP,CHIRP_100066,60.0,81.7876562060577,completed,0
blackbox_fullstate,43,CHIRP,CHIRP_100067,60.0,81.26822322789899,completed,0
blackbox_fullstate,43,CHIRP,CHIRP_100068,60.0,115.77482354200167,completed,0
blackbox_fullstate,43,CHIRP,CHIRP_100069,60.0,83.13915978677055,completed,0
blackbox_fullstate,43,CHIRP,CHIRP_100070,60.0,102.2144106281717,completed,0
blackbox_fullstate,43,CHIRP,CHIRP_100071,60.0,92.70048090772697,completed,0
blackbox_fullstate,43,OU,OU_200042,60.0,nan,pred_divergence,0
blackbox_fullstate,43,OU,OU_200043,60.0,81.80988622718638,completed,0
blackbox_fullstate,43,OU,OU_200044,60.0,46.06466838489575,completed,0
blackbox_fullstate,43,OU,OU_200045,60.0,87.55447972708713,completed,0
blackbox_fullstate,43,OU,OU_200046,60.0,60.7866286401201,completed,0
blackbox_fullstate,43,OU,OU_200047,60.0,nan,pred_divergence,0
blackbox_fullstate,43,OU,OU_200048,60.0,90.38599171053592,completed,0
blackbox_fullstate,43,OU,OU_200049,60.0,71.29801070232385,completed,0
blackbox_fullstate,43,OU,OU_200050,60.0,nan,pred_divergence,0
blackbox_fullstate,43,OU,OU_200051,60.0,nan,pred_divergence,0
blackbox_fullstate,43,OU,OU_200052,60.0,45.00304855504355,completed,0
blackbox_fullstate,43,OU,OU_200053,60.0,111.87880901843627,completed,0
blackbox_fullstate,43,OU,OU_200054,60.0,89.53030943071326,completed,0
blackbox_fullstate,43,OU,OU_200055,60.0,92.90764079847563,completed,0
blackbox_fullstate,43,OU,OU_200056,60.0,9.27676593509573,completed,0
blackbox_fullstate,43,OU,OU_200057,60.0,56.17041223248874,completed,0
blackbox_fullstate,43,OU,OU_200058,60.0,90.01818721745111,completed,0
blackbox_fullstate,43,OU,OU_200059,60.0,114.53939734916845,completed,0
blackbox_fullstate,43,OU,OU_200060,60.0,73.47879980360054,completed,0
blackbox_fullstate,43,OU,OU_200061,60.0,115.09129577918476,completed,0
blackbox_fullstate,43,OU,OU_200062,60.0,83.30192212828236,completed,0
blackbox_fullstate,43,OU,OU_200063,60.0,85.45745076853783,completed,0
blackbox_fullstate,43,OU,OU_200064,60.0,20.539085975437295,completed,0
blackbox_fullstate,43,OU,OU_200065,60.0,nan,pred_divergence,0
blackbox_fullstate,43,OU,OU_200066,60.0,nan,pred_divergence,0
blackbox_fullstate,43,OU,OU_200067,60.0,72.87171681502188,completed,0
blackbox_fullstate,43,OU,OU_200068,60.0,101.45089463095835,completed,0
blackbox_fullstate,43,OU,OU_200069,60.0,62.0899561465205,completed,0
blackbox_fullstate,43,OU,OU_200070,60.0,82.16585727915368,completed,0
blackbox_fullstate,43,OU,OU_200071,60.0,78.43204585594289,completed,0
blackbox_fullstate,44,PRBS,PRBS_42,60.0,nan,pred_divergence,0
blackbox_fullstate,44,PRBS,PRBS_43,60.0,nan,pred_divergence,0
blackbox_fullstate,44,PRBS,PRBS_44,60.0,nan,pred_divergence,0
blackbox_fullstate,44,PRBS,PRBS_45,60.0,nan,pred_divergence,0
blackbox_fullstate,44,PRBS,PRBS_46,60.0,nan,pred_divergence,0
blackbox_fullstate,44,PRBS,PRBS_47,60.0,nan,pred_divergence,0
blackbox_fullstate,44,PRBS,PRBS_48,60.0,nan,pred_divergence,0
blackbox_fullstate,44,PRBS,PRBS_49,60.0,nan,pred_divergence,0
blackbox_fullstate,44,PRBS,PRBS_50,60.0,nan,pred_divergence,0
blackbox_fullstate,44,PRBS,PRBS_51,60.0,nan,pred_divergence,0
blackbox_fullstate,44,PRBS,PRBS_52,60.0,nan,pred_divergence,0
blackbox_fullstate,44,PRBS,PRBS_53,60.0,nan,pred_divergence,0
blackbox_fullstate,44,PRBS,PRBS_54,60.0,nan,pred_divergence,0
blackbox_fullstate,44,PRBS,PRBS_55,60.0,nan,pred_divergence,0
blackbox_fullstate,44,PRBS,PRBS_56,60.0,nan,pred_divergence,0
blackbox_fullstate,44,PRBS,PRBS_57,60.0,nan,pred_divergence,0
blackbox_fullstate,44,PRBS,PRBS_58,60.0,nan,pred_divergence,0
blackbox_fullstate,44,PRBS,PRBS_59,60.0,nan,pred_divergence,0
blackbox_fullstate,44,PRBS,PRBS_60,60.0,nan,pred_divergence,0
blackbox_fullstate,44,PRBS,PRBS_61,60.0,nan,pred_divergence,0
blackbox_fullstate,44,PRBS,PRBS_62,60.0,nan,pred_divergence,0
blackbox_fullstate,44,PRBS,PRBS_63,60.0,nan,pred_divergence,0
blackbox_fullstate,44,PRBS,PRBS_64,60.0,nan,pred_divergence,0
blackbox_fullstate,44,PRBS,PRBS_65,60.0,nan,pred_divergence,0
blackbox_fullstate,44,PRBS,PRBS_66,60.0,nan,pred_divergence,0
blackbox_fullstate,44,PRBS,PRBS_67,60.0,nan,pred_divergence,0
blackbox_fullstate,44,PRBS,PRBS_68,60.0,nan,pred_divergence,0
blackbox_fullstate,44,PRBS,PRBS_69,60.0,nan,pred_divergence,0
blackbox_fullstate,44,PRBS,PRBS_70,60.0,nan,pred_divergence,0
blackbox_fullstate,44,PRBS,PRBS_71,60.0,nan,pred_divergence,0
blackbox_fullstate,44,CHIRP,CHIRP_100042,60.0,nan,pred_divergence,0
blackbox_fullstate,44,CHIRP,CHIRP_100043,60.0,nan,pred_divergence,0
blackbox_fullstate,44,CHIRP,CHIRP_100044,60.0,nan,pred_divergence,0
blackbox_fullstate,44,CHIRP,CHIRP_100045,60.0,nan,pred_divergence,0
blackbox_fullstate,44,CHIRP,CHIRP_100046,60.0,nan,pred_divergence,0
blackbox_fullstate,44,CHIRP,CHIRP_100047,60.0,nan,pred_divergence,0
blackbox_fullstate,44,CHIRP,CHIRP_100048,60.0,nan,pred_divergence,0
blackbox_fullstate,44,CHIRP,CHIRP_100049,60.0,nan,pred_divergence,0
blackbox_fullstate,44,CHIRP,CHIRP_100050,60.0,nan,pred_divergence,0
blackbox_fullstate,44,CHIRP,CHIRP_100051,60.0,nan,pred_divergence,0
blackbox_fullstate,44,CHIRP,CHIRP_100052,60.0,nan,pred_divergence,0
blackbox_fullstate,44,CHIRP,CHIRP_100053,60.0,nan,pred_divergence,0
blackbox_fullstate,44,CHIRP,CHIRP_100054,60.0,nan,pred_divergence,0
blackbox_fullstate,44,CHIRP,CHIRP_100055,60.0,nan,pred_divergence,0
blackbox_fullstate,44,CHIRP,CHIRP_100056,60.0,nan,pred_divergence,0
blackbox_fullstate,44,CHIRP,CHIRP_100057,60.0,nan,pred_divergence,0
blackbox_fullstate,44,CHIRP,CHIRP_100058,60.0,nan,pred_divergence,0
blackbox_fullstate,44,CHIRP,CHIRP_100059,60.0,nan,pred_divergence,0
blackbox_fullstate,44,CHIRP,CHIRP_100060,60.0,nan,pred_divergence,0
blackbox_fullstate,44,CHIRP,CHIRP_100061,60.0,nan,pred_divergence,0
blackbox_fullstate,44,CHIRP,CHIRP_100062,60.0,nan,pred_divergence,0
blackbox_fullstate,44,CHIRP,CHIRP_100063,60.0,nan,pred_divergence,0
blackbox_fullstate,44,CHIRP,CHIRP_100064,60.0,nan,pred_divergence,0
blackbox_fullstate,44,CHIRP,CHIRP_100065,60.0,nan,pred_divergence,0
blackbox_fullstate,44,CHIRP,CHIRP_100066,60.0,nan,pred_divergence,0
blackbox_fullstate,44,CHIRP,CHIRP_100067,60.0,nan,pred_divergence,0
blackbox_fullstate,44,CHIRP,CHIRP_100068,60.0,nan,pred_divergence,0
blackbox_fullstate,44,CHIRP,CHIRP_100069,60.0,nan,pred_divergence,0
blackbox_fullstate,44,CHIRP,CHIRP_100070,60.0,nan,pred_divergence,0
blackbox_fullstate,44,CHIRP,CHIRP_100071,60.0,nan,pred_divergence,0
blackbox_fullstate,44,OU,OU_200042,60.0,nan,pred_divergence,0
blackbox_fullstate,44,OU,OU_200043,60.0,nan,pred_divergence,0
blackbox_fullstate,44,OU,OU_200044,60.0,nan,pred_divergence,0
blackbox_fullstate,44,OU,OU_200045,60.0,nan,pred_divergence,0
blackbox_fullstate,44,OU,OU_200046,60.0,nan,pred_divergence,0
blackbox_fullstate,44,OU,OU_200047,60.0,nan,pred_divergence,0
blackbox_fullstate,44,OU,OU_200048,60.0,nan,pred_divergence,0
blackbox_fullstate,44,OU,OU_200049,60.0,nan,pred_divergence,0
blackbox_fullstate,44,OU,OU_200050,60.0,nan,pred_divergence,0
blackbox_fullstate,44,OU,OU_200051,60.0,nan,pred_divergence,0
blackbox_fullstate,44,OU,OU_200052,60.0,nan,pred_divergence,0
blackbox_fullstate,44,OU,OU_200053,60.0,nan,pred_divergence,0
blackbox_fullstate,44,OU,OU_200054,60.0,nan,pred_divergence,0
blackbox_fullstate,44,OU,OU_200055,60.0,nan,pred_divergence,0
blackbox_fullstate,44,OU,OU_200056,60.0,nan,pred_divergence,0
blackbox_fullstate,44,OU,OU_200057,60.0,nan,pred_divergence,0
blackbox_fullstate,44,OU,OU_200058,60.0,nan,pred_divergence,0
blackbox_fullstate,44,OU,OU_200059,60.0,nan,pred_divergence,0
blackbox_fullstate,44,OU,OU_200060,60.0,nan,pred_divergence,0
blackbox_fullstate,44,OU,OU_200061,60.0,nan,pred_divergence,0
blackbox_fullstate,44,OU,OU_200062,60.0,nan,pred_divergence,0
blackbox_fullstate,44,OU,OU_200063,60.0,nan,pred_divergence,0
blackbox_fullstate,44,OU,OU_200064,60.0,nan,pred_divergence,0
blackbox_fullstate,44,OU,OU_200065,60.0,nan,pred_divergence,0
blackbox_fullstate,44,OU,OU_200066,60.0,nan,pred_divergence,0
blackbox_fullstate,44,OU,OU_200067,60.0,nan,pred_divergence,0
blackbox_fullstate,44,OU,OU_200068,60.0,nan,pred_divergence,0
blackbox_fullstate,44,OU,OU_200069,60.0,nan,pred_divergence,0
blackbox_fullstate,44,OU,OU_200070,60.0,nan,pred_divergence,0
blackbox_fullstate,44,OU,OU_200071,60.0,nan,pred_divergence,0
blackbox_fullstate,45,PRBS,PRBS_42,60.0,nan,pred_divergence,0
blackbox_fullstate,45,PRBS,PRBS_43,60.0,99.83639547290355,completed,0
blackbox_fullstate,45,PRBS,PRBS_44,60.0,nan,pred_divergence,0
blackbox_fullstate,45,PRBS,PRBS_45,60.0,58.17431862817137,completed,0
blackbox_fullstate,45,PRBS,PRBS_46,60.0,nan,pred_divergence,0
blackbox_fullstate,45,PRBS,PRBS_47,60.0,84.0037346217083,completed,0
blackbox_fullstate,45,PRBS,PRBS_48,60.0,nan,pred_divergence,0
blackbox_fullstate,45,PRBS,PRBS_49,60.0,80.40843028372868,completed,0
blackbox_fullstate,45,PRBS,PRBS_50,60.0,55.37261411354901,completed,0
blackbox_fullstate,45,PRBS,PRBS_51,60.0,45.80699265250557,completed,0
blackbox_fullstate,45,PRBS,PRBS_52,60.0,nan,pred_divergence,0
blackbox_fullstate,45,PRBS,PRBS_53,60.0,nan,pred_divergence,0
blackbox_fullstate,45,PRBS,PRBS_54,60.0,nan,pred_divergence,0
blackbox_fullstate,45,PRBS,PRBS_55,60.0,nan,pred_divergence,0
blackbox_fullstate,45,PRBS,PRBS_56,60.0,nan,pred_divergence,0
blackbox_fullstate,45,PRBS,PRBS_57,60.0,nan,pred_divergence,0
blackbox_fullstate,45,PRBS,PRBS_58,60.0,56.43924140007576,completed,0
blackbox_fullstate,45,PRBS,PRBS_59,60.0,130.42633578196134,completed,0
blackbox_fullstate,45,PRBS,PRBS_60,60.0,77.61993358397027,completed,0
blackbox_fullstate,45,PRBS,PRBS_61,60.0,nan,pred_divergence,0
blackbox_fullstate,45,PRBS,PRBS_62,60.0,113.1789394777783,completed,0
blackbox_fullstate,45,PRBS,PRBS_63,60.0,nan,pred_divergence,0
blackbox_fullstate,45,PRBS,PRBS_64,60.0,nan,pred_divergence,0
blackbox_fullstate,45,PRBS,PRBS_65,60.0,nan,pred_divergence,0
blackbox_fullstate,45,PRBS,PRBS_66,60.0,102.3197925254963,completed,0
blackbox_fullstate,45,PRBS,PRBS_67,60.0,nan,pred_divergence,0
blackbox_fullstate,45,PRBS,PRBS_68,60.0,nan,pred_divergence,0
blackbox_fullstate,45,PRBS,PRBS_69,60.0,nan,pred_divergence,0
blackbox_fullstate,45,PRBS,PRBS_70,60.0,76.61096300143845,completed,0
blackbox_fullstate,45,PRBS,PRBS_71,60.0,nan,pred_divergence,0
blackbox_fullstate,45,CHIRP,CHIRP_100042,60.0,nan,pred_divergence,0
blackbox_fullstate,45,CHIRP,CHIRP_100043,60.0,nan,pred_divergence,0
blackbox_fullstate,45,CHIRP,CHIRP_100044,60.0,nan,pred_divergence,0
blackbox_fullstate,45,CHIRP,CHIRP_100045,60.0,nan,pred_divergence,0
blackbox_fullstate,45,CHIRP,CHIRP_100046,60.0,nan,pred_divergence,0
blackbox_fullstate,45,CHIRP,CHIRP_100047,60.0,nan,pred_divergence,0
blackbox_fullstate,45,CHIRP,CHIRP_100048,60.0,nan,pred_divergence,0
blackbox_fullstate,45,CHIRP,CHIRP_100049,60.0,91.34948985510393,completed,0
blackbox_fullstate,45,CHIRP,CHIRP_100050,60.0,nan,pred_divergence,0
blackbox_fullstate,45,CHIRP,CHIRP_100051,60.0,114.33480086253643,completed,0
blackbox_fullstate,45,CHIRP,CHIRP_100052,60.0,nan,pred_divergence,0
blackbox_fullstate,45,CHIRP,CHIRP_100053,60.0,nan,pred_divergence,0
blackbox_fullstate,45,CHIRP,CHIRP_100054,60.0,nan,pred_divergence,0
blackbox_fullstate,45,CHIRP,CHIRP_100055,60.0,nan,pred_divergence,0
blackbox_fullstate,45,CHIRP,CHIRP_100056,60.0,83.50615800726594,completed,0
blackbox_fullstate,45,CHIRP,CHIRP_100057,60.0,nan,pred_divergence,0
blackbox_fullstate,45,CHIRP,CHIRP_100058,60.0,nan,pred_divergence,0
blackbox_fullstate,45,CHIRP,CHIRP_100059,60.0,nan,pred_divergence,0
blackbox_fullstate,45,CHIRP,CHIRP_100060,60.0,nan,pred_divergence,0
blackbox_fullstate,45,CHIRP,CHIRP_100061,60.0,123.82224420285331,completed,0
blackbox_fullstate,45,CHIRP,CHIRP_100062,60.0,nan,pred_divergence,0
blackbox_fullstate,45,CHIRP,CHIRP_100063,60.0,117.76973095658464,completed,0
blackbox_fullstate,45,CHIRP,CHIRP_100064,60.0,nan,pred_divergence,0
blackbox_fullstate,45,CHIRP,CHIRP_100065,60.0,nan,pred_divergence,0
blackbox_fullstate,45,CHIRP,CHIRP_100066,60.0,105.43704787373792,completed,0
blackbox_fullstate,45,CHIRP,CHIRP_100067,60.0,nan,pred_divergence,0
blackbox_fullstate,45,CHIRP,CHIRP_100068,60.0,nan,pred_divergence,0
blackbox_fullstate,45,CHIRP,CHIRP_100069,60.0,nan,pred_divergence,0
blackbox_fullstate,45,CHIRP,CHIRP_100070,60.0,nan,pred_divergence,0
blackbox_fullstate,45,CHIRP,CHIRP_100071,60.0,nan,pred_divergence,0
blackbox_fullstate,45,OU,OU_200042,60.0,60.83774588657233,completed,0
blackbox_fullstate,45,OU,OU_200043,60.0,nan,pred_divergence,0
blackbox_fullstate,45,OU,OU_200044,60.0,nan,pred_divergence,0
blackbox_fullstate,45,OU,OU_200045,60.0,81.21041483341541,completed,0
blackbox_fullstate,45,OU,OU_200046,60.0,nan,pred_divergence,0
blackbox_fullstate,45,OU,OU_200047,60.0,nan,pred_divergence,0
blackbox_fullstate,45,OU,OU_200048,60.0,nan,pred_divergence,0
blackbox_fullstate,45,OU,OU_200049,60.0,nan,pred_divergence,0
blackbox_fullstate,45,OU,OU_200050,60.0,nan,pred_divergence,0
blackbox_fullstate,45,OU,OU_200051,60.0,nan,pred_divergence,0
blackbox_fullstate,45,OU,OU_200052,60.0,44.942423838966576,completed,0
blackbox_fullstate,45,OU,OU_200053,60.0,nan,pred_divergence,0
blackbox_fullstate,45,OU,OU_200054,60.0,nan,pred_divergence,0
blackbox_fullstate,45,OU,OU_200055,60.0,nan,pred_divergence,0
blackbox_fullstate,45,OU,OU_200056,60.0,nan,pred_divergence,0
blackbox_fullstate,45,OU,OU_200057,60.0,nan,pred_divergence,0
blackbox_fullstate,45,OU,OU_200058,60.0,nan,pred_divergence,0
blackbox_fullstate,45,OU,OU_200059,60.0,nan,pred_divergence,0
blackbox_fullstate,45,OU,OU_200060,60.0,nan,pred_divergence,0
blackbox_fullstate,45,OU,OU_200061,60.0,nan,pred_divergence,0
blackbox_fullstate,45,OU,OU_200062,60.0,nan,pred_divergence,0
blackbox_fullstate,45,OU,OU_200063,60.0,68.36629420758206,completed,0
blackbox_fullstate,45,OU,OU_200064,60.0,24.972794328189863,completed,0
blackbox_fullstate,45,OU,OU_200065,60.0,nan,pred_divergence,0
blackbox_fullstate,45,OU,OU_200066,60.0,83.00590280957327,completed,0
blackbox_fullstate,45,OU,OU_200067,60.0,nan,pred_divergence,0
blackbox_fullstate,45,OU,OU_200068,60.0,93.86504211373773,completed,0
blackbox_fullstate,45,OU,OU_200069,60.0,nan,pred_divergence,0
blackbox_fullstate,45,OU,OU_200070,60.0,nan,pred_divergence,0
blackbox_fullstate,45,OU,OU_200071,60.0,nan,pred_divergence,0
blackbox_fullstate,46,PRBS,PRBS_42,60.0,nan,pred_divergence,0
blackbox_fullstate,46,PRBS,PRBS_43,60.0,nan,pred_divergence,0
blackbox_fullstate,46,PRBS,PRBS_44,60.0,nan,pred_divergence,0
blackbox_fullstate,46,PRBS,PRBS_45,60.0,nan,pred_divergence,0
blackbox_fullstate,46,PRBS,PRBS_46,60.0,nan,pred_divergence,0
blackbox_fullstate,46,PRBS,PRBS_47,60.0,nan,pred_divergence,0
blackbox_fullstate,46,PRBS,PRBS_48,60.0,nan,pred_divergence,0
blackbox_fullstate,46,PRBS,PRBS_49,60.0,nan,pred_divergence,0
blackbox_fullstate,46,PRBS,PRBS_50,60.0,nan,pred_divergence,0
blackbox_fullstate,46,PRBS,PRBS_51,60.0,nan,pred_divergence,0
blackbox_fullstate,46,PRBS,PRBS_52,60.0,nan,pred_divergence,0
blackbox_fullstate,46,PRBS,PRBS_53,60.0,nan,pred_divergence,0
blackbox_fullstate,46,PRBS,PRBS_54,60.0,nan,pred_divergence,0
blackbox_fullstate,46,PRBS,PRBS_55,60.0,nan,pred_divergence,0
blackbox_fullstate,46,PRBS,PRBS_56,60.0,nan,pred_divergence,0
blackbox_fullstate,46,PRBS,PRBS_57,60.0,nan,pred_divergence,0
blackbox_fullstate,46,PRBS,PRBS_58,60.0,nan,pred_divergence,0
blackbox_fullstate,46,PRBS,PRBS_59,60.0,nan,pred_divergence,0
blackbox_fullstate,46,PRBS,PRBS_60,60.0,nan,pred_divergence,0
blackbox_fullstate,46,PRBS,PRBS_61,60.0,nan,pred_divergence,0
blackbox_fullstate,46,PRBS,PRBS_62,60.0,nan,pred_divergence,0
blackbox_fullstate,46,PRBS,PRBS_63,60.0,nan,pred_divergence,0
blackbox_fullstate,46,PRBS,PRBS_64,60.0,nan,pred_divergence,0
blackbox_fullstate,46,PRBS,PRBS_65,60.0,nan,pred_divergence,0
blackbox_fullstate,46,PRBS,PRBS_66,60.0,nan,pred_divergence,0
blackbox_fullstate,46,PRBS,PRBS_67,60.0,nan,pred_divergence,0
blackbox_fullstate,46,PRBS,PRBS_68,60.0,nan,pred_divergence,0
blackbox_fullstate,46,PRBS,PRBS_69,60.0,nan,pred_divergence,0
blackbox_fullstate,46,PRBS,PRBS_70,60.0,nan,pred_divergence,0
blackbox_fullstate,46,PRBS,PRBS_71,60.0,nan,pred_divergence,0
blackbox_fullstate,46,CHIRP,CHIRP_100042,60.0,nan,pred_divergence,0
blackbox_fullstate,46,CHIRP,CHIRP_100043,60.0,nan,pred_divergence,0
blackbox_fullstate,46,CHIRP,CHIRP_100044,60.0,nan,pred_divergence,0
blackbox_fullstate,46,CHIRP,CHIRP_100045,60.0,nan,pred_divergence,0
blackbox_fullstate,46,CHIRP,CHIRP_100046,60.0,nan,pred_divergence,0
blackbox_fullstate,46,CHIRP,CHIRP_100047,60.0,nan,pred_divergence,0
blackbox_fullstate,46,CHIRP,CHIRP_100048,60.0,nan,pred_divergence,0
blackbox_fullstate,46,CHIRP,CHIRP_100049,60.0,nan,pred_divergence,0
blackbox_fullstate,46,CHIRP,CHIRP_100050,60.0,nan,pred_divergence,0
blackbox_fullstate,46,CHIRP,CHIRP_100051,60.0,nan,pred_divergence,0
blackbox_fullstate,46,CHIRP,CHIRP_100052,60.0,nan,pred_divergence,0
blackbox_fullstate,46,CHIRP,CHIRP_100053,60.0,nan,pred_divergence,0
blackbox_fullstate,46,CHIRP,CHIRP_100054,60.0,nan,pred_divergence,0
blackbox_fullstate,46,CHIRP,CHIRP_100055,60.0,nan,pred_divergence,0
blackbox_fullstate,46,CHIRP,CHIRP_100056,60.0,nan,pred_divergence,0
blackbox_fullstate,46,CHIRP,CHIRP_100057,60.0,nan,pred_divergence,0
blackbox_fullstate,46,CHIRP,CHIRP_100058,60.0,nan,pred_divergence,0
blackbox_fullstate,46,CHIRP,CHIRP_100059,60.0,nan,pred_divergence,0
blackbox_fullstate,46,CHIRP,CHIRP_100060,60.0,nan,pred_divergence,0
blackbox_fullstate,46,CHIRP,CHIRP_100061,60.0,nan,pred_divergence,0
blackbox_fullstate,46,CHIRP,CHIRP_100062,60.0,nan,pred_divergence,0
blackbox_fullstate,46,CHIRP,CHIRP_100063,60.0,nan,pred_divergence,0
blackbox_fullstate,46,CHIRP,CHIRP_100064,60.0,nan,pred_divergence,0
blackbox_fullstate,46,CHIRP,CHIRP_100065,60.0,nan,pred_divergence,0
blackbox_fullstate,46,CHIRP,CHIRP_100066,60.0,nan,pred_divergence,0
blackbox_fullstate,46,CHIRP,CHIRP_100067,60.0,nan,pred_divergence,0
blackbox_fullstate,46,CHIRP,CHIRP_100068,60.0,nan,pred_divergence,0
blackbox_fullstate,46,CHIRP,CHIRP_100069,60.0,nan,pred_divergence,0
blackbox_fullstate,46,CHIRP,CHIRP_100070,60.0,nan,pred_divergence,0
blackbox_fullstate,46,CHIRP,CHIRP_100071,60.0,nan,pred_divergence,0
blackbox_fullstate,46,OU,OU_200042,60.0,nan,pred_divergence,0
blackbox_fullstate,46,OU,OU_200043,60.0,nan,pred_divergence,0
blackbox_fullstate,46,OU,OU_200044,60.0,nan,pred_divergence,0
blackbox_fullstate,46,OU,OU_200045,60.0,nan,pred_divergence,0
blackbox_fullstate,46,OU,OU_200046,60.0,nan,pred_divergence,0
blackbox_fullstate,46,OU,OU_200047,60.0,nan,pred_divergence,0
blackbox_fullstate,46,OU,OU_200048,60.0,nan,pred_divergence,0
blackbox_fullstate,46,OU,OU_200049,60.0,nan,pred_divergence,0
blackbox_fullstate,46,OU,OU_200050,60.0,nan,pred_divergence,0
blackbox_fullstate,46,OU,OU_200051,60.0,nan,pred_divergence,0
blackbox_fullstate,46,OU,OU_200052,60.0,nan,pred_divergence,0
blackbox_fullstate,46,OU,OU_200053,60.0,nan,pred_divergence,0
blackbox_fullstate,46,OU,OU_200054,60.0,nan,pred_divergence,0
blackbox_fullstate,46,OU,OU_200055,60.0,nan,pred_divergence,0
blackbox_fullstate,46,OU,OU_200056,60.0,nan,pred_divergence,0
blackbox_fullstate,46,OU,OU_200057,60.0,nan,pred_divergence,0
blackbox_fullstate,46,OU,OU_200058,60.0,nan,pred_divergence,0
blackbox_fullstate,46,OU,OU_200059,60.0,nan,pred_divergence,0
blackbox_fullstate,46,OU,OU_200060,60.0,nan,pred_divergence,0
blackbox_fullstate,46,OU,OU_200061,60.0,nan,pred_divergence,0
blackbox_fullstate,46,OU,OU_200062,60.0,nan,pred_divergence,0
blackbox_fullstate,46,OU,OU_200063,60.0,nan,pred_divergence,0
blackbox_fullstate,46,OU,OU_200064,60.0,nan,pred_divergence,0
blackbox_fullstate,46,OU,OU_200065,60.0,nan,pred_divergence,0
blackbox_fullstate,46,OU,OU_200066,60.0,nan,pred_divergence,0
blackbox_fullstate,46,OU,OU_200067,60.0,nan,pred_divergence,0
blackbox_fullstate,46,OU,OU_200068,60.0,nan,pred_divergence,0
blackbox_fullstate,46,OU,OU_200069,60.0,nan,pred_divergence,0
blackbox_fullstate,46,OU,OU_200070,60.0,nan,pred_divergence,0
blackbox_fullstate,46,OU,OU_200071,60.0,nan,pred_divergence,0
