model_type,train_protocol,eval_profile,eval_protocol,scope,horizon_s,n_seeds_total,n_anomaly_excluded,n_rollout_diverged,n_seeds_used,posmed_mean_of_seed_medians,posmed_median_of_seed_medians,posmed_min,posmed_max,posp95_mean_of_seed_p95s,posp95_median_of_seed_p95s,posp95_max,completion_mean,excluded_seeds,diverged_seeds
ablate_no_lift,clean,clean,clean,CHIRP,10.0,5,1,0,4,0.0848,0.0767,0.0545,0.1316,0.1459,0.131,0.223,,43,
ablate_no_lift,clean,clean,clean,CHIRP,30.0,5,1,0,4,0.2648,0.2404,0.1939,0.3843,0.5928,0.5624,0.7875,,43,
ablate_no_lift,clean,clean,clean,CHIRP,60.0,5,1,0,4,0.8016,0.6485,0.5155,1.3938,1.711,1.4282,2.7634,,43,
ablate_no_lift,clean,clean,clean,OU,10.0,5,1,0,4,0.1028,0.0982,0.0576,0.1571,0.2019,0.1893,0.2987,,43,
ablate_no_lift,clean,clean,clean,OU,30.0,5,1,0,4,0.3708,0.3195,0.2204,0.6238,0.8417,0.8089,1.1301,,43,
ablate_no_lift,clean,clean,clean,OU,60.0,5,1,0,4,1.0042,0.9429,0.721,1.4101,2.3976,2.1729,3.905,,43,
ablate_no_lift,clean,clean,clean,PRBS,10.0,5,1,0,4,0.0727,0.0637,0.0452,0.1184,0.1619,0.1342,0.2738,,43,
ablate_no_lift,clean,clean,clean,PRBS,30.0,5,1,0,4,0.2342,0.1902,0.122,0.4346,0.625,0.4668,1.1812,,43,
ablate_no_lift,clean,clean,clean,PRBS,60.0,5,1,0,4,0.7471,0.6155,0.3383,1.419,1.7345,1.4941,3.1371,,43,
ablate_no_lift,clean,clean,clean,overall,10.0,5,1,0,4,0.0836,0.0729,0.0521,0.1365,0.1821,0.1654,0.2742,,43,
ablate_no_lift,clean,clean,clean,overall,30.0,5,1,0,4,0.2818,0.2422,0.183,0.4599,0.7151,0.62,1.0933,,43,
ablate_no_lift,clean,clean,clean,overall,60.0,5,1,0,4,0.8288,0.6958,0.5262,1.3974,2.1538,2.0724,3.1915,,43,
ablate_no_lift,clean,degraded_eval,iid_noisy_ic,CHIRP,10.0,5,1,0,4,0.2676,0.2647,0.2558,0.2851,0.8102,0.8035,0.8336,,43,
ablate_no_lift,clean,degraded_eval,iid_noisy_ic,CHIRP,30.0,5,1,0,4,0.7504,0.7365,0.6945,0.8339,2.2593,2.2538,2.329,,43,
ablate_no_lift,clean,degraded_eval,iid_noisy_ic,CHIRP,60.0,5,1,0,4,1.5474,1.5763,1.3463,1.6906,4.8303,4.7381,5.292,,43,
ablate_no_lift,clean,degraded_eval,iid_noisy_ic,OU,10.0,5,1,0,4,0.3222,0.3154,0.2976,0.3605,0.8978,0.8622,1.0469,,43,
ablate_no_lift,clean,degraded_eval,iid_noisy_ic,OU,30.0,5,1,0,4,0.9428,0.9336,0.8656,1.0385,2.8186,2.6604,3.5738,,43,
ablate_no_lift,clean,degraded_eval,iid_noisy_ic,OU,60.0,5,1,0,4,2.0678,2.0545,1.9256,2.2365,6.2631,5.5898,8.4267,,43,
ablate_no_lift,clean,degraded_eval,iid_noisy_ic,PRBS,10.0,5,1,0,4,0.2839,0.2836,0.2688,0.2996,0.9192,0.9021,0.9836,,43,
ablate_no_lift,clean,degraded_eval,iid_noisy_ic,PRBS,30.0,5,1,0,4,0.9409,0.9303,0.802,1.1013,2.6606,2.5509,3.0771,,43,
ablate_no_lift,clean,degraded_eval,iid_noisy_ic,PRBS,60.0,5,1,0,4,1.7246,1.6857,1.5904,1.9365,6.1782,5.7551,7.5715,,43,
ablate_no_lift,clean,degraded_eval,iid_noisy_ic,overall,10.0,5,1,0,4,0.2987,0.2966,0.2825,0.3188,0.9194,0.8953,1.0127,,43,
ablate_no_lift,clean,degraded_eval,iid_noisy_ic,overall,30.0,5,1,0,4,0.814,0.8009,0.7787,0.8756,2.662,2.5331,3.1493,,43,
ablate_no_lift,clean,degraded_eval,iid_noisy_ic,overall,60.0,5,1,0,4,1.7711,1.7714,1.6253,1.9162,6.0103,5.5,7.6668,,43,
ablate_no_lift,clean,heading_biased_eval,iid_noisy_ic,CHIRP,10.0,5,1,0,4,0.4977,0.4991,0.4875,0.505,0.6869,0.6896,0.6968,,43,
ablate_no_lift,clean,heading_biased_eval,iid_noisy_ic,CHIRP,30.0,5,1,0,4,1.4456,1.4598,1.347,1.5157,2.2311,2.2596,2.3198,,43,
ablate_no_lift,clean,heading_biased_eval,iid_noisy_ic,CHIRP,60.0,5,1,0,4,2.9151,2.9463,2.635,3.1327,5.1407,4.9885,5.6942,,43,
ablate_no_lift,clean,heading_biased_eval,iid_noisy_ic,OU,10.0,5,1,0,4,0.5303,0.5253,0.5203,0.5503,0.994,0.9745,1.117,,43,
ablate_no_lift,clean,heading_biased_eval,iid_noisy_ic,OU,30.0,5,1,0,4,1.5896,1.5786,1.4357,1.7653,2.8572,2.7425,3.396,,43,
ablate_no_lift,clean,heading_biased_eval,iid_noisy_ic,OU,60.0,5,1,0,4,3.1975,3.0737,2.7324,3.91,5.4279,5.4277,6.0857,,43,
ablate_no_lift,clean,heading_biased_eval,iid_noisy_ic,PRBS,10.0,5,1,0,4,0.4296,0.4289,0.4212,0.4395,0.8392,0.8327,0.8822,,43,
ablate_no_lift,clean,heading_biased_eval,iid_noisy_ic,PRBS,30.0,5,1,0,4,1.559,1.5404,1.5194,1.6357,2.6432,2.613,2.8287,,43,
ablate_no_lift,clean,heading_biased_eval,iid_noisy_ic,PRBS,60.0,5,1,0,4,3.152,3.1021,2.9596,3.4442,5.0146,5.0088,5.6004,,43,
ablate_no_lift,clean,heading_biased_eval,iid_noisy_ic,overall,10.0,5,1,0,4,0.4963,0.496,0.4938,0.4992,0.8595,0.8685,0.8825,,43,
ablate_no_lift,clean,heading_biased_eval,iid_noisy_ic,overall,30.0,5,1,0,4,1.5364,1.5212,1.4799,1.6232,2.6301,2.5614,2.909,,43,
ablate_no_lift,clean,heading_biased_eval,iid_noisy_ic,overall,60.0,5,1,0,4,3.0661,3.0583,2.9087,3.2391,5.2822,5.2764,5.7726,,43,
ablate_no_lift,clean,nominal_eval,iid_noisy_ic,CHIRP,10.0,5,1,0,4,0.1368,0.1324,0.1065,0.1759,0.3417,0.3391,0.3618,,43,
ablate_no_lift,clean,nominal_eval,iid_noisy_ic,CHIRP,30.0,5,1,0,4,0.4129,0.4008,0.3832,0.4667,1.0073,0.9983,1.0889,,43,
ablate_no_lift,clean,nominal_eval,iid_noisy_ic,CHIRP,60.0,5,1,0,4,0.98,1.0141,0.7774,1.1146,2.27,2.1064,2.9301,,43,
ablate_no_lift,clean,nominal_eval,iid_noisy_ic,OU,10.0,5,1,0,4,0.1676,0.153,0.1336,0.2306,0.4532,0.4308,0.5635,,43,
ablate_no_lift,clean,nominal_eval,iid_noisy_ic,OU,30.0,5,1,0,4,0.4981,0.4965,0.3819,0.6175,1.5237,1.4817,2.0232,,43,
ablate_no_lift,clean,nominal_eval,iid_noisy_ic,OU,60.0,5,1,0,4,1.1929,1.0899,0.8851,1.7068,3.7618,3.32,5.5646,,43,
ablate_no_lift,clean,nominal_eval,iid_noisy_ic,PRBS,10.0,5,1,0,4,0.1509,0.1459,0.1242,0.1878,0.4041,0.3875,0.476,,43,
ablate_no_lift,clean,nominal_eval,iid_noisy_ic,PRBS,30.0,5,1,0,4,0.4431,0.4244,0.3632,0.5603,1.2827,1.1783,1.6419,,43,
ablate_no_lift,clean,nominal_eval,iid_noisy_ic,PRBS,60.0,5,1,0,4,0.9614,0.8061,0.6843,1.549,3.051,2.6316,4.3668,,43,
ablate_no_lift,clean,nominal_eval,iid_noisy_ic,overall,10.0,5,1,0,4,0.152,0.1422,0.1245,0.1992,0.4278,0.4035,0.5208,,43,
ablate_no_lift,clean,nominal_eval,iid_noisy_ic,overall,30.0,5,1,0,4,0.4442,0.4243,0.3797,0.5488,1.3285,1.1694,1.867,,43,
ablate_no_lift,clean,nominal_eval,iid_noisy_ic,overall,60.0,5,1,0,4,1.0508,0.9409,0.8114,1.5102,3.1692,2.7346,4.6293,,43,
ablate_no_lift,clean,nominal_eval,v4_lite,CHIRP,10.0,5,1,0,4,0.1337,0.1264,0.1037,0.1785,0.2963,0.2929,0.3297,,43,
ablate_no_lift,clean,nominal_eval,v4_lite,CHIRP,30.0,5,1,0,4,0.3831,0.362,0.3387,0.4696,1.0684,0.9972,1.3915,,43,
ablate_no_lift,clean,nominal_eval,v4_lite,CHIRP,60.0,5,1,0,4,1.0098,0.8389,0.6975,1.6636,2.5987,2.445,3.536,,43,
ablate_no_lift,clean,nominal_eval,v4_lite,OU,10.0,5,1,0,4,0.1415,0.1357,0.1101,0.1844,0.3071,0.2895,0.3945,,43,
ablate_no_lift,clean,nominal_eval,v4_lite,OU,30.0,5,1,0,4,0.4322,0.3597,0.3177,0.6917,1.0831,1.0923,1.2893,,43,
ablate_no_lift,clean,nominal_eval,v4_lite,OU,60.0,5,1,0,4,1.123,1.1176,0.8163,1.4404,2.8151,2.4871,4.1509,,43,
ablate_no_lift,clean,nominal_eval,v4_lite,PRBS,10.0,5,1,0,4,0.1061,0.1008,0.0826,0.1403,0.316,0.292,0.3968,,43,
ablate_no_lift,clean,nominal_eval,v4_lite,PRBS,30.0,5,1,0,4,0.3161,0.2857,0.2276,0.4654,1.005,0.9699,1.2108,,43,
ablate_no_lift,clean,nominal_eval,v4_lite,PRBS,60.0,5,1,0,4,0.9308,0.8025,0.6989,1.4192,2.2167,1.9967,3.144,,43,
ablate_no_lift,clean,nominal_eval,v4_lite,overall,10.0,5,1,0,4,0.1276,0.1182,0.1044,0.1695,0.3146,0.294,0.3968,,43,
ablate_no_lift,clean,nominal_eval,v4_lite,overall,30.0,5,1,0,4,0.3759,0.3357,0.3013,0.5308,1.0752,1.0364,1.2955,,43,
ablate_no_lift,clean,nominal_eval,v4_lite,overall,60.0,5,1,0,4,1.0028,0.8933,0.7324,1.492,2.6796,2.4505,3.7774,,43,
ablate_no_lift,iid,clean,clean,CHIRP,10.0,5,0,0,5,0.0969,0.0901,0.0651,0.1328,0.1578,0.1674,0.2121,,,
ablate_no_lift,iid,clean,clean,CHIRP,30.0,5,0,0,5,0.2314,0.2475,0.1935,0.2544,0.5832,0.6421,0.7388,,,
ablate_no_lift,iid,clean,clean,CHIRP,60.0,5,0,0,5,0.5485,0.4871,0.474,0.7102,1.4828,1.6442,1.8381,,,
ablate_no_lift,iid,clean,clean,OU,10.0,5,0,0,5,0.1312,0.1272,0.1136,0.1457,0.322,0.3108,0.4463,,,
ablate_no_lift,iid,clean,clean,OU,30.0,5,0,0,5,0.4405,0.449,0.3519,0.5177,1.1007,1.0594,1.344,,,
ablate_no_lift,iid,clean,clean,OU,60.0,5,0,0,5,1.1649,1.1706,0.9132,1.3921,3.2337,3.2397,4.0403,,,
ablate_no_lift,iid,clean,clean,PRBS,10.0,5,0,0,5,0.0984,0.0952,0.0658,0.129,0.2437,0.2359,0.2882,,,
ablate_no_lift,iid,clean,clean,PRBS,30.0,5,0,0,5,0.322,0.3428,0.2194,0.3912,0.7378,0.8119,0.9341,,,
ablate_no_lift,iid,clean,clean,PRBS,60.0,5,0,0,5,0.7987,0.7419,0.6618,0.9606,2.0822,2.1497,3.079,,,
ablate_no_lift,iid,clean,clean,overall,10.0,5,0,0,5,0.1081,0.1059,0.0773,0.136,0.2684,0.2834,0.2892,,,
ablate_no_lift,iid,clean,clean,overall,30.0,5,0,0,5,0.3351,0.3389,0.2237,0.3973,0.8403,0.8461,1.0318,,,
ablate_no_lift,iid,clean,clean,overall,60.0,5,0,0,5,0.8291,0.89,0.6618,0.9557,2.742,2.5996,3.5803,,,
ablate_no_lift,iid,degraded_eval,iid_noisy_ic,CHIRP,10.0,5,0,0,5,0.2562,0.2416,0.2374,0.2861,0.8195,0.8254,0.8424,,,
ablate_no_lift,iid,degraded_eval,iid_noisy_ic,CHIRP,30.0,5,0,0,5,0.7256,0.7197,0.6946,0.772,2.2062,2.2405,2.2823,,,
ablate_no_lift,iid,degraded_eval,iid_noisy_ic,CHIRP,60.0,5,0,0,5,1.5368,1.508,1.1833,1.7865,4.9091,4.9545,5.1839,,,
ablate_no_lift,iid,degraded_eval,iid_noisy_ic,OU,10.0,5,0,0,5,0.3382,0.3353,0.3129,0.3685,0.8944,0.888,1.0056,,,
ablate_no_lift,iid,degraded_eval,iid_noisy_ic,OU,30.0,5,0,0,5,1.1024,1.1155,0.9892,1.1939,2.9317,2.8729,3.3316,,,
ablate_no_lift,iid,degraded_eval,iid_noisy_ic,OU,60.0,5,0,0,5,2.3057,2.3457,2.1356,2.4945,6.2727,6.4782,7.1499,,,
ablate_no_lift,iid,degraded_eval,iid_noisy_ic,PRBS,10.0,5,0,0,5,0.3037,0.3048,0.2711,0.3309,0.9036,0.8966,0.9433,,,
ablate_no_lift,iid,degraded_eval,iid_noisy_ic,PRBS,30.0,5,0,0,5,0.8352,0.7947,0.7255,0.9652,2.504,2.495,2.7057,,,
ablate_no_lift,iid,degraded_eval,iid_noisy_ic,PRBS,60.0,5,0,0,5,1.5892,1.4989,1.345,1.9851,5.7534,5.8159,6.4449,,,
ablate_no_lift,iid,degraded_eval,iid_noisy_ic,overall,10.0,5,0,0,5,0.302,0.3018,0.2909,0.3147,0.9026,0.9088,0.9396,,,
ablate_no_lift,iid,degraded_eval,iid_noisy_ic,overall,30.0,5,0,0,5,0.8584,0.8644,0.7822,0.9383,2.6009,2.6417,2.6602,,,
ablate_no_lift,iid,degraded_eval,iid_noisy_ic,overall,60.0,5,0,0,5,1.8616,1.8027,1.7914,2.057,5.733,5.7288,5.8604,,,
ablate_no_lift,iid,heading_biased_eval,iid_noisy_ic,CHIRP,10.0,5,0,0,5,0.4787,0.4862,0.4582,0.4988,0.6961,0.6939,0.7203,,,
ablate_no_lift,iid,heading_biased_eval,iid_noisy_ic,CHIRP,30.0,5,0,0,5,1.4125,1.4158,1.3876,1.4429,2.2465,2.2346,2.3693,,,
ablate_no_lift,iid,heading_biased_eval,iid_noisy_ic,CHIRP,60.0,5,0,0,5,2.9928,2.9724,2.9097,3.0767,4.7655,4.6977,4.8997,,,
ablate_no_lift,iid,heading_biased_eval,iid_noisy_ic,OU,10.0,5,0,0,5,0.5506,0.544,0.5376,0.5838,0.9377,0.94,1.0074,,,
ablate_no_lift,iid,heading_biased_eval,iid_noisy_ic,OU,30.0,5,0,0,5,1.7192,1.6498,1.6335,1.8479,2.7807,2.7884,2.9854,,,
ablate_no_lift,iid,heading_biased_eval,iid_noisy_ic,OU,60.0,5,0,0,5,3.4646,3.4661,3.1059,3.8679,6.0333,5.6462,7.015,,,
ablate_no_lift,iid,heading_biased_eval,iid_noisy_ic,PRBS,10.0,5,0,0,5,0.4255,0.4291,0.3886,0.4431,0.8579,0.8525,0.899,,,
ablate_no_lift,iid,heading_biased_eval,iid_noisy_ic,PRBS,30.0,5,0,0,5,1.537,1.5339,1.419,1.6345,2.7788,2.8533,2.976,,,
ablate_no_lift,iid,heading_biased_eval,iid_noisy_ic,PRBS,60.0,5,0,0,5,3.047,3.1069,2.7524,3.2422,4.9766,5.0403,5.3919,,,
ablate_no_lift,iid,heading_biased_eval,iid_noisy_ic,overall,10.0,5,0,0,5,0.4983,0.4988,0.4881,0.5063,0.8907,0.8913,0.9122,,,
ablate_no_lift,iid,heading_biased_eval,iid_noisy_ic,overall,30.0,5,0,0,5,1.551,1.5257,1.4901,1.6294,2.6989,2.6902,2.8321,,,
ablate_no_lift,iid,heading_biased_eval,iid_noisy_ic,overall,60.0,5,0,0,5,3.1667,3.1775,3.0374,3.2878,5.4201,5.1922,5.9994,,,
ablate_no_lift,iid,nominal_eval,iid_noisy_ic,CHIRP,10.0,5,0,0,5,0.1457,0.1291,0.1212,0.1971,0.3522,0.3497,0.3657,,,
ablate_no_lift,iid,nominal_eval,iid_noisy_ic,CHIRP,30.0,5,0,0,5,0.4179,0.4289,0.3346,0.5226,0.9942,0.9725,1.1181,,,
ablate_no_lift,iid,nominal_eval,iid_noisy_ic,CHIRP,60.0,5,0,0,5,0.8016,0.7497,0.5656,1.0599,2.3218,2.3111,2.6129,,,
ablate_no_lift,iid,nominal_eval,iid_noisy_ic,OU,10.0,5,0,0,5,0.1965,0.1925,0.186,0.2127,0.4862,0.4909,0.554,,,
ablate_no_lift,iid,nominal_eval,iid_noisy_ic,OU,30.0,5,0,0,5,0.617,0.6456,0.4984,0.6531,1.7092,1.7532,1.8697,,,
ablate_no_lift,iid,nominal_eval,iid_noisy_ic,OU,60.0,5,0,0,5,1.4331,1.4369,1.356,1.4821,4.2132,4.2615,4.7839,,,
ablate_no_lift,iid,nominal_eval,iid_noisy_ic,PRBS,10.0,5,0,0,5,0.1608,0.1571,0.1439,0.1884,0.4076,0.4081,0.4512,,,
ablate_no_lift,iid,nominal_eval,iid_noisy_ic,PRBS,30.0,5,0,0,5,0.3903,0.3871,0.2964,0.4864,1.2767,1.3004,1.4813,,,
ablate_no_lift,iid,nominal_eval,iid_noisy_ic,PRBS,60.0,5,0,0,5,0.8955,0.7823,0.7465,1.1173,2.9182,2.8665,3.4933,,,
ablate_no_lift,iid,nominal_eval,iid_noisy_ic,overall,10.0,5,0,0,5,0.1669,0.1662,0.1407,0.2004,0.4252,0.4166,0.4664,,,
ablate_no_lift,iid,nominal_eval,iid_noisy_ic,overall,30.0,5,0,0,5,0.4582,0.447,0.3926,0.5468,1.3606,1.3197,1.4814,,,
ablate_no_lift,iid,nominal_eval,iid_noisy_ic,overall,60.0,5,0,0,5,1.0043,1.0093,0.8266,1.1047,3.4515,3.1251,4.2513,,,
ablate_no_lift,iid,nominal_eval,v4_lite,CHIRP,10.0,5,0,0,5,0.1555,0.1516,0.1332,0.1779,0.3083,0.3129,0.3344,,,
ablate_no_lift,iid,nominal_eval,v4_lite,CHIRP,30.0,5,0,0,5,0.4427,0.4308,0.3671,0.5118,1.1238,1.1358,1.2262,,,
ablate_no_lift,iid,nominal_eval,v4_lite,CHIRP,60.0,5,0,0,5,0.9594,0.9528,0.8659,1.1037,2.3745,2.2912,2.8471,,,
ablate_no_lift,iid,nominal_eval,v4_lite,OU,10.0,5,0,0,5,0.179,0.1805,0.1588,0.1929,0.3611,0.3391,0.4292,,,
ablate_no_lift,iid,nominal_eval,v4_lite,OU,30.0,5,0,0,5,0.5305,0.5372,0.4504,0.6103,1.2263,1.2239,1.5329,,,
ablate_no_lift,iid,nominal_eval,v4_lite,OU,60.0,5,0,0,5,1.2316,1.2178,1.1245,1.3911,3.8106,3.4436,4.7726,,,
ablate_no_lift,iid,nominal_eval,v4_lite,PRBS,10.0,5,0,0,5,0.1414,0.1469,0.114,0.1587,0.3608,0.3583,0.4178,,,
ablate_no_lift,iid,nominal_eval,v4_lite,PRBS,30.0,5,0,0,5,0.3915,0.4142,0.2587,0.4668,1.1667,1.2456,1.3194,,,
ablate_no_lift,iid,nominal_eval,v4_lite,PRBS,60.0,5,0,0,5,0.8889,0.7815,0.6297,1.33,2.7336,2.8721,3.6744,,,
ablate_no_lift,iid,nominal_eval,v4_lite,overall,10.0,5,0,0,5,0.162,0.1589,0.1394,0.1836,0.3585,0.3492,0.403,,,
ablate_no_lift,iid,nominal_eval,v4_lite,overall,30.0,5,0,0,5,0.4538,0.4606,0.4105,0.4844,1.2096,1.2475,1.3452,,,
ablate_no_lift,iid,nominal_eval,v4_lite,overall,60.0,5,0,0,5,1.0551,1.0417,0.9885,1.1342,3.0847,3.2832,3.4581,,,
ablate_no_lift,v4lite,clean,clean,CHIRP,10.0,5,0,0,5,0.0982,0.0967,0.069,0.143,0.1873,0.1503,0.3102,,,
ablate_no_lift,v4lite,clean,clean,CHIRP,30.0,5,0,0,5,0.4258,0.3031,0.214,1.0277,0.8148,0.6001,1.7823,,,
ablate_no_lift,v4lite,clean,clean,CHIRP,60.0,5,0,0,5,1.374,0.9228,0.4975,3.7354,2.3351,1.7425,5.3822,,,
ablate_no_lift,v4lite,clean,clean,OU,10.0,5,0,0,5,0.1484,0.1459,0.1024,0.1938,0.3234,0.3188,0.4062,,,
ablate_no_lift,v4lite,clean,clean,OU,30.0,5,0,0,5,0.4823,0.5125,0.2993,0.6672,1.306,1.3904,1.6323,,,
ablate_no_lift,v4lite,clean,clean,OU,60.0,5,0,0,5,1.1928,1.1762,0.685,1.8934,3.2798,2.8461,5.2487,,,
ablate_no_lift,v4lite,clean,clean,PRBS,10.0,5,0,0,5,0.114,0.1083,0.0948,0.1422,0.2871,0.2905,0.331,,,
ablate_no_lift,v4lite,clean,clean,PRBS,30.0,5,0,0,5,0.3851,0.3908,0.275,0.4516,0.9714,0.8905,1.4037,,,
ablate_no_lift,v4lite,clean,clean,PRBS,60.0,5,0,0,5,0.9789,1.0512,0.6803,1.2361,2.8268,2.8082,3.6141,,,
ablate_no_lift,v4lite,clean,clean,overall,10.0,5,0,0,5,0.1142,0.1087,0.0901,0.1515,0.2915,0.2864,0.3663,,,
ablate_no_lift,v4lite,clean,clean,overall,30.0,5,0,0,5,0.4111,0.3752,0.264,0.6732,1.1017,0.9615,1.667,,,
ablate_no_lift,v4lite,clean,clean,overall,60.0,5,0,0,5,1.1606,0.9433,0.6163,2.3826,3.1069,2.4847,5.2692,,,
ablate_no_lift,v4lite,degraded_eval,iid_noisy_ic,CHIRP,10.0,5,0,0,5,0.2611,0.2503,0.2341,0.3124,0.8007,0.8055,0.8376,,,
ablate_no_lift,v4lite,degraded_eval,iid_noisy_ic,CHIRP,30.0,5,0,0,5,0.7589,0.6568,0.5157,1.1829,2.2476,2.2053,2.4675,,,
ablate_no_lift,v4lite,degraded_eval,iid_noisy_ic,CHIRP,60.0,5,0,0,5,1.959,1.4094,1.257,3.939,5.2504,4.9098,6.747,,,
ablate_no_lift,v4lite,degraded_eval,iid_noisy_ic,OU,10.0,5,0,0,5,0.3647,0.3623,0.3243,0.3963,0.963,0.9486,1.1332,,,
ablate_no_lift,v4lite,degraded_eval,iid_noisy_ic,OU,30.0,5,0,0,5,1.0579,1.0265,0.9845,1.1831,2.8155,2.5945,3.8796,,,
ablate_no_lift,v4lite,degraded_eval,iid_noisy_ic,OU,60.0,5,0,0,5,2.2404,2.2036,2.081,2.5867,6.0695,6.0547,8.2984,,,
ablate_no_lift,v4lite,degraded_eval,iid_noisy_ic,PRBS,10.0,5,0,0,5,0.3072,0.3135,0.2829,0.3328,0.898,0.9033,0.9184,,,
ablate_no_lift,v4lite,degraded_eval,iid_noisy_ic,PRBS,30.0,5,0,0,5,0.8669,0.8253,0.7447,1.0977,2.5462,2.582,2.7053,,,
ablate_no_lift,v4lite,degraded_eval,iid_noisy_ic,PRBS,60.0,5,0,0,5,1.8023,1.6991,1.5825,2.1108,5.6596,5.5407,6.2899,,,
ablate_no_lift,v4lite,degraded_eval,iid_noisy_ic,overall,10.0,5,0,0,5,0.3003,0.3008,0.2819,0.3229,0.9308,0.9386,0.9957,,,
ablate_no_lift,v4lite,degraded_eval,iid_noisy_ic,overall,30.0,5,0,0,5,0.8818,0.8381,0.7607,1.1218,2.6539,2.5815,3.0491,,,
ablate_no_lift,v4lite,degraded_eval,iid_noisy_ic,overall,60.0,5,0,0,5,2.0069,1.8112,1.7446,2.7262,5.7702,5.4145,6.7748,,,
ablate_no_lift,v4lite,heading_biased_eval,iid_noisy_ic,CHIRP,10.0,5,0,0,5,0.4826,0.4703,0.4611,0.5225,0.7122,0.7061,0.7994,,,
ablate_no_lift,v4lite,heading_biased_eval,iid_noisy_ic,CHIRP,30.0,5,0,0,5,1.4546,1.4212,1.3801,1.558,2.347,2.18,3.1047,,,
ablate_no_lift,v4lite,heading_biased_eval,iid_noisy_ic,CHIRP,60.0,5,0,0,5,3.4134,3.2341,2.9601,4.398,5.5365,4.9627,8.3681,,,
ablate_no_lift,v4lite,heading_biased_eval,iid_noisy_ic,OU,10.0,5,0,0,5,0.5528,0.553,0.5295,0.5693,0.9832,0.9629,1.0482,,,
ablate_no_lift,v4lite,heading_biased_eval,iid_noisy_ic,OU,30.0,5,0,0,5,1.7152,1.7142,1.6163,1.8235,2.981,2.9466,3.2023,,,
ablate_no_lift,v4lite,heading_biased_eval,iid_noisy_ic,OU,60.0,5,0,0,5,3.5299,3.4229,3.103,4.4828,5.8624,5.5732,6.663,,,
ablate_no_lift,v4lite,heading_biased_eval,iid_noisy_ic,PRBS,10.0,5,0,0,5,0.4603,0.4668,0.4252,0.5005,0.8856,0.8613,1.0074,,,
ablate_no_lift,v4lite,heading_biased_eval,iid_noisy_ic,PRBS,30.0,5,0,0,5,1.5884,1.6006,1.4816,1.7094,2.8291,2.8677,3.2042,,,
ablate_no_lift,v4lite,heading_biased_eval,iid_noisy_ic,PRBS,60.0,5,0,0,5,3.1106,3.0762,2.8551,3.3859,5.6819,5.6236,6.2126,,,
ablate_no_lift,v4lite,heading_biased_eval,iid_noisy_ic,overall,10.0,5,0,0,5,0.4985,0.4982,0.4775,0.5144,0.8931,0.8647,1.0068,,,
ablate_no_lift,v4lite,heading_biased_eval,iid_noisy_ic,overall,30.0,5,0,0,5,1.6058,1.5825,1.5308,1.7608,2.8622,2.7856,3.1752,,,
ablate_no_lift,v4lite,heading_biased_eval,iid_noisy_ic,overall,60.0,5,0,0,5,3.3168,3.1741,3.0737,3.9789,5.9388,5.5206,7.9369,,,
ablate_no_lift,v4lite,nominal_eval,iid_noisy_ic,CHIRP,10.0,5,0,0,5,0.1396,0.1328,0.1073,0.2,0.3373,0.3304,0.3796,,,
ablate_no_lift,v4lite,nominal_eval,iid_noisy_ic,CHIRP,30.0,5,0,0,5,0.5037,0.3579,0.3243,1.0727,1.1453,0.9658,1.9246,,,
ablate_no_lift,v4lite,nominal_eval,iid_noisy_ic,CHIRP,60.0,5,0,0,5,1.4289,0.7737,0.7414,3.7381,2.8832,2.3897,5.4363,,,
ablate_no_lift,v4lite,nominal_eval,iid_noisy_ic,OU,10.0,5,0,0,5,0.2054,0.2129,0.1639,0.2281,0.5242,0.5106,0.6432,,,
ablate_no_lift,v4lite,nominal_eval,iid_noisy_ic,OU,30.0,5,0,0,5,0.5983,0.5751,0.4526,0.7814,1.6863,1.4968,2.3096,,,
ablate_no_lift,v4lite,nominal_eval,iid_noisy_ic,OU,60.0,5,0,0,5,1.4524,1.2711,1.0904,2.1914,3.8966,3.3728,6.1173,,,
ablate_no_lift,v4lite,nominal_eval,iid_noisy_ic,PRBS,10.0,5,0,0,5,0.1689,0.1622,0.1422,0.2173,0.4094,0.4182,0.4452,,,
ablate_no_lift,v4lite,nominal_eval,iid_noisy_ic,PRBS,30.0,5,0,0,5,0.4513,0.427,0.3511,0.6143,1.2244,1.2538,1.4602,,,
ablate_no_lift,v4lite,nominal_eval,iid_noisy_ic,PRBS,60.0,5,0,0,5,1.0962,0.9571,0.8174,1.7376,3.2329,3.1312,3.9637,,,
ablate_no_lift,v4lite,nominal_eval,iid_noisy_ic,overall,10.0,5,0,0,5,0.1703,0.1667,0.1389,0.2124,0.435,0.4367,0.4757,,,
ablate_no_lift,v4lite,nominal_eval,iid_noisy_ic,overall,30.0,5,0,0,5,0.4929,0.4474,0.376,0.7515,1.5,1.4157,1.9527,,,
ablate_no_lift,v4lite,nominal_eval,iid_noisy_ic,overall,60.0,5,0,0,5,1.2696,1.0314,0.899,2.3225,3.6817,3.3823,5.4427,,,
ablate_no_lift,v4lite,nominal_eval,v4_lite,CHIRP,10.0,5,0,0,5,0.1472,0.1512,0.1272,0.1597,0.3114,0.2948,0.4073,,,
ablate_no_lift,v4lite,nominal_eval,v4_lite,CHIRP,30.0,5,0,0,5,0.4932,0.4174,0.3614,0.8868,1.2625,1.0605,2.1372,,,
ablate_no_lift,v4lite,nominal_eval,v4_lite,CHIRP,60.0,5,0,0,5,1.4273,0.9954,0.6569,3.3792,3.0853,2.5803,5.8764,,,
ablate_no_lift,v4lite,nominal_eval,v4_lite,OU,10.0,5,0,0,5,0.1794,0.1849,0.1446,0.1976,0.3774,0.354,0.4913,,,
ablate_no_lift,v4lite,nominal_eval,v4_lite,OU,30.0,5,0,0,5,0.5296,0.5288,0.4097,0.7006,1.3834,1.3645,1.8766,,,
ablate_no_lift,v4lite,nominal_eval,v4_lite,OU,60.0,5,0,0,5,1.2267,1.0988,0.7697,1.9895,3.7117,3.2902,5.7749,,,
ablate_no_lift,v4lite,nominal_eval,v4_lite,PRBS,10.0,5,0,0,5,0.163,0.1647,0.1314,0.1902,0.3695,0.362,0.4217,,,
ablate_no_lift,v4lite,nominal_eval,v4_lite,PRBS,30.0,5,0,0,5,0.4838,0.4484,0.3407,0.6031,1.3194,1.2584,1.7825,,,
ablate_no_lift,v4lite,nominal_eval,v4_lite,PRBS,60.0,5,0,0,5,1.2443,1.0713,0.901,1.8304,3.0464,3.1281,3.6736,,,
ablate_no_lift,v4lite,nominal_eval,v4_lite,overall,10.0,5,0,0,5,0.1632,0.1604,0.139,0.1876,0.3635,0.3552,0.458,,,
ablate_no_lift,v4lite,nominal_eval,v4_lite,overall,30.0,5,0,0,5,0.4875,0.4468,0.3724,0.6772,1.3734,1.2025,2.1011,,,
ablate_no_lift,v4lite,nominal_eval,v4_lite,overall,60.0,5,0,0,5,1.3078,1.1581,0.8664,2.3983,3.5389,3.0737,5.6994,,,
ablate_no_mass_prior,clean,clean,clean,CHIRP,10.0,5,0,0,5,0.1532,0.1423,0.1207,0.1986,0.2558,0.2374,0.329,,,
ablate_no_mass_prior,clean,clean,clean,CHIRP,30.0,5,0,0,5,0.5092,0.5269,0.279,0.8402,1.2354,1.008,2.284,,,
ablate_no_mass_prior,clean,clean,clean,CHIRP,60.0,5,0,0,5,0.9823,0.8336,0.5915,1.4173,2.545,2.3096,4.144,,,
ablate_no_mass_prior,clean,clean,clean,OU,10.0,5,0,0,5,0.1703,0.146,0.1301,0.2228,0.2866,0.2665,0.3754,,,
ablate_no_mass_prior,clean,clean,clean,OU,30.0,5,0,0,5,0.6703,0.6021,0.422,0.9203,1.5345,1.4249,2.0657,,,
ablate_no_mass_prior,clean,clean,clean,OU,60.0,5,0,0,5,1.9863,1.8038,1.2943,2.9127,4.8469,4.2661,6.2946,,,
ablate_no_mass_prior,clean,clean,clean,PRBS,10.0,5,0,0,5,0.1185,0.1192,0.0841,0.1648,0.2588,0.2599,0.3076,,,
ablate_no_mass_prior,clean,clean,clean,PRBS,30.0,5,0,0,5,0.4845,0.4848,0.3038,0.7395,1.2144,1.0978,2.0923,,,
ablate_no_mass_prior,clean,clean,clean,PRBS,60.0,5,0,0,5,1.2654,1.2505,0.6335,2.422,3.7681,3.377,7.0429,,,
ablate_no_mass_prior,clean,clean,clean,overall,10.0,5,0,0,5,0.1474,0.1271,0.1191,0.1937,0.2742,0.2665,0.3267,,,
ablate_no_mass_prior,clean,clean,clean,overall,30.0,5,0,0,5,0.5407,0.5473,0.3486,0.813,1.4772,1.3363,2.2487,,,
ablate_no_mass_prior,clean,clean,clean,overall,60.0,5,0,0,5,1.2966,1.312,0.909,1.8208,4.3103,3.7065,6.2946,,,
ablate_no_mass_prior,clean,degraded_eval,iid_noisy_ic,CHIRP,10.0,5,0,0,5,0.3018,0.2896,0.2677,0.3375,0.8173,0.814,0.8638,,,
ablate_no_mass_prior,clean,degraded_eval,iid_noisy_ic,CHIRP,30.0,5,0,0,5,0.8919,0.8203,0.7392,1.2683,2.4468,2.3775,2.8653,,,
ablate_no_mass_prior,clean,degraded_eval,iid_noisy_ic,CHIRP,60.0,5,0,0,5,1.6769,1.7287,1.4271,1.9311,5.169,5.1516,5.6658,,,
ablate_no_mass_prior,clean,degraded_eval,iid_noisy_ic,OU,10.0,5,0,0,5,0.3604,0.3538,0.3267,0.4029,0.9771,0.982,1.0146,,,
ablate_no_mass_prior,clean,degraded_eval,iid_noisy_ic,OU,30.0,5,0,0,5,0.9762,0.8979,0.8016,1.2778,3.3759,3.4415,3.8257,,,
ablate_no_mass_prior,clean,degraded_eval,iid_noisy_ic,OU,60.0,5,0,0,5,2.261,2.3911,1.5455,2.8001,7.7389,7.6397,8.735,,,
ablate_no_mass_prior,clean,degraded_eval,iid_noisy_ic,PRBS,10.0,5,0,0,5,0.3102,0.3188,0.2792,0.3417,0.9691,0.927,1.1718,,,
ablate_no_mass_prior,clean,degraded_eval,iid_noisy_ic,PRBS,30.0,5,0,0,5,0.9395,0.9633,0.8366,1.027,2.6197,2.6446,2.9162,,,
ablate_no_mass_prior,clean,degraded_eval,iid_noisy_ic,PRBS,60.0,5,0,0,5,2.2039,2.1876,1.5927,2.9905,6.2842,6.4084,8.0437,,,
ablate_no_mass_prior,clean,degraded_eval,iid_noisy_ic,overall,10.0,5,0,0,5,0.3234,0.314,0.299,0.3579,0.9367,0.9214,1.0146,,,
ablate_no_mass_prior,clean,degraded_eval,iid_noisy_ic,overall,30.0,5,0,0,5,0.9129,0.8706,0.7822,1.0518,2.9351,2.9725,3.2228,,,
ablate_no_mass_prior,clean,degraded_eval,iid_noisy_ic,overall,60.0,5,0,0,5,2.0436,2.0196,1.5455,2.5978,6.8116,6.8172,8.1738,,,
ablate_no_mass_prior,clean,heading_biased_eval,iid_noisy_ic,CHIRP,10.0,5,0,0,5,0.4896,0.4833,0.4594,0.5233,0.7474,0.7491,0.7849,,,
ablate_no_mass_prior,clean,heading_biased_eval,iid_noisy_ic,CHIRP,30.0,5,0,0,5,1.4456,1.433,1.1477,1.69,2.3951,2.3228,2.7077,,,
ablate_no_mass_prior,clean,heading_biased_eval,iid_noisy_ic,CHIRP,60.0,5,0,0,5,3.0533,2.9635,2.6385,3.3834,5.0931,5.2656,5.3231,,,
ablate_no_mass_prior,clean,heading_biased_eval,iid_noisy_ic,OU,10.0,5,0,0,5,0.5167,0.5237,0.4853,0.5413,1.0682,1.0531,1.1182,,,
ablate_no_mass_prior,clean,heading_biased_eval,iid_noisy_ic,OU,30.0,5,0,0,5,1.5608,1.5106,1.3737,1.9344,3.4254,3.4164,3.7564,,,
ablate_no_mass_prior,clean,heading_biased_eval,iid_noisy_ic,OU,60.0,5,0,0,5,3.3782,3.2301,3.1212,3.7197,7.4574,7.4505,8.7877,,,
ablate_no_mass_prior,clean,heading_biased_eval,iid_noisy_ic,PRBS,10.0,5,0,0,5,0.4587,0.46,0.4328,0.4829,0.8206,0.8024,0.8844,,,
ablate_no_mass_prior,clean,heading_biased_eval,iid_noisy_ic,PRBS,30.0,5,0,0,5,1.4902,1.5311,1.3615,1.5776,2.9358,2.9011,3.2883,,,
ablate_no_mass_prior,clean,heading_biased_eval,iid_noisy_ic,PRBS,60.0,5,0,0,5,3.0995,3.0343,2.9074,3.3597,5.9845,5.4466,8.4695,,,
ablate_no_mass_prior,clean,heading_biased_eval,iid_noisy_ic,overall,10.0,5,0,0,5,0.4827,0.4848,0.4687,0.503,0.9316,0.909,1.0132,,,
ablate_no_mass_prior,clean,heading_biased_eval,iid_noisy_ic,overall,30.0,5,0,0,5,1.471,1.4891,1.389,1.5559,3.0978,3.0618,3.4296,,,
ablate_no_mass_prior,clean,heading_biased_eval,iid_noisy_ic,overall,60.0,5,0,0,5,3.1022,3.1368,3.0224,3.1507,6.6018,6.2561,7.9292,,,
ablate_no_mass_prior,clean,nominal_eval,iid_noisy_ic,CHIRP,10.0,5,0,0,5,0.1933,0.1924,0.1669,0.2323,0.3873,0.3657,0.4672,,,
ablate_no_mass_prior,clean,nominal_eval,iid_noisy_ic,CHIRP,30.0,5,0,0,5,0.6015,0.6072,0.4558,0.8169,1.5433,1.2533,2.4084,,,
ablate_no_mass_prior,clean,nominal_eval,iid_noisy_ic,CHIRP,60.0,5,0,0,5,1.2412,1.1533,1.0544,1.5828,3.0954,2.9368,4.222,,,
ablate_no_mass_prior,clean,nominal_eval,iid_noisy_ic,OU,10.0,5,0,0,5,0.2267,0.2199,0.1819,0.2911,0.5093,0.5178,0.5594,,,
ablate_no_mass_prior,clean,nominal_eval,iid_noisy_ic,OU,30.0,5,0,0,5,0.6869,0.5713,0.5538,0.9709,2.1698,2.2196,2.5355,,,
ablate_no_mass_prior,clean,nominal_eval,iid_noisy_ic,OU,60.0,5,0,0,5,2.036,2.1271,1.4662,2.5688,5.4938,5.7741,7.0572,,,
ablate_no_mass_prior,clean,nominal_eval,iid_noisy_ic,PRBS,10.0,5,0,0,5,0.1856,0.1766,0.1735,0.206,0.4367,0.4037,0.6152,,,
ablate_no_mass_prior,clean,nominal_eval,iid_noisy_ic,PRBS,30.0,5,0,0,5,0.5965,0.5487,0.3517,0.9399,1.5588,1.5015,2.1056,,,
ablate_no_mass_prior,clean,nominal_eval,iid_noisy_ic,PRBS,60.0,5,0,0,5,1.3624,1.1812,0.6362,2.4521,4.4595,4.0394,7.3887,,,
ablate_no_mass_prior,clean,nominal_eval,iid_noisy_ic,overall,10.0,5,0,0,5,0.1954,0.1909,0.1766,0.2289,0.4741,0.4452,0.585,,,
ablate_no_mass_prior,clean,nominal_eval,iid_noisy_ic,overall,30.0,5,0,0,5,0.6255,0.5572,0.5037,0.8212,1.8563,1.855,2.5355,,,
ablate_no_mass_prior,clean,nominal_eval,iid_noisy_ic,overall,60.0,5,0,0,5,1.4163,1.5033,1.0838,1.8779,4.6889,4.6417,6.7264,,,
ablate_no_mass_prior,clean,nominal_eval,v4_lite,CHIRP,10.0,5,0,0,5,0.1993,0.1891,0.165,0.234,0.3414,0.3256,0.4176,,,
ablate_no_mass_prior,clean,nominal_eval,v4_lite,CHIRP,30.0,5,0,0,5,0.5659,0.5204,0.4184,0.8226,1.5169,1.4996,2.1588,,,
ablate_no_mass_prior,clean,nominal_eval,v4_lite,CHIRP,60.0,5,0,0,5,1.1182,1.1737,0.8839,1.4234,3.2445,3.5332,3.95,,,
ablate_no_mass_prior,clean,nominal_eval,v4_lite,OU,10.0,5,0,0,5,0.195,0.1715,0.1452,0.2589,0.3614,0.3657,0.4025,,,
ablate_no_mass_prior,clean,nominal_eval,v4_lite,OU,30.0,5,0,0,5,0.749,0.6804,0.5201,0.9733,1.6587,1.8027,1.9377,,,
ablate_no_mass_prior,clean,nominal_eval,v4_lite,OU,60.0,5,0,0,5,2.0406,2.068,1.4403,2.8158,4.7608,3.8778,6.5481,,,
ablate_no_mass_prior,clean,nominal_eval,v4_lite,PRBS,10.0,5,0,0,5,0.1702,0.1813,0.1209,0.1987,0.402,0.3699,0.5373,,,
ablate_no_mass_prior,clean,nominal_eval,v4_lite,PRBS,30.0,5,0,0,5,0.6487,0.5169,0.4244,1.0455,1.4653,1.4077,2.1068,,,
ablate_no_mass_prior,clean,nominal_eval,v4_lite,PRBS,60.0,5,0,0,5,1.526,1.4281,0.6779,2.9633,4.0805,3.5991,6.6295,,,
ablate_no_mass_prior,clean,nominal_eval,v4_lite,overall,10.0,5,0,0,5,0.1874,0.1733,0.161,0.2206,0.3722,0.3774,0.4176,,,
ablate_no_mass_prior,clean,nominal_eval,v4_lite,overall,30.0,5,0,0,5,0.6525,0.6864,0.4518,0.9134,1.5688,1.4485,2.1588,,,
ablate_no_mass_prior,clean,nominal_eval,v4_lite,overall,60.0,5,0,0,5,1.4622,1.5017,1.0782,2.0658,4.2905,3.8778,6.3812,,,
ablate_no_mass_prior,iid,clean,clean,CHIRP,10.0,5,0,0,5,0.1305,0.1265,0.122,0.1504,0.2227,0.2194,0.2585,,,
ablate_no_mass_prior,iid,clean,clean,CHIRP,30.0,5,0,0,5,0.4186,0.3596,0.3271,0.5476,1.0247,1.0667,1.4657,,,
ablate_no_mass_prior,iid,clean,clean,CHIRP,60.0,5,0,0,5,1.1957,0.8842,0.6168,1.9019,2.5311,3.0113,3.6662,,,
ablate_no_mass_prior,iid,clean,clean,OU,10.0,5,0,0,5,0.1788,0.1803,0.1562,0.1948,0.3558,0.3319,0.4191,,,
ablate_no_mass_prior,iid,clean,clean,OU,30.0,5,0,0,5,0.6131,0.597,0.5268,0.6968,1.5512,1.4693,1.7291,,,
ablate_no_mass_prior,iid,clean,clean,OU,60.0,5,0,0,5,1.5613,1.4385,1.3541,2.0352,3.7531,3.8408,4.3354,,,
ablate_no_mass_prior,iid,clean,clean,PRBS,10.0,5,0,0,5,0.1283,0.1193,0.1007,0.1675,0.2714,0.2667,0.2974,,,
ablate_no_mass_prior,iid,clean,clean,PRBS,30.0,5,0,0,5,0.5254,0.4558,0.3287,0.8277,1.1473,1.1597,1.5867,,,
ablate_no_mass_prior,iid,clean,clean,PRBS,60.0,5,0,0,5,1.4458,1.6646,0.7017,2.1856,3.5658,3.3024,5.4791,,,
ablate_no_mass_prior,iid,clean,clean,overall,10.0,5,0,0,5,0.1435,0.1438,0.129,0.1602,0.2919,0.2949,0.3073,,,
ablate_no_mass_prior,iid,clean,clean,overall,30.0,5,0,0,5,0.4925,0.418,0.3527,0.675,1.263,1.2856,1.6747,,,
ablate_no_mass_prior,iid,clean,clean,overall,60.0,5,0,0,5,1.3471,1.2972,0.7266,1.9019,3.6717,3.3962,4.8288,,,
ablate_no_mass_prior,iid,degraded_eval,iid_noisy_ic,CHIRP,10.0,5,0,0,5,0.2853,0.2855,0.252,0.3154,0.8086,0.822,0.8372,,,
ablate_no_mass_prior,iid,degraded_eval,iid_noisy_ic,CHIRP,30.0,5,0,0,5,0.8,0.7633,0.7368,0.927,2.3455,2.2611,2.629,,,
ablate_no_mass_prior,iid,degraded_eval,iid_noisy_ic,CHIRP,60.0,5,0,0,5,1.9097,1.9644,1.6192,2.0997,5.1759,4.9879,6.8749,,,
ablate_no_mass_prior,iid,degraded_eval,iid_noisy_ic,OU,10.0,5,0,0,5,0.3622,0.3649,0.3365,0.3861,0.9574,0.9479,1.003,,,
ablate_no_mass_prior,iid,degraded_eval,iid_noisy_ic,OU,30.0,5,0,0,5,0.9741,1.0312,0.7877,1.0835,3.1698,2.9897,3.6704,,,
ablate_no_mass_prior,iid,degraded_eval,iid_noisy_ic,OU,60.0,5,0,0,5,1.9952,1.9581,1.714,2.2321,7.0856,7.1328,7.5381,,,
ablate_no_mass_prior,iid,degraded_eval,iid_noisy_ic,PRBS,10.0,5,0,0,5,0.3255,0.3237,0.292,0.3628,0.9408,0.9337,0.9713,,,
ablate_no_mass_prior,iid,degraded_eval,iid_noisy_ic,PRBS,30.0,5,0,0,5,0.9375,0.9829,0.7933,1.0235,2.7892,2.821,2.9658,,,
ablate_no_mass_prior,iid,degraded_eval,iid_noisy_ic,PRBS,60.0,5,0,0,5,2.1296,2.222,1.5867,2.9082,6.6413,6.5739,7.8964,,,
ablate_no_mass_prior,iid,degraded_eval,iid_noisy_ic,overall,10.0,5,0,0,5,0.3247,0.3236,0.3075,0.341,0.937,0.9219,0.9912,,,
ablate_no_mass_prior,iid,degraded_eval,iid_noisy_ic,overall,30.0,5,0,0,5,0.9115,0.9193,0.8314,0.9995,2.8162,2.7765,2.9658,,,
ablate_no_mass_prior,iid,degraded_eval,iid_noisy_ic,overall,60.0,5,0,0,5,1.9839,2.0644,1.6196,2.2647,6.3078,6.065,7.5538,,,
ablate_no_mass_prior,iid,heading_biased_eval,iid_noisy_ic,CHIRP,10.0,5,0,0,5,0.4832,0.4801,0.426,0.5301,0.7385,0.7343,0.7624,,,
ablate_no_mass_prior,iid,heading_biased_eval,iid_noisy_ic,CHIRP,30.0,5,0,0,5,1.4098,1.4416,1.1815,1.6666,2.4992,2.4402,2.776,,,
ablate_no_mass_prior,iid,heading_biased_eval,iid_noisy_ic,CHIRP,60.0,5,0,0,5,2.9525,2.9263,2.6003,3.2932,5.6965,5.6823,6.5908,,,
ablate_no_mass_prior,iid,heading_biased_eval,iid_noisy_ic,OU,10.0,5,0,0,5,0.5428,0.5429,0.5304,0.5602,1.06,1.0449,1.1187,,,
ablate_no_mass_prior,iid,heading_biased_eval,iid_noisy_ic,OU,30.0,5,0,0,5,1.4772,1.4424,1.3856,1.6431,3.2986,3.1523,3.6746,,,
ablate_no_mass_prior,iid,heading_biased_eval,iid_noisy_ic,OU,60.0,5,0,0,5,3.1237,3.1349,2.8352,3.4378,6.853,6.9418,7.0698,,,
ablate_no_mass_prior,iid,heading_biased_eval,iid_noisy_ic,PRBS,10.0,5,0,0,5,0.4387,0.4426,0.4191,0.4602,0.8449,0.838,0.8987,,,
ablate_no_mass_prior,iid,heading_biased_eval,iid_noisy_ic,PRBS,30.0,5,0,0,5,1.4931,1.5262,1.4072,1.5641,2.936,2.9201,3.4198,,,
ablate_no_mass_prior,iid,heading_biased_eval,iid_noisy_ic,PRBS,60.0,5,0,0,5,2.9776,3.0064,2.634,3.2534,6.1945,6.4486,7.0799,,,
ablate_no_mass_prior,iid,heading_biased_eval,iid_noisy_ic,overall,10.0,5,0,0,5,0.4887,0.4879,0.4795,0.5023,0.9164,0.9092,0.9767,,,
ablate_no_mass_prior,iid,heading_biased_eval,iid_noisy_ic,overall,30.0,5,0,0,5,1.4441,1.4579,1.3946,1.4778,2.986,3.0162,3.0898,,,
ablate_no_mass_prior,iid,heading_biased_eval,iid_noisy_ic,overall,60.0,5,0,0,5,2.9861,2.9779,2.8105,3.1349,6.5258,6.3645,7.3013,,,
ablate_no_mass_prior,iid,nominal_eval,iid_noisy_ic,CHIRP,10.0,5,0,0,5,0.1776,0.1784,0.1634,0.1975,0.3745,0.3762,0.3908,,,
ablate_no_mass_prior,iid,nominal_eval,iid_noisy_ic,CHIRP,30.0,5,0,0,5,0.5247,0.5187,0.4527,0.6007,1.3102,1.2175,1.8433,,,
ablate_no_mass_prior,iid,nominal_eval,iid_noisy_ic,CHIRP,60.0,5,0,0,5,1.2244,1.1134,0.8819,1.6252,3.0779,3.247,4.3116,,,
ablate_no_mass_prior,iid,nominal_eval,iid_noisy_ic,OU,10.0,5,0,0,5,0.2227,0.2126,0.1813,0.2673,0.536,0.5279,0.59,,,
ablate_no_mass_prior,iid,nominal_eval,iid_noisy_ic,OU,30.0,5,0,0,5,0.6308,0.6317,0.5406,0.7562,2.0201,2.0273,2.2608,,,
ablate_no_mass_prior,iid,nominal_eval,iid_noisy_ic,OU,60.0,5,0,0,5,1.6851,1.7236,1.5085,1.8394,4.377,4.4699,4.494,,,
ablate_no_mass_prior,iid,nominal_eval,iid_noisy_ic,PRBS,10.0,5,0,0,5,0.1728,0.1694,0.1507,0.2084,0.4315,0.417,0.5225,,,
ablate_no_mass_prior,iid,nominal_eval,iid_noisy_ic,PRBS,30.0,5,0,0,5,0.5768,0.6226,0.3962,0.7437,1.5722,1.4769,1.94,,,
ablate_no_mass_prior,iid,nominal_eval,iid_noisy_ic,PRBS,60.0,5,0,0,5,1.6672,1.709,0.9278,2.4591,4.4856,3.9661,7.0507,,,
ablate_no_mass_prior,iid,nominal_eval,iid_noisy_ic,overall,10.0,5,0,0,5,0.1872,0.1842,0.1772,0.202,0.4773,0.4656,0.515,,,
ablate_no_mass_prior,iid,nominal_eval,iid_noisy_ic,overall,30.0,5,0,0,5,0.576,0.5792,0.4936,0.6766,1.7566,1.6684,2.0606,,,
ablate_no_mass_prior,iid,nominal_eval,iid_noisy_ic,overall,60.0,5,0,0,5,1.4613,1.6001,0.9981,1.8488,4.3018,4.1894,5.2243,,,
ablate_no_mass_prior,iid,nominal_eval,v4_lite,CHIRP,10.0,5,0,0,5,0.1779,0.1851,0.1576,0.1937,0.3202,0.311,0.4012,,,
ablate_no_mass_prior,iid,nominal_eval,v4_lite,CHIRP,30.0,5,0,0,5,0.5158,0.4026,0.3723,0.7401,1.3817,1.516,1.6869,,,
ablate_no_mass_prior,iid,nominal_eval,v4_lite,CHIRP,60.0,5,0,0,5,1.3528,1.0848,0.8812,2.0228,3.0622,3.1887,4.0486,,,
ablate_no_mass_prior,iid,nominal_eval,v4_lite,OU,10.0,5,0,0,5,0.1944,0.2012,0.1726,0.2093,0.411,0.3992,0.491,,,
ablate_no_mass_prior,iid,nominal_eval,v4_lite,OU,30.0,5,0,0,5,0.652,0.7056,0.5261,0.7162,1.5887,1.5632,1.7671,,,
ablate_no_mass_prior,iid,nominal_eval,v4_lite,OU,60.0,5,0,0,5,1.5726,1.4426,1.312,1.9536,3.8334,3.9262,4.2112,,,
ablate_no_mass_prior,iid,nominal_eval,v4_lite,PRBS,10.0,5,0,0,5,0.167,0.1678,0.1471,0.1809,0.3554,0.3322,0.4583,,,
ablate_no_mass_prior,iid,nominal_eval,v4_lite,PRBS,30.0,5,0,0,5,0.621,0.524,0.4493,0.884,1.3038,1.0937,1.9353,,,
ablate_no_mass_prior,iid,nominal_eval,v4_lite,PRBS,60.0,5,0,0,5,1.5924,1.3854,1.0377,2.4167,3.8341,3.1606,5.6129,,,
ablate_no_mass_prior,iid,nominal_eval,v4_lite,overall,10.0,5,0,0,5,0.1781,0.1726,0.1711,0.1954,0.3765,0.3619,0.4583,,,
ablate_no_mass_prior,iid,nominal_eval,v4_lite,overall,30.0,5,0,0,5,0.5886,0.5027,0.4846,0.7407,1.3972,1.4677,1.7465,,,
ablate_no_mass_prior,iid,nominal_eval,v4_lite,overall,60.0,5,0,0,5,1.5156,1.3482,1.027,2.019,3.8697,3.6683,4.9422,,,
ablate_no_mass_prior,v4lite,clean,clean,CHIRP,10.0,5,0,0,5,0.1391,0.1376,0.1325,0.1514,0.2286,0.2136,0.2685,,,
ablate_no_mass_prior,v4lite,clean,clean,CHIRP,30.0,5,0,0,5,0.4713,0.4467,0.2698,0.6425,1.097,1.0735,1.7645,,,
ablate_no_mass_prior,v4lite,clean,clean,CHIRP,60.0,5,0,0,5,1.0521,0.9764,0.5315,1.7512,2.3304,2.6546,2.9575,,,
ablate_no_mass_prior,v4lite,clean,clean,OU,10.0,5,0,0,5,0.1735,0.1778,0.1486,0.2028,0.3593,0.3569,0.4457,,,
ablate_no_mass_prior,v4lite,clean,clean,OU,30.0,5,0,0,5,0.6804,0.6811,0.5621,0.7845,1.7754,1.6304,2.1033,,,
ablate_no_mass_prior,v4lite,clean,clean,OU,60.0,5,0,0,5,1.9602,1.9255,1.2204,2.9263,5.1248,4.4406,6.8911,,,
ablate_no_mass_prior,v4lite,clean,clean,PRBS,10.0,5,0,0,5,0.1158,0.1134,0.0887,0.1373,0.2703,0.2692,0.2919,,,
ablate_no_mass_prior,v4lite,clean,clean,PRBS,30.0,5,0,0,5,0.4774,0.5194,0.3293,0.592,1.058,1.1413,1.4273,,,
ablate_no_mass_prior,v4lite,clean,clean,PRBS,60.0,5,0,0,5,1.2908,1.5053,0.8121,1.5911,2.823,3.2259,3.9056,,,
ablate_no_mass_prior,v4lite,clean,clean,overall,10.0,5,0,0,5,0.1412,0.1407,0.1313,0.1546,0.2986,0.2994,0.3261,,,
ablate_no_mass_prior,v4lite,clean,clean,overall,30.0,5,0,0,5,0.5155,0.5065,0.3369,0.6385,1.4237,1.4958,1.7347,,,
ablate_no_mass_prior,v4lite,clean,clean,overall,60.0,5,0,0,5,1.2806,1.2966,0.7556,1.8168,3.9027,4.0708,4.7678,,,
ablate_no_mass_prior,v4lite,degraded_eval,iid_noisy_ic,CHIRP,10.0,5,0,0,5,0.3001,0.2967,0.2839,0.3206,0.7975,0.7862,0.8297,,,
ablate_no_mass_prior,v4lite,degraded_eval,iid_noisy_ic,CHIRP,30.0,5,0,0,5,0.8351,0.8821,0.5925,0.9915,2.1701,2.2138,2.2526,,,
ablate_no_mass_prior,v4lite,degraded_eval,iid_noisy_ic,CHIRP,60.0,5,0,0,5,1.5774,1.3547,1.2491,1.9812,4.7006,4.9584,4.9847,,,
ablate_no_mass_prior,v4lite,degraded_eval,iid_noisy_ic,OU,10.0,5,0,0,5,0.3615,0.3505,0.3436,0.3858,0.9664,0.9533,1.042,,,
ablate_no_mass_prior,v4lite,degraded_eval,iid_noisy_ic,OU,30.0,5,0,0,5,1.0685,1.0489,0.9166,1.3558,3.3727,3.4334,3.5481,,,
ablate_no_mass_prior,v4lite,degraded_eval,iid_noisy_ic,OU,60.0,5,0,0,5,2.3798,2.1309,1.9545,3.5181,8.1359,8.6294,9.4019,,,
ablate_no_mass_prior,v4lite,degraded_eval,iid_noisy_ic,PRBS,10.0,5,0,0,5,0.3152,0.3274,0.276,0.3431,0.9257,0.9114,0.9888,,,
ablate_no_mass_prior,v4lite,degraded_eval,iid_noisy_ic,PRBS,30.0,5,0,0,5,0.9369,0.9324,0.6887,1.1281,2.7025,2.7085,2.9854,,,
ablate_no_mass_prior,v4lite,degraded_eval,iid_noisy_ic,PRBS,60.0,5,0,0,5,1.9358,2.0963,1.439,2.3298,5.9557,5.7564,6.7551,,,
ablate_no_mass_prior,v4lite,degraded_eval,iid_noisy_ic,overall,10.0,5,0,0,5,0.3336,0.3357,0.3097,0.3567,0.9183,0.9243,0.9381,,,
ablate_no_mass_prior,v4lite,degraded_eval,iid_noisy_ic,overall,30.0,5,0,0,5,0.9414,0.9324,0.8175,1.0238,2.9468,3.0435,3.0991,,,
ablate_no_mass_prior,v4lite,degraded_eval,iid_noisy_ic,overall,60.0,5,0,0,5,1.889,2.0003,1.3682,2.1327,6.6019,6.7142,7.1675,,,
ablate_no_mass_prior,v4lite,heading_biased_eval,iid_noisy_ic,CHIRP,10.0,5,0,0,5,0.4855,0.4895,0.4589,0.4967,0.7201,0.7035,0.7956,,,
ablate_no_mass_prior,v4lite,heading_biased_eval,iid_noisy_ic,CHIRP,30.0,5,0,0,5,1.3732,1.37,1.2923,1.4579,2.3893,2.4219,2.4535,,,
ablate_no_mass_prior,v4lite,heading_biased_eval,iid_noisy_ic,CHIRP,60.0,5,0,0,5,2.9357,2.9625,2.7223,3.1295,5.4853,5.5701,5.8329,,,
ablate_no_mass_prior,v4lite,heading_biased_eval,iid_noisy_ic,OU,10.0,5,0,0,5,0.5456,0.5426,0.5334,0.5611,1.0765,1.0777,1.1135,,,
ablate_no_mass_prior,v4lite,heading_biased_eval,iid_noisy_ic,OU,30.0,5,0,0,5,1.6128,1.6628,1.4459,1.7356,3.4312,3.474,3.6508,,,
ablate_no_mass_prior,v4lite,heading_biased_eval,iid_noisy_ic,OU,60.0,5,0,0,5,3.3472,3.0664,2.7489,4.2637,8.27,8.2349,9.2548,,,
ablate_no_mass_prior,v4lite,heading_biased_eval,iid_noisy_ic,PRBS,10.0,5,0,0,5,0.4543,0.4457,0.4354,0.4729,0.8033,0.7943,0.8424,,,
ablate_no_mass_prior,v4lite,heading_biased_eval,iid_noisy_ic,PRBS,30.0,5,0,0,5,1.4253,1.4578,1.1915,1.6002,2.8189,2.7853,3.1379,,,
ablate_no_mass_prior,v4lite,heading_biased_eval,iid_noisy_ic,PRBS,60.0,5,0,0,5,2.886,2.8253,2.7654,3.0443,5.4926,5.8106,5.9687,,,
ablate_no_mass_prior,v4lite,heading_biased_eval,iid_noisy_ic,overall,10.0,5,0,0,5,0.4839,0.4857,0.4688,0.4943,0.9356,0.9491,0.9592,,,
ablate_no_mass_prior,v4lite,heading_biased_eval,iid_noisy_ic,overall,30.0,5,0,0,5,1.466,1.4538,1.39,1.5616,2.9167,2.8459,3.2191,,,
ablate_no_mass_prior,v4lite,heading_biased_eval,iid_noisy_ic,overall,60.0,5,0,0,5,3.0522,3.0199,2.8981,3.3208,6.3892,6.2724,7.2568,,,
ablate_no_mass_prior,v4lite,nominal_eval,iid_noisy_ic,CHIRP,10.0,5,0,0,5,0.188,0.1841,0.1779,0.2024,0.3425,0.3313,0.375,,,
ablate_no_mass_prior,v4lite,nominal_eval,iid_noisy_ic,CHIRP,30.0,5,0,0,5,0.5642,0.5505,0.366,0.7548,1.2801,1.1098,1.6391,,,
ablate_no_mass_prior,v4lite,nominal_eval,iid_noisy_ic,CHIRP,60.0,5,0,0,5,1.0343,1.0399,0.6154,1.2793,2.7278,2.9104,3.3169,,,
ablate_no_mass_prior,v4lite,nominal_eval,iid_noisy_ic,OU,10.0,5,0,0,5,0.2203,0.2188,0.1934,0.2535,0.511,0.503,0.5602,,,
ablate_no_mass_prior,v4lite,nominal_eval,iid_noisy_ic,OU,30.0,5,0,0,5,0.7736,0.6971,0.5946,1.1529,2.3665,2.2875,2.6345,,,
ablate_no_mass_prior,v4lite,nominal_eval,iid_noisy_ic,OU,60.0,5,0,0,5,1.9713,1.9423,1.3296,2.7677,5.9156,6.1392,7.138,,,
ablate_no_mass_prior,v4lite,nominal_eval,iid_noisy_ic,PRBS,10.0,5,0,0,5,0.1659,0.1636,0.1506,0.1799,0.3984,0.3958,0.4365,,,
ablate_no_mass_prior,v4lite,nominal_eval,iid_noisy_ic,PRBS,30.0,5,0,0,5,0.564,0.5994,0.4099,0.7255,1.4713,1.3537,2.0513,,,
ablate_no_mass_prior,v4lite,nominal_eval,iid_noisy_ic,PRBS,60.0,5,0,0,5,1.3482,1.4352,0.9491,1.7172,3.5786,3.7159,4.2927,,,
ablate_no_mass_prior,v4lite,nominal_eval,iid_noisy_ic,overall,10.0,5,0,0,5,0.19,0.1857,0.1779,0.2024,0.472,0.4738,0.4924,,,
ablate_no_mass_prior,v4lite,nominal_eval,iid_noisy_ic,overall,30.0,5,0,0,5,0.612,0.6262,0.447,0.7167,1.8254,1.9175,2.1776,,,
ablate_no_mass_prior,v4lite,nominal_eval,iid_noisy_ic,overall,60.0,5,0,0,5,1.4021,1.491,0.8923,1.6385,4.5957,4.6298,5.8993,,,
ablate_no_mass_prior,v4lite,nominal_eval,v4_lite,CHIRP,10.0,5,0,0,5,0.1776,0.1745,0.1717,0.1889,0.3094,0.3073,0.3581,,,
ablate_no_mass_prior,v4lite,nominal_eval,v4_lite,CHIRP,30.0,5,0,0,5,0.4946,0.4318,0.4065,0.6231,1.3519,1.5019,1.7072,,,
ablate_no_mass_prior,v4lite,nominal_eval,v4_lite,CHIRP,60.0,5,0,0,5,1.0807,0.9539,0.8151,1.5038,2.8002,2.8882,3.6589,,,
ablate_no_mass_prior,v4lite,nominal_eval,v4_lite,OU,10.0,5,0,0,5,0.1878,0.1777,0.1602,0.2284,0.4315,0.4374,0.4836,,,
ablate_no_mass_prior,v4lite,nominal_eval,v4_lite,OU,30.0,5,0,0,5,0.7203,0.6886,0.5504,0.9174,1.7548,1.7936,2.1167,,,
ablate_no_mass_prior,v4lite,nominal_eval,v4_lite,OU,60.0,5,0,0,5,2.0894,2.0465,1.1857,3.0289,5.03,5.1419,6.914,,,
ablate_no_mass_prior,v4lite,nominal_eval,v4_lite,PRBS,10.0,5,0,0,5,0.1729,0.1704,0.1564,0.1861,0.3477,0.3491,0.3702,,,
ablate_no_mass_prior,v4lite,nominal_eval,v4_lite,PRBS,30.0,5,0,0,5,0.5817,0.6312,0.3772,0.7652,1.2936,1.313,1.5015,,,
ablate_no_mass_prior,v4lite,nominal_eval,v4_lite,PRBS,60.0,5,0,0,5,1.3557,1.343,0.9042,1.8204,3.0738,3.2678,3.7491,,,
ablate_no_mass_prior,v4lite,nominal_eval,v4_lite,overall,10.0,5,0,0,5,0.1779,0.1734,0.1681,0.1916,0.3557,0.3565,0.3738,,,
ablate_no_mass_prior,v4lite,nominal_eval,v4_lite,overall,30.0,5,0,0,5,0.6009,0.5828,0.4793,0.7132,1.5646,1.6441,1.8111,,,
ablate_no_mass_prior,v4lite,nominal_eval,v4_lite,overall,60.0,5,0,0,5,1.4075,1.4082,0.954,1.8245,4.0668,4.0879,5.1703,,,
blackbox_fullstate,clean,clean,clean,CHIRP,10.0,5,0,5,0,,,,,,,,,,42;43;44;45;46
blackbox_fullstate,clean,clean,clean,CHIRP,30.0,5,0,5,0,,,,,,,,,,42;43;44;45;46
blackbox_fullstate,clean,clean,clean,CHIRP,60.0,5,0,5,0,,,,,,,,,,42;43;44;45;46
blackbox_fullstate,clean,clean,clean,OU,10.0,5,0,5,0,,,,,,,,,,42;43;44;45;46
blackbox_fullstate,clean,clean,clean,OU,30.0,5,0,5,0,,,,,,,,,,42;43;44;45;46
blackbox_fullstate,clean,clean,clean,OU,60.0,5,0,5,0,,,,,,,,,,42;43;44;45;46
blackbox_fullstate,clean,clean,clean,PRBS,10.0,5,0,5,0,,,,,,,,,,42;43;44;45;46
blackbox_fullstate,clean,clean,clean,PRBS,30.0,5,0,5,0,,,,,,,,,,42;43;44;45;46
blackbox_fullstate,clean,clean,clean,PRBS,60.0,5,0,5,0,,,,,,,,,,42;43;44;45;46
blackbox_fullstate,clean,clean,clean,overall,10.0,5,0,5,0,,,,,,,,,,42;43;44;45;46
blackbox_fullstate,clean,clean,clean,overall,30.0,5,0,5,0,,,,,,,,,,42;43;44;45;46
blackbox_fullstate,clean,clean,clean,overall,60.0,5,0,5,0,,,,,,,,,,42;43;44;45;46
blackbox_fullstate,clean,degraded_eval,iid_noisy_ic,CHIRP,10.0,5,0,5,0,,,,,,,,,,42;43;44;45;46
blackbox_fullstate,clean,degraded_eval,iid_noisy_ic,CHIRP,30.0,5,0,5,0,,,,,,,,,,42;43;44;45;46
blackbox_fullstate,clean,degraded_eval,iid_noisy_ic,CHIRP,60.0,5,0,5,0,,,,,,,,,,42;43;44;45;46
blackbox_fullstate,clean,degraded_eval,iid_noisy_ic,OU,10.0,5,0,5,0,,,,,,,,,,42;43;44;45;46
blackbox_fullstate,clean,degraded_eval,iid_noisy_ic,OU,30.0,5,0,5,0,,,,,,,,,,42;43;44;45;46
blackbox_fullstate,clean,degraded_eval,iid_noisy_ic,OU,60.0,5,0,5,0,,,,,,,,,,42;43;44;45;46
blackbox_fullstate,clean,degraded_eval,iid_noisy_ic,PRBS,10.0,5,0,5,0,,,,,,,,,,42;43;44;45;46
blackbox_fullstate,clean,degraded_eval,iid_noisy_ic,PRBS,30.0,5,0,5,0,,,,,,,,,,42;43;44;45;46
blackbox_fullstate,clean,degraded_eval,iid_noisy_ic,PRBS,60.0,5,0,5,0,,,,,,,,,,42;43;44;45;46
blackbox_fullstate,clean,degraded_eval,iid_noisy_ic,overall,10.0,5,0,5,0,,,,,,,,,,42;43;44;45;46
blackbox_fullstate,clean,degraded_eval,iid_noisy_ic,overall,30.0,5,0,5,0,,,,,,,,,,42;43;44;45;46
blackbox_fullstate,clean,degraded_eval,iid_noisy_ic,overall,60.0,5,0,5,0,,,,,,,,,,42;43;44;45;46
blackbox_fullstate,clean,heading_biased_eval,iid_noisy_ic,CHIRP,10.0,5,0,5,0,,,,,,,,,,42;43;44;45;46
blackbox_fullstate,clean,heading_biased_eval,iid_noisy_ic,CHIRP,30.0,5,0,5,0,,,,,,,,,,42;43;44;45;46
blackbox_fullstate,clean,heading_biased_eval,iid_noisy_ic,CHIRP,60.0,5,0,5,0,,,,,,,,,,42;43;44;45;46
blackbox_fullstate,clean,heading_biased_eval,iid_noisy_ic,OU,10.0,5,0,5,0,,,,,,,,,,42;43;44;45;46
blackbox_fullstate,clean,heading_biased_eval,iid_noisy_ic,OU,30.0,5,0,5,0,,,,,,,,,,42;43;44;45;46
blackbox_fullstate,clean,heading_biased_eval,iid_noisy_ic,OU,60.0,5,0,5,0,,,,,,,,,,42;43;44;45;46
blackbox_fullstate,clean,heading_biased_eval,iid_noisy_ic,PRBS,10.0,5,0,5,0,,,,,,,,,,42;43;44;45;46
blackbox_fullstate,clean,heading_biased_eval,iid_noisy_ic,PRBS,30.0,5,0,5,0,,,,,,,,,,42;43;44;45;46
blackbox_fullstate,clean,heading_biased_eval,iid_noisy_ic,PRBS,60.0,5,0,5,0,,,,,,,,,,42;43;44;45;46
blackbox_fullstate,clean,heading_biased_eval,iid_noisy_ic,overall,10.0,5,0,5,0,,,,,,,,,,42;43;44;45;46
blackbox_fullstate,clean,heading_biased_eval,iid_noisy_ic,overall,30.0,5,0,5,0,,,,,,,,,,42;43;44;45;46
blackbox_fullstate,clean,heading_biased_eval,iid_noisy_ic,overall,60.0,5,0,5,0,,,,,,,,,,42;43;44;45;46
blackbox_fullstate,clean,nominal_eval,iid_noisy_ic,CHIRP,10.0,5,0,5,0,,,,,,,,,,42;43;44;45;46
blackbox_fullstate,clean,nominal_eval,iid_noisy_ic,CHIRP,30.0,5,0,5,0,,,,,,,,,,42;43;44;45;46
blackbox_fullstate,clean,nominal_eval,iid_noisy_ic,CHIRP,60.0,5,0,5,0,,,,,,,,,,42;43;44;45;46
blackbox_fullstate,clean,nominal_eval,iid_noisy_ic,OU,10.0,5,0,5,0,,,,,,,,,,42;43;44;45;46
blackbox_fullstate,clean,nominal_eval,iid_noisy_ic,OU,30.0,5,0,5,0,,,,,,,,,,42;43;44;45;46
blackbox_fullstate,clean,nominal_eval,iid_noisy_ic,OU,60.0,5,0,5,0,,,,,,,,,,42;43;44;45;46
blackbox_fullstate,clean,nominal_eval,iid_noisy_ic,PRBS,10.0,5,0,5,0,,,,,,,,,,42;43;44;45;46
blackbox_fullstate,clean,nominal_eval,iid_noisy_ic,PRBS,30.0,5,0,5,0,,,,,,,,,,42;43;44;45;46
blackbox_fullstate,clean,nominal_eval,iid_noisy_ic,PRBS,60.0,5,0,5,0,,,,,,,,,,42;43;44;45;46
blackbox_fullstate,clean,nominal_eval,iid_noisy_ic,overall,10.0,5,0,5,0,,,,,,,,,,42;43;44;45;46
blackbox_fullstate,clean,nominal_eval,iid_noisy_ic,overall,30.0,5,0,5,0,,,,,,,,,,42;43;44;45;46
blackbox_fullstate,clean,nominal_eval,iid_noisy_ic,overall,60.0,5,0,5,0,,,,,,,,,,42;43;44;45;46
blackbox_fullstate,clean,nominal_eval,v4_lite,CHIRP,10.0,5,0,5,0,,,,,,,,,,42;43;44;45;46
blackbox_fullstate,clean,nominal_eval,v4_lite,CHIRP,30.0,5,0,5,0,,,,,,,,,,42;43;44;45;46
blackbox_fullstate,clean,nominal_eval,v4_lite,CHIRP,60.0,5,0,5,0,,,,,,,,,,42;43;44;45;46
blackbox_fullstate,clean,nominal_eval,v4_lite,OU,10.0,5,0,5,0,,,,,,,,,,42;43;44;45;46
blackbox_fullstate,clean,nominal_eval,v4_lite,OU,30.0,5,0,5,0,,,,,,,,,,42;43;44;45;46
blackbox_fullstate,clean,nominal_eval,v4_lite,OU,60.0,5,0,5,0,,,,,,,,,,42;43;44;45;46
blackbox_fullstate,clean,nominal_eval,v4_lite,PRBS,10.0,5,0,5,0,,,,,,,,,,42;43;44;45;46
blackbox_fullstate,clean,nominal_eval,v4_lite,PRBS,30.0,5,0,5,0,,,,,,,,,,42;43;44;45;46
blackbox_fullstate,clean,nominal_eval,v4_lite,PRBS,60.0,5,0,5,0,,,,,,,,,,42;43;44;45;46
blackbox_fullstate,clean,nominal_eval,v4_lite,overall,10.0,5,0,5,0,,,,,,,,,,42;43;44;45;46
blackbox_fullstate,clean,nominal_eval,v4_lite,overall,30.0,5,0,5,0,,,,,,,,,,42;43;44;45;46
blackbox_fullstate,clean,nominal_eval,v4_lite,overall,60.0,5,0,5,0,,,,,,,,,,42;43;44;45;46
phnode_full,clean,clean,clean,CHIRP,10.0,5,0,0,5,0.0832,0.0853,0.0552,0.1069,0.1283,0.1236,0.2004,,,
phnode_full,clean,clean,clean,CHIRP,30.0,5,0,0,5,0.2275,0.1912,0.1429,0.3588,0.4329,0.3991,0.6773,,,
phnode_full,clean,clean,clean,CHIRP,60.0,5,0,0,5,0.5857,0.5705,0.3511,0.9242,1.2416,1.3373,2.0565,,,
phnode_full,clean,clean,clean,OU,10.0,5,0,0,5,0.0981,0.0931,0.0803,0.1375,0.2227,0.1988,0.3058,,,
phnode_full,clean,clean,clean,OU,30.0,5,0,0,5,0.3362,0.3175,0.2365,0.5119,0.777,0.6187,1.4682,,,
phnode_full,clean,clean,clean,OU,60.0,5,0,0,5,0.8203,0.6864,0.6753,1.2726,2.0338,1.7311,3.5757,,,
phnode_full,clean,clean,clean,PRBS,10.0,5,0,0,5,0.0776,0.0754,0.0647,0.094,0.212,0.2063,0.2656,,,
phnode_full,clean,clean,clean,PRBS,30.0,5,0,0,5,0.2764,0.2191,0.2028,0.456,0.5646,0.4919,0.9193,,,
phnode_full,clean,clean,clean,PRBS,60.0,5,0,0,5,0.6892,0.4677,0.4019,1.624,1.5561,1.212,3.0905,,,
phnode_full,clean,clean,clean,overall,10.0,5,0,0,5,0.0831,0.0801,0.0636,0.11,0.2068,0.192,0.2889,,,
phnode_full,clean,clean,clean,overall,30.0,5,0,0,5,0.2716,0.2275,0.2057,0.4137,0.6361,0.5284,1.075,,,
phnode_full,clean,clean,clean,overall,60.0,5,0,0,5,0.6767,0.611,0.4316,1.2059,1.7741,1.5138,3.0668,,,
phnode_full,clean,degraded_eval,iid_noisy_ic,CHIRP,10.0,5,0,0,5,0.2705,0.2697,0.2466,0.2887,0.8081,0.7994,0.8541,,,
phnode_full,clean,degraded_eval,iid_noisy_ic,CHIRP,30.0,5,0,0,5,0.7603,0.7855,0.619,0.8115,2.1658,2.1417,2.2634,,,
phnode_full,clean,degraded_eval,iid_noisy_ic,CHIRP,60.0,5,0,0,5,1.5588,1.5221,1.2747,1.9253,4.5006,4.4281,4.8286,,,
phnode_full,clean,degraded_eval,iid_noisy_ic,OU,10.0,5,0,0,5,0.3546,0.3645,0.3095,0.3931,0.9065,0.8839,1.0151,,,
phnode_full,clean,degraded_eval,iid_noisy_ic,OU,30.0,5,0,0,5,0.9,0.8972,0.8784,0.9239,2.674,2.6315,2.8999,,,
phnode_full,clean,degraded_eval,iid_noisy_ic,OU,60.0,5,0,0,5,1.8258,1.7086,1.4544,2.456,5.6235,5.5048,6.0588,,,
phnode_full,clean,degraded_eval,iid_noisy_ic,PRBS,10.0,5,0,0,5,0.2858,0.2837,0.2728,0.305,0.9115,0.9091,0.9306,,,
phnode_full,clean,degraded_eval,iid_noisy_ic,PRBS,30.0,5,0,0,5,0.8847,0.9525,0.7654,0.9703,2.5304,2.5554,2.8148,,,
phnode_full,clean,degraded_eval,iid_noisy_ic,PRBS,60.0,5,0,0,5,1.8173,1.6995,1.5979,2.3242,5.7469,5.7217,6.1857,,,
phnode_full,clean,degraded_eval,iid_noisy_ic,overall,10.0,5,0,0,5,0.299,0.298,0.2879,0.3104,0.9106,0.8909,1.0085,,,
phnode_full,clean,degraded_eval,iid_noisy_ic,overall,30.0,5,0,0,5,0.8446,0.8364,0.8172,0.8924,2.5053,2.458,2.6598,,,
phnode_full,clean,degraded_eval,iid_noisy_ic,overall,60.0,5,0,0,5,1.7574,1.6819,1.5754,2.2098,5.5031,5.5628,5.7093,,,
phnode_full,clean,heading_biased_eval,iid_noisy_ic,CHIRP,10.0,5,0,0,5,0.4734,0.4761,0.4613,0.482,0.7109,0.713,0.7226,,,
phnode_full,clean,heading_biased_eval,iid_noisy_ic,CHIRP,30.0,5,0,0,5,1.4839,1.4974,1.4394,1.5376,2.2106,2.1736,2.3058,,,
phnode_full,clean,heading_biased_eval,iid_noisy_ic,CHIRP,60.0,5,0,0,5,3.1062,3.1663,2.854,3.2754,4.8647,4.6555,5.5435,,,
phnode_full,clean,heading_biased_eval,iid_noisy_ic,OU,10.0,5,0,0,5,0.5456,0.5374,0.522,0.6033,1.0059,1.001,1.0606,,,
phnode_full,clean,heading_biased_eval,iid_noisy_ic,OU,30.0,5,0,0,5,1.5239,1.5288,1.4747,1.5467,2.7281,2.6794,2.913,,,
phnode_full,clean,heading_biased_eval,iid_noisy_ic,OU,60.0,5,0,0,5,3.1255,3.1175,3.0093,3.2663,5.592,5.4477,6.5228,,,
phnode_full,clean,heading_biased_eval,iid_noisy_ic,PRBS,10.0,5,0,0,5,0.4406,0.4293,0.4191,0.4664,0.8358,0.8269,0.8684,,,
phnode_full,clean,heading_biased_eval,iid_noisy_ic,PRBS,30.0,5,0,0,5,1.5411,1.5387,1.4934,1.5905,2.4812,2.5325,2.6323,,,
phnode_full,clean,heading_biased_eval,iid_noisy_ic,PRBS,60.0,5,0,0,5,3.0257,3.0838,2.5606,3.2553,4.8511,4.4304,6.7465,,,
phnode_full,clean,heading_biased_eval,iid_noisy_ic,overall,10.0,5,0,0,5,0.4801,0.4818,0.469,0.4915,0.8575,0.8511,0.909,,,
phnode_full,clean,heading_biased_eval,iid_noisy_ic,overall,30.0,5,0,0,5,1.5023,1.5089,1.4655,1.5309,2.5324,2.5303,2.7228,,,
phnode_full,clean,heading_biased_eval,iid_noisy_ic,overall,60.0,5,0,0,5,3.1257,3.1194,3.054,3.2241,5.0895,4.8815,5.9306,,,
phnode_full,clean,nominal_eval,iid_noisy_ic,CHIRP,10.0,5,0,0,5,0.1328,0.1378,0.1108,0.1473,0.3383,0.3256,0.3846,,,
phnode_full,clean,nominal_eval,iid_noisy_ic,CHIRP,30.0,5,0,0,5,0.4092,0.3913,0.3519,0.5044,0.9551,0.9213,1.1174,,,
phnode_full,clean,nominal_eval,iid_noisy_ic,CHIRP,60.0,5,0,0,5,0.8862,0.8358,0.7386,1.1457,2.0746,2.0968,2.4678,,,
phnode_full,clean,nominal_eval,iid_noisy_ic,OU,10.0,5,0,0,5,0.1844,0.1673,0.1628,0.2419,0.4343,0.4296,0.5297,,,
phnode_full,clean,nominal_eval,iid_noisy_ic,OU,30.0,5,0,0,5,0.4678,0.4412,0.3598,0.6539,1.4067,1.3881,1.7573,,,
phnode_full,clean,nominal_eval,iid_noisy_ic,OU,60.0,5,0,0,5,1.0076,0.8731,0.8155,1.4775,3.2972,3.1744,4.4174,,,
phnode_full,clean,nominal_eval,iid_noisy_ic,PRBS,10.0,5,0,0,5,0.161,0.1582,0.1558,0.168,0.3673,0.3666,0.3895,,,
phnode_full,clean,nominal_eval,iid_noisy_ic,PRBS,30.0,5,0,0,5,0.4097,0.4082,0.3485,0.5164,1.1018,1.1274,1.2508,,,
phnode_full,clean,nominal_eval,iid_noisy_ic,PRBS,60.0,5,0,0,5,0.9578,0.7935,0.6989,1.5902,2.8805,2.6622,3.8867,,,
phnode_full,clean,nominal_eval,iid_noisy_ic,overall,10.0,5,0,0,5,0.1568,0.1522,0.1475,0.1712,0.3979,0.3984,0.435,,,
phnode_full,clean,nominal_eval,iid_noisy_ic,overall,30.0,5,0,0,5,0.4188,0.3946,0.3674,0.536,1.2045,1.1211,1.4318,,,
phnode_full,clean,nominal_eval,iid_noisy_ic,overall,60.0,5,0,0,5,0.9604,0.8203,0.8095,1.4469,2.864,2.6622,3.7588,,,
phnode_full,clean,nominal_eval,v4_lite,CHIRP,10.0,5,0,0,5,0.1305,0.1328,0.1084,0.1554,0.2835,0.2656,0.3554,,,
phnode_full,clean,nominal_eval,v4_lite,CHIRP,30.0,5,0,0,5,0.4042,0.4006,0.3703,0.459,0.8948,0.8621,1.1072,,,
phnode_full,clean,nominal_eval,v4_lite,CHIRP,60.0,5,0,0,5,0.8158,0.7093,0.6842,1.1186,2.1192,2.1144,2.7506,,,
phnode_full,clean,nominal_eval,v4_lite,OU,10.0,5,0,0,5,0.149,0.1421,0.1304,0.1883,0.3019,0.2916,0.3803,,,
phnode_full,clean,nominal_eval,v4_lite,OU,30.0,5,0,0,5,0.3949,0.3967,0.3212,0.4798,1.0288,0.9547,1.4676,,,
phnode_full,clean,nominal_eval,v4_lite,OU,60.0,5,0,0,5,0.9017,0.7817,0.6951,1.3988,2.5277,2.4583,3.6359,,,
phnode_full,clean,nominal_eval,v4_lite,PRBS,10.0,5,0,0,5,0.1314,0.1264,0.1236,0.1503,0.3109,0.3134,0.3258,,,
phnode_full,clean,nominal_eval,v4_lite,PRBS,30.0,5,0,0,5,0.3436,0.3194,0.2686,0.4763,0.8503,0.8443,0.9453,,,
phnode_full,clean,nominal_eval,v4_lite,PRBS,60.0,5,0,0,5,0.7771,0.6182,0.5053,1.5231,1.8566,1.586,2.9907,,,
phnode_full,clean,nominal_eval,v4_lite,overall,10.0,5,0,0,5,0.1348,0.1313,0.1228,0.1547,0.3152,0.3085,0.3699,,,
phnode_full,clean,nominal_eval,v4_lite,overall,30.0,5,0,0,5,0.3824,0.3676,0.3139,0.4772,0.9646,0.8966,1.2161,,,
phnode_full,clean,nominal_eval,v4_lite,overall,60.0,5,0,0,5,0.8439,0.6888,0.6618,1.3284,2.1544,1.9741,3.087,,,
phnode_full,iid,clean,clean,CHIRP,10.0,5,0,0,5,0.0981,0.0927,0.0825,0.1227,0.1431,0.1336,0.1768,,,
phnode_full,iid,clean,clean,CHIRP,30.0,5,0,0,5,0.2458,0.2403,0.1672,0.3191,0.5766,0.5945,0.7132,,,
phnode_full,iid,clean,clean,CHIRP,60.0,5,0,0,5,0.766,0.8688,0.4135,1.0349,1.5524,1.6851,2.137,,,
phnode_full,iid,clean,clean,OU,10.0,5,0,0,5,0.1301,0.1339,0.1091,0.1496,0.265,0.2699,0.3039,,,
phnode_full,iid,clean,clean,OU,30.0,5,0,0,5,0.4376,0.4586,0.299,0.5319,0.9745,0.9735,1.1914,,,
phnode_full,iid,clean,clean,OU,60.0,5,0,0,5,1.2122,1.0818,0.7148,1.8504,3.0093,2.974,3.7724,,,
phnode_full,iid,clean,clean,PRBS,10.0,5,0,0,5,0.0905,0.0842,0.079,0.1068,0.2752,0.2744,0.2949,,,
phnode_full,iid,clean,clean,PRBS,30.0,5,0,0,5,0.3599,0.3473,0.2858,0.4475,0.7134,0.6929,0.9422,,,
phnode_full,iid,clean,clean,PRBS,60.0,5,0,0,5,0.8979,0.7295,0.5101,1.5803,2.2228,1.8531,3.2958,,,
phnode_full,iid,clean,clean,overall,10.0,5,0,0,5,0.1011,0.0983,0.0909,0.1131,0.26,0.2622,0.2813,,,
phnode_full,iid,clean,clean,overall,30.0,5,0,0,5,0.3299,0.3405,0.2725,0.3995,0.8261,0.873,0.9422,,,
phnode_full,iid,clean,clean,overall,60.0,5,0,0,5,0.8914,0.9082,0.6398,1.0811,2.5507,2.4124,2.9875,,,
phnode_full,iid,degraded_eval,iid_noisy_ic,CHIRP,10.0,5,0,0,5,0.2783,0.2776,0.2519,0.2959,0.8037,0.8113,0.8151,,,
phnode_full,iid,degraded_eval,iid_noisy_ic,CHIRP,30.0,5,0,0,5,0.7461,0.7575,0.5714,0.8839,2.2017,2.1848,2.4571,,,
phnode_full,iid,degraded_eval,iid_noisy_ic,CHIRP,60.0,5,0,0,5,1.5847,1.5586,1.2044,2.0706,4.6407,4.6028,5.6558,,,
phnode_full,iid,degraded_eval,iid_noisy_ic,OU,10.0,5,0,0,5,0.3512,0.3486,0.3415,0.3669,0.8913,0.8966,0.934,,,
phnode_full,iid,degraded_eval,iid_noisy_ic,OU,30.0,5,0,0,5,0.993,1.0006,0.9237,1.0389,2.7083,2.7042,2.9901,,,
phnode_full,iid,degraded_eval,iid_noisy_ic,OU,60.0,5,0,0,5,1.9306,1.9863,1.7163,2.2094,6.121,5.802,7.3783,,,
phnode_full,iid,degraded_eval,iid_noisy_ic,PRBS,10.0,5,0,0,5,0.2972,0.2841,0.2774,0.3277,0.9276,0.9294,0.9487,,,
phnode_full,iid,degraded_eval,iid_noisy_ic,PRBS,30.0,5,0,0,5,0.928,0.9133,0.855,1.0521,2.5991,2.4949,2.9891,,,
phnode_full,iid,degraded_eval,iid_noisy_ic,PRBS,60.0,5,0,0,5,1.904,1.954,1.6905,2.1317,5.8199,5.7813,6.4846,,,
phnode_full,iid,degraded_eval,iid_noisy_ic,overall,10.0,5,0,0,5,0.3041,0.3012,0.2921,0.3166,0.9024,0.918,0.934,,,
phnode_full,iid,degraded_eval,iid_noisy_ic,overall,30.0,5,0,0,5,0.8784,0.8925,0.8353,0.9256,2.5394,2.5341,2.7042,,,
phnode_full,iid,degraded_eval,iid_noisy_ic,overall,60.0,5,0,0,5,1.8229,1.842,1.5464,2.0343,5.5532,5.3307,6.501,,,
phnode_full,iid,heading_biased_eval,iid_noisy_ic,CHIRP,10.0,5,0,0,5,0.4805,0.4889,0.4598,0.4918,0.7211,0.7102,0.7509,,,
phnode_full,iid,heading_biased_eval,iid_noisy_ic,CHIRP,30.0,5,0,0,5,1.4753,1.4651,1.3593,1.6187,2.2013,2.1826,2.3952,,,
phnode_full,iid,heading_biased_eval,iid_noisy_ic,CHIRP,60.0,5,0,0,5,2.9599,2.8917,2.699,3.2241,5.0152,5.0472,5.4456,,,
phnode_full,iid,heading_biased_eval,iid_noisy_ic,OU,10.0,5,0,0,5,0.5412,0.5379,0.5321,0.5546,0.9897,1.0082,1.0154,,,
phnode_full,iid,heading_biased_eval,iid_noisy_ic,OU,30.0,5,0,0,5,1.5695,1.5418,1.5051,1.6526,2.8429,2.7705,3.0964,,,
phnode_full,iid,heading_biased_eval,iid_noisy_ic,OU,60.0,5,0,0,5,3.1229,3.2933,2.588,3.6868,5.7969,5.6134,6.8085,,,
phnode_full,iid,heading_biased_eval,iid_noisy_ic,PRBS,10.0,5,0,0,5,0.4445,0.4379,0.4233,0.4797,0.8325,0.8184,0.8565,,,
phnode_full,iid,heading_biased_eval,iid_noisy_ic,PRBS,30.0,5,0,0,5,1.5025,1.4719,1.4319,1.618,2.617,2.5988,2.813,,,
phnode_full,iid,heading_biased_eval,iid_noisy_ic,PRBS,60.0,5,0,0,5,2.9238,2.9077,2.788,3.1107,5.2423,4.9662,6.1299,,,
phnode_full,iid,heading_biased_eval,iid_noisy_ic,overall,10.0,5,0,0,5,0.488,0.4902,0.4785,0.4918,0.8795,0.8764,0.9019,,,
phnode_full,iid,heading_biased_eval,iid_noisy_ic,overall,30.0,5,0,0,5,1.5205,1.5063,1.4891,1.6024,2.6519,2.6384,2.8886,,,
phnode_full,iid,heading_biased_eval,iid_noisy_ic,overall,60.0,5,0,0,5,2.9425,2.976,2.699,3.1512,5.5909,5.6179,5.8743,,,
phnode_full,iid,nominal_eval,iid_noisy_ic,CHIRP,10.0,5,0,0,5,0.1458,0.1478,0.1238,0.1745,0.3374,0.338,0.3588,,,
phnode_full,iid,nominal_eval,iid_noisy_ic,CHIRP,30.0,5,0,0,5,0.4239,0.4189,0.2411,0.6292,0.9898,0.9839,1.1141,,,
phnode_full,iid,nominal_eval,iid_noisy_ic,CHIRP,60.0,5,0,0,5,0.9667,0.8976,0.7377,1.1724,2.3579,2.3357,2.982,,,
phnode_full,iid,nominal_eval,iid_noisy_ic,OU,10.0,5,0,0,5,0.1956,0.1903,0.1807,0.2114,0.4426,0.4466,0.4931,,,
phnode_full,iid,nominal_eval,iid_noisy_ic,OU,30.0,5,0,0,5,0.4926,0.5026,0.4417,0.5497,1.4588,1.4702,1.659,,,
phnode_full,iid,nominal_eval,iid_noisy_ic,OU,60.0,5,0,0,5,1.2296,1.1942,1.1451,1.3672,3.5567,3.1747,4.6496,,,
phnode_full,iid,nominal_eval,iid_noisy_ic,PRBS,10.0,5,0,0,5,0.1825,0.1813,0.1757,0.1915,0.4246,0.4202,0.4716,,,
phnode_full,iid,nominal_eval,iid_noisy_ic,PRBS,30.0,5,0,0,5,0.479,0.4718,0.411,0.5288,1.2518,1.1973,1.4709,,,
phnode_full,iid,nominal_eval,iid_noisy_ic,PRBS,60.0,5,0,0,5,1.155,1.014,0.9281,1.7239,3.3646,3.0545,4.5567,,,
phnode_full,iid,nominal_eval,iid_noisy_ic,overall,10.0,5,0,0,5,0.1697,0.172,0.1597,0.1757,0.4159,0.4171,0.4384,,,
phnode_full,iid,nominal_eval,iid_noisy_ic,overall,30.0,5,0,0,5,0.4716,0.473,0.4062,0.5515,1.3241,1.3251,1.6061,,,
phnode_full,iid,nominal_eval,iid_noisy_ic,overall,60.0,5,0,0,5,1.0934,1.0639,0.9545,1.2572,3.2639,3.274,4.2947,,,
phnode_full,iid,nominal_eval,v4_lite,CHIRP,10.0,5,0,0,5,0.1418,0.1441,0.1319,0.1543,0.2859,0.2783,0.3256,,,
phnode_full,iid,nominal_eval,v4_lite,CHIRP,30.0,5,0,0,5,0.4202,0.4227,0.3625,0.475,1.0199,1.0312,1.2283,,,
phnode_full,iid,nominal_eval,v4_lite,CHIRP,60.0,5,0,0,5,0.9606,0.8965,0.7964,1.3665,2.421,2.4001,2.9619,,,
phnode_full,iid,nominal_eval,v4_lite,OU,10.0,5,0,0,5,0.1669,0.1724,0.1511,0.1787,0.3185,0.3071,0.3501,,,
phnode_full,iid,nominal_eval,v4_lite,OU,30.0,5,0,0,5,0.502,0.5031,0.3932,0.5933,1.141,1.2066,1.2386,,,
phnode_full,iid,nominal_eval,v4_lite,OU,60.0,5,0,0,5,1.1224,1.096,0.7142,1.5517,3.3352,3.7658,4.1411,,,
phnode_full,iid,nominal_eval,v4_lite,PRBS,10.0,5,0,0,5,0.1428,0.1483,0.1318,0.1524,0.3436,0.3394,0.3579,,,
phnode_full,iid,nominal_eval,v4_lite,PRBS,30.0,5,0,0,5,0.437,0.4523,0.3528,0.5242,0.9307,0.9948,1.1805,,,
phnode_full,iid,nominal_eval,v4_lite,PRBS,60.0,5,0,0,5,1.0682,0.9025,0.8171,1.5889,2.5191,2.0531,3.3754,,,
phnode_full,iid,nominal_eval,v4_lite,overall,10.0,5,0,0,5,0.1474,0.1514,0.1368,0.1554,0.3264,0.3232,0.3593,,,
phnode_full,iid,nominal_eval,v4_lite,overall,30.0,5,0,0,5,0.4492,0.4341,0.3942,0.52,1.0586,1.0896,1.1295,,,
phnode_full,iid,nominal_eval,v4_lite,overall,60.0,5,0,0,5,1.0317,0.9797,0.8194,1.3471,2.9404,2.9624,3.5008,,,
phnode_full,v4lite,clean,clean,CHIRP,10.0,5,0,0,5,0.0893,0.0944,0.0529,0.1071,0.1483,0.1517,0.1748,,,
phnode_full,v4lite,clean,clean,CHIRP,30.0,5,0,0,5,0.2685,0.2705,0.2278,0.2991,0.6685,0.6265,0.9168,,,
phnode_full,v4lite,clean,clean,CHIRP,60.0,5,0,0,5,0.9081,0.8656,0.7366,1.2029,1.9831,1.927,2.5138,,,
phnode_full,v4lite,clean,clean,OU,10.0,5,0,0,5,0.1392,0.14,0.118,0.1545,0.2741,0.2878,0.318,,,
phnode_full,v4lite,clean,clean,OU,30.0,5,0,0,5,0.4168,0.4045,0.3457,0.5201,0.9839,0.9683,1.1617,,,
phnode_full,v4lite,clean,clean,OU,60.0,5,0,0,5,1.1479,1.2169,0.9106,1.353,2.8146,2.7263,3.4472,,,
phnode_full,v4lite,clean,clean,PRBS,10.0,5,0,0,5,0.1027,0.1025,0.0872,0.1163,0.2918,0.2843,0.3215,,,
phnode_full,v4lite,clean,clean,PRBS,30.0,5,0,0,5,0.326,0.3386,0.2456,0.4055,0.7107,0.6884,0.8271,,,
phnode_full,v4lite,clean,clean,PRBS,60.0,5,0,0,5,0.8713,0.7634,0.5889,1.2517,2.0601,2.0931,2.5938,,,
phnode_full,v4lite,clean,clean,overall,10.0,5,0,0,5,0.1054,0.1027,0.0961,0.1194,0.2663,0.2744,0.2878,,,
phnode_full,v4lite,clean,clean,overall,30.0,5,0,0,5,0.3401,0.3524,0.2839,0.3665,0.8379,0.8162,0.9765,,,
phnode_full,v4lite,clean,clean,overall,60.0,5,0,0,5,0.9566,0.8656,0.8202,1.146,2.413,2.3593,2.9036,,,
phnode_full,v4lite,degraded_eval,iid_noisy_ic,CHIRP,10.0,5,0,0,5,0.2476,0.2587,0.2071,0.2723,0.8171,0.8194,0.8389,,,
phnode_full,v4lite,degraded_eval,iid_noisy_ic,CHIRP,30.0,5,0,0,5,0.7582,0.7767,0.6151,0.8429,2.3786,2.3634,2.5512,,,
phnode_full,v4lite,degraded_eval,iid_noisy_ic,CHIRP,60.0,5,0,0,5,1.5959,1.6293,1.3538,1.813,5.0579,5.1395,6.0077,,,
phnode_full,v4lite,degraded_eval,iid_noisy_ic,OU,10.0,5,0,0,5,0.3533,0.3459,0.3404,0.3802,0.9,0.8811,0.9497,,,
phnode_full,v4lite,degraded_eval,iid_noisy_ic,OU,30.0,5,0,0,5,0.985,1.0091,0.8628,1.0292,2.8322,2.8686,3.0059,,,
phnode_full,v4lite,degraded_eval,iid_noisy_ic,OU,60.0,5,0,0,5,1.8614,1.8802,1.5834,2.016,6.3285,6.25,7.3532,,,
phnode_full,v4lite,degraded_eval,iid_noisy_ic,PRBS,10.0,5,0,0,5,0.3073,0.3049,0.2996,0.3183,0.9022,0.9084,0.9265,,,
phnode_full,v4lite,degraded_eval,iid_noisy_ic,PRBS,30.0,5,0,0,5,0.9026,0.8838,0.7761,1.0068,2.5309,2.3914,2.8753,,,
phnode_full,v4lite,degraded_eval,iid_noisy_ic,PRBS,60.0,5,0,0,5,1.7137,1.7757,1.3194,1.9636,5.679,5.8893,6.1021,,,
phnode_full,v4lite,degraded_eval,iid_noisy_ic,overall,10.0,5,0,0,5,0.3086,0.3028,0.2926,0.3233,0.9183,0.922,0.939,,,
phnode_full,v4lite,degraded_eval,iid_noisy_ic,overall,30.0,5,0,0,5,0.8505,0.8327,0.7679,0.9293,2.6519,2.7117,2.7835,,,
phnode_full,v4lite,degraded_eval,iid_noisy_ic,overall,60.0,5,0,0,5,1.7019,1.735,1.5251,1.8949,6.0497,6.2856,6.6676,,,
phnode_full,v4lite,heading_biased_eval,iid_noisy_ic,CHIRP,10.0,5,0,0,5,0.4828,0.489,0.4609,0.5049,0.7077,0.702,0.7858,,,
phnode_full,v4lite,heading_biased_eval,iid_noisy_ic,CHIRP,30.0,5,0,0,5,1.488,1.4706,1.3773,1.5788,2.2443,2.2276,2.4321,,,
phnode_full,v4lite,heading_biased_eval,iid_noisy_ic,CHIRP,60.0,5,0,0,5,3.106,3.1271,2.5328,3.5009,5.1742,5.2716,5.5473,,,
phnode_full,v4lite,heading_biased_eval,iid_noisy_ic,OU,10.0,5,0,0,5,0.5483,0.5508,0.5369,0.5617,1.0295,1.0119,1.1055,,,
phnode_full,v4lite,heading_biased_eval,iid_noisy_ic,OU,30.0,5,0,0,5,1.5994,1.6172,1.4614,1.7713,2.8743,2.8667,3.0477,,,
phnode_full,v4lite,heading_biased_eval,iid_noisy_ic,OU,60.0,5,0,0,5,3.2932,3.2239,3.1801,3.4518,6.1125,5.9027,7.1436,,,
phnode_full,v4lite,heading_biased_eval,iid_noisy_ic,PRBS,10.0,5,0,0,5,0.4537,0.4517,0.4283,0.4797,0.8341,0.8323,0.8638,,,
phnode_full,v4lite,heading_biased_eval,iid_noisy_ic,PRBS,30.0,5,0,0,5,1.5666,1.5814,1.4747,1.6164,2.6109,2.6493,2.7038,,,
phnode_full,v4lite,heading_biased_eval,iid_noisy_ic,PRBS,60.0,5,0,0,5,3.0439,2.9515,2.8356,3.4161,4.9276,4.6826,5.6892,,,
phnode_full,v4lite,heading_biased_eval,iid_noisy_ic,overall,10.0,5,0,0,5,0.5008,0.5024,0.489,0.5078,0.8597,0.8605,0.8875,,,
phnode_full,v4lite,heading_biased_eval,iid_noisy_ic,overall,30.0,5,0,0,5,1.523,1.5247,1.4367,1.5733,2.6804,2.6506,2.7648,,,
phnode_full,v4lite,heading_biased_eval,iid_noisy_ic,overall,60.0,5,0,0,5,3.1574,3.16,3.0172,3.2633,5.5628,5.4873,5.9536,,,
phnode_full,v4lite,nominal_eval,iid_noisy_ic,CHIRP,10.0,5,0,0,5,0.1259,0.1355,0.1016,0.1406,0.3517,0.3611,0.3658,,,
phnode_full,v4lite,nominal_eval,iid_noisy_ic,CHIRP,30.0,5,0,0,5,0.3891,0.4107,0.3168,0.4407,1.1465,1.1084,1.2828,,,
phnode_full,v4lite,nominal_eval,iid_noisy_ic,CHIRP,60.0,5,0,0,5,1.0175,1.028,0.6951,1.1953,2.7701,2.711,3.404,,,
phnode_full,v4lite,nominal_eval,iid_noisy_ic,OU,10.0,5,0,0,5,0.2031,0.2014,0.1889,0.2179,0.4644,0.4426,0.5078,,,
phnode_full,v4lite,nominal_eval,iid_noisy_ic,OU,30.0,5,0,0,5,0.5344,0.5346,0.5174,0.5559,1.5292,1.5097,1.8686,,,
phnode_full,v4lite,nominal_eval,iid_noisy_ic,OU,60.0,5,0,0,5,1.2898,1.2453,0.9951,1.5604,3.812,3.548,5.3514,,,
phnode_full,v4lite,nominal_eval,iid_noisy_ic,PRBS,10.0,5,0,0,5,0.1679,0.1664,0.1633,0.1727,0.4245,0.4293,0.4377,,,
phnode_full,v4lite,nominal_eval,iid_noisy_ic,PRBS,30.0,5,0,0,5,0.4426,0.4434,0.4296,0.4589,1.1732,1.2057,1.2343,,,
phnode_full,v4lite,nominal_eval,iid_noisy_ic,PRBS,60.0,5,0,0,5,1.0187,0.9336,0.7416,1.4973,2.8829,3.0122,3.4347,,,
phnode_full,v4lite,nominal_eval,iid_noisy_ic,overall,10.0,5,0,0,5,0.162,0.1662,0.1392,0.1711,0.4419,0.4352,0.471,,,
phnode_full,v4lite,nominal_eval,iid_noisy_ic,overall,30.0,5,0,0,5,0.4521,0.4545,0.4196,0.4758,1.3364,1.3423,1.4528,,,
phnode_full,v4lite,nominal_eval,iid_noisy_ic,overall,60.0,5,0,0,5,1.1116,1.08,0.9868,1.3948,3.3398,3.3526,3.7178,,,
phnode_full,v4lite,nominal_eval,v4_lite,CHIRP,10.0,5,0,0,5,0.1437,0.152,0.1174,0.1631,0.2991,0.2973,0.3337,,,
phnode_full,v4lite,nominal_eval,v4_lite,CHIRP,30.0,5,0,0,5,0.4623,0.5112,0.3417,0.5433,1.008,1.0149,1.0441,,,
phnode_full,v4lite,nominal_eval,v4_lite,CHIRP,60.0,5,0,0,5,1.1222,1.127,0.8439,1.5665,2.5319,2.6566,2.9719,,,
phnode_full,v4lite,nominal_eval,v4_lite,OU,10.0,5,0,0,5,0.1607,0.1608,0.1432,0.1801,0.3374,0.3466,0.3875,,,
phnode_full,v4lite,nominal_eval,v4_lite,OU,30.0,5,0,0,5,0.5151,0.4995,0.4675,0.6129,1.1266,1.1713,1.214,,,
phnode_full,v4lite,nominal_eval,v4_lite,OU,60.0,5,0,0,5,1.1165,1.1197,1.0375,1.1653,3.0737,3.1549,3.5415,,,
phnode_full,v4lite,nominal_eval,v4_lite,PRBS,10.0,5,0,0,5,0.1481,0.144,0.1321,0.1702,0.354,0.3499,0.3855,,,
phnode_full,v4lite,nominal_eval,v4_lite,PRBS,30.0,5,0,0,5,0.4463,0.3921,0.3679,0.6195,1.031,1.0436,1.1328,,,
phnode_full,v4lite,nominal_eval,v4_lite,PRBS,60.0,5,0,0,5,1.0535,0.973,0.7401,1.4493,2.4751,2.5532,2.8403,,,
phnode_full,v4lite,nominal_eval,v4_lite,overall,10.0,5,0,0,5,0.152,0.1532,0.1381,0.1668,0.3357,0.3353,0.3548,,,
phnode_full,v4lite,nominal_eval,v4_lite,overall,30.0,5,0,0,5,0.4604,0.477,0.3951,0.5225,1.0736,1.0684,1.1739,,,
phnode_full,v4lite,nominal_eval,v4_lite,overall,60.0,5,0,0,5,1.1148,1.0878,0.9436,1.289,2.9198,2.9396,3.463,,,
phnode_qforce,clean,clean,clean,CHIRP,10.0,5,0,0,5,0.4023,0.4432,0.2427,0.4667,0.7426,0.8171,0.8215,,,
phnode_qforce,clean,clean,clean,CHIRP,30.0,5,0,0,5,1.1058,1.1386,0.5836,1.6274,2.2328,2.4606,2.7941,,,
phnode_qforce,clean,clean,clean,CHIRP,60.0,5,0,0,5,2.4847,2.3537,1.7586,3.403,4.0263,4.6122,4.8537,,,
phnode_qforce,clean,clean,clean,OU,10.0,5,0,0,5,0.8193,0.9222,0.3093,1.032,2.2456,2.5717,2.6991,,,
phnode_qforce,clean,clean,clean,OU,30.0,5,0,0,5,2.6114,2.9657,0.8651,3.2502,4.887,5.121,5.9921,,,
phnode_qforce,clean,clean,clean,OU,60.0,5,0,0,5,6.1722,6.4023,2.3091,8.0908,12.7211,15.2064,15.9236,,,
phnode_qforce,clean,clean,clean,PRBS,10.0,5,0,0,5,0.4432,0.4873,0.1662,0.5909,2.1337,2.5505,2.8309,,,
phnode_qforce,clean,clean,clean,PRBS,30.0,5,0,0,5,1.7684,2.048,0.4729,2.1886,3.688,4.1465,4.4846,,,
phnode_qforce,clean,clean,clean,PRBS,60.0,5,0,0,5,3.7935,4.5631,1.0968,4.8958,7.6725,8.2141,10.079,,,
phnode_qforce,clean,clean,clean,overall,10.0,5,0,0,5,0.5017,0.5691,0.2269,0.5752,2.1439,2.4554,2.724,,,
phnode_qforce,clean,clean,clean,overall,30.0,5,0,0,5,1.7256,1.9448,0.6294,2.197,4.0895,4.6773,4.714,,,
phnode_qforce,clean,clean,clean,overall,60.0,5,0,0,5,3.7564,4.1847,2.0094,4.4898,11.2481,13.0065,13.7325,,,
phnode_qforce,clean,degraded_eval,iid_noisy_ic,CHIRP,10.0,5,0,0,5,0.5023,0.5307,0.3637,0.5748,0.9873,1.0359,1.0707,,,
phnode_qforce,clean,degraded_eval,iid_noisy_ic,CHIRP,30.0,5,0,0,5,1.3405,1.421,0.7141,1.7142,2.8576,2.8793,3.3248,,,
phnode_qforce,clean,degraded_eval,iid_noisy_ic,CHIRP,60.0,5,0,0,5,2.7055,2.6071,2.1923,3.2679,6.0359,6.0608,6.5586,,,
phnode_qforce,clean,degraded_eval,iid_noisy_ic,OU,10.0,5,0,0,5,0.9051,0.9829,0.4816,1.0982,2.2287,2.4957,2.5821,,,
phnode_qforce,clean,degraded_eval,iid_noisy_ic,OU,30.0,5,0,0,5,2.6318,2.7811,1.2923,3.2225,4.9881,5.1755,5.5643,,,
phnode_qforce,clean,degraded_eval,iid_noisy_ic,OU,60.0,5,0,0,5,6.3936,6.6976,3.1687,7.9139,14.3519,16.2647,17.1389,,,
phnode_qforce,clean,degraded_eval,iid_noisy_ic,PRBS,10.0,5,0,0,5,0.606,0.6604,0.3047,0.743,2.2692,2.564,2.8301,,,
phnode_qforce,clean,degraded_eval,iid_noisy_ic,PRBS,30.0,5,0,0,5,2.0674,2.2197,1.0736,2.4849,4.2919,4.472,5.0407,,,
phnode_qforce,clean,degraded_eval,iid_noisy_ic,PRBS,60.0,5,0,0,5,4.13,4.6201,2.1508,4.7498,8.6754,8.6118,11.0306,,,
phnode_qforce,clean,degraded_eval,iid_noisy_ic,overall,10.0,5,0,0,5,0.6191,0.6616,0.4012,0.717,2.2126,2.4921,2.6909,,,
phnode_qforce,clean,degraded_eval,iid_noisy_ic,overall,30.0,5,0,0,5,1.948,2.132,1.0107,2.3879,4.3157,4.5022,4.978,,,
phnode_qforce,clean,degraded_eval,iid_noisy_ic,overall,60.0,5,0,0,5,4.002,4.262,2.2881,4.9184,10.9753,11.688,12.524,,,
phnode_qforce,clean,heading_biased_eval,iid_noisy_ic,CHIRP,10.0,5,0,0,5,0.662,0.6684,0.5504,0.7177,0.9214,0.9358,0.9969,,,
phnode_qforce,clean,heading_biased_eval,iid_noisy_ic,CHIRP,30.0,5,0,0,5,1.7491,1.7087,1.4109,2.1937,2.9871,3.0492,3.3471,,,
phnode_qforce,clean,heading_biased_eval,iid_noisy_ic,CHIRP,60.0,5,0,0,5,3.0321,3.1201,2.1133,4.0022,6.4575,6.3752,7.586,,,
phnode_qforce,clean,heading_biased_eval,iid_noisy_ic,OU,10.0,5,0,0,5,0.9854,1.0328,0.6461,1.1092,2.2624,2.4718,2.5955,,,
phnode_qforce,clean,heading_biased_eval,iid_noisy_ic,OU,30.0,5,0,0,5,2.7254,2.6869,1.9423,3.1963,5.4753,5.6968,6.4338,,,
phnode_qforce,clean,heading_biased_eval,iid_noisy_ic,OU,60.0,5,0,0,5,6.5223,6.7937,3.8522,7.8227,13.1786,14.2092,15.5846,,,
phnode_qforce,clean,heading_biased_eval,iid_noisy_ic,PRBS,10.0,5,0,0,5,0.7597,0.814,0.4695,0.9397,2.2347,2.5581,2.8608,,,
phnode_qforce,clean,heading_biased_eval,iid_noisy_ic,PRBS,30.0,5,0,0,5,2.5573,2.6608,1.6748,2.9757,4.9942,5.4679,5.7516,,,
phnode_qforce,clean,heading_biased_eval,iid_noisy_ic,PRBS,60.0,5,0,0,5,4.9016,4.8349,3.4629,6.1462,10.774,11.6136,13.3716,,,
phnode_qforce,clean,heading_biased_eval,iid_noisy_ic,overall,10.0,5,0,0,5,0.7552,0.8136,0.5502,0.8297,2.2054,2.4408,2.6563,,,
phnode_qforce,clean,heading_biased_eval,iid_noisy_ic,overall,30.0,5,0,0,5,2.303,2.4438,1.6883,2.655,4.9482,5.3481,5.4648,,,
phnode_qforce,clean,heading_biased_eval,iid_noisy_ic,overall,60.0,5,0,0,5,4.6263,4.9195,3.5478,5.3402,11.5876,11.9224,13.7938,,,
phnode_qforce,clean,nominal_eval,iid_noisy_ic,CHIRP,10.0,5,0,0,5,0.4127,0.4412,0.2943,0.4564,0.7567,0.8076,0.8817,,,
phnode_qforce,clean,nominal_eval,iid_noisy_ic,CHIRP,30.0,5,0,0,5,1.0782,1.0881,0.568,1.5331,2.2703,2.3527,2.6166,,,
phnode_qforce,clean,nominal_eval,iid_noisy_ic,CHIRP,60.0,5,0,0,5,2.4213,2.3903,1.8167,2.9384,4.4796,4.8189,5.2375,,,
phnode_qforce,clean,nominal_eval,iid_noisy_ic,OU,10.0,5,0,0,5,0.8218,0.9182,0.3451,1.0309,2.1958,2.526,2.6364,,,
phnode_qforce,clean,nominal_eval,iid_noisy_ic,OU,30.0,5,0,0,5,2.5817,2.9492,0.8803,3.2353,4.7945,4.8255,5.6725,,,
phnode_qforce,clean,nominal_eval,iid_noisy_ic,OU,60.0,5,0,0,5,6.1583,6.4081,2.4391,8.3121,13.1971,15.4611,16.3984,,,
phnode_qforce,clean,nominal_eval,iid_noisy_ic,PRBS,10.0,5,0,0,5,0.4759,0.5271,0.2112,0.5979,2.1548,2.5393,2.8226,,,
phnode_qforce,clean,nominal_eval,iid_noisy_ic,PRBS,30.0,5,0,0,5,1.7547,2.0098,0.6594,2.1571,3.7646,4.2514,4.5546,,,
phnode_qforce,clean,nominal_eval,iid_noisy_ic,PRBS,60.0,5,0,0,5,3.9083,4.5994,1.1684,5.07,7.6872,8.4629,9.7733,,,
phnode_qforce,clean,nominal_eval,iid_noisy_ic,overall,10.0,5,0,0,5,0.5198,0.5666,0.2846,0.6114,2.1619,2.4577,2.717,,,
phnode_qforce,clean,nominal_eval,iid_noisy_ic,overall,30.0,5,0,0,5,1.7419,1.8837,0.6843,2.203,4.0162,4.4258,4.6023,,,
phnode_qforce,clean,nominal_eval,iid_noisy_ic,overall,60.0,5,0,0,5,3.7428,3.8662,2.1229,4.5254,11.0504,12.3686,13.2095,,,
phnode_qforce,clean,nominal_eval,v4_lite,CHIRP,10.0,5,0,0,5,0.4256,0.4475,0.274,0.5012,0.7425,0.7978,0.8307,,,
phnode_qforce,clean,nominal_eval,v4_lite,CHIRP,30.0,5,0,0,5,1.2396,1.3835,0.6731,1.5221,2.2741,2.4472,2.6828,,,
phnode_qforce,clean,nominal_eval,v4_lite,CHIRP,60.0,5,0,0,5,2.6157,2.727,1.9655,3.1406,4.5033,4.7552,5.4712,,,
phnode_qforce,clean,nominal_eval,v4_lite,OU,10.0,5,0,0,5,0.8222,0.9341,0.3171,1.0254,2.2775,2.6192,2.7343,,,
phnode_qforce,clean,nominal_eval,v4_lite,OU,30.0,5,0,0,5,2.6388,3.0026,0.8691,3.2431,5.0742,5.3505,6.0879,,,
phnode_qforce,clean,nominal_eval,v4_lite,OU,60.0,5,0,0,5,6.3316,6.9141,2.1791,8.2086,12.8042,14.9403,15.5844,,,
phnode_qforce,clean,nominal_eval,v4_lite,PRBS,10.0,5,0,0,5,0.4926,0.551,0.1794,0.6598,2.1391,2.5367,2.8097,,,
phnode_qforce,clean,nominal_eval,v4_lite,PRBS,30.0,5,0,0,5,1.7135,1.9884,0.5389,2.0978,3.6644,4.0916,4.3441,,,
phnode_qforce,clean,nominal_eval,v4_lite,PRBS,60.0,5,0,0,5,3.6924,4.4171,1.1682,4.779,7.3081,7.6813,9.3997,,,
phnode_qforce,clean,nominal_eval,v4_lite,overall,10.0,5,0,0,5,0.5144,0.5712,0.2685,0.5857,2.1365,2.4563,2.727,,,
phnode_qforce,clean,nominal_eval,v4_lite,overall,30.0,5,0,0,5,1.7576,2.032,0.7064,2.1492,4.0494,4.397,4.9727,,,
phnode_qforce,clean,nominal_eval,v4_lite,overall,60.0,5,0,0,5,3.7665,4.055,2.0899,4.7294,11.3754,12.9236,13.9023,,,
phnode_qforce,iid,clean,clean,CHIRP,10.0,5,0,0,5,0.3386,0.4472,0.0744,0.6197,0.6189,0.8735,0.9926,,,
phnode_qforce,iid,clean,clean,CHIRP,30.0,5,0,0,5,0.9351,1.3213,0.2206,1.4911,1.7787,2.5412,2.7736,,,
phnode_qforce,iid,clean,clean,CHIRP,60.0,5,0,0,5,1.8321,2.6287,0.4383,2.7711,2.8027,3.6349,4.1718,,,
phnode_qforce,iid,clean,clean,OU,10.0,5,0,0,5,0.615,0.8731,0.1344,0.9941,1.6548,2.385,2.7,,,
phnode_qforce,iid,clean,clean,OU,30.0,5,0,0,5,1.9589,2.9088,0.3801,3.0988,3.6925,5.0353,6.1217,,,
phnode_qforce,iid,clean,clean,OU,60.0,5,0,0,5,4.4543,6.4218,0.9669,6.9708,9.4751,13.4774,14.6856,,,
phnode_qforce,iid,clean,clean,PRBS,10.0,5,0,0,5,0.3841,0.4946,0.0935,0.6651,1.6848,2.4681,2.6578,,,
phnode_qforce,iid,clean,clean,PRBS,30.0,5,0,0,5,1.3384,1.7392,0.3071,2.2146,3.5502,4.0578,7.9323,,,
phnode_qforce,iid,clean,clean,PRBS,60.0,5,0,0,5,2.6067,2.9917,0.6374,4.5316,7.2707,7.4013,14.4841,,,
phnode_qforce,iid,clean,clean,overall,10.0,5,0,0,5,0.4264,0.6129,0.1012,0.6903,1.5754,2.3396,2.5746,,,
phnode_qforce,iid,clean,clean,overall,30.0,5,0,0,5,1.3536,1.992,0.285,2.1048,3.1641,4.3655,5.5115,,,
phnode_qforce,iid,clean,clean,overall,60.0,5,0,0,5,2.4713,3.2096,0.6094,3.9987,8.3159,11.1396,13.1165,,,
phnode_qforce,iid,degraded_eval,iid_noisy_ic,CHIRP,10.0,5,0,0,5,0.4643,0.554,0.2432,0.693,1.0032,1.1147,1.1367,,,
phnode_qforce,iid,degraded_eval,iid_noisy_ic,CHIRP,30.0,5,0,0,5,1.3785,1.7453,0.6146,1.8767,2.905,3.2218,3.4178,,,
phnode_qforce,iid,degraded_eval,iid_noisy_ic,CHIRP,60.0,5,0,0,5,2.3812,2.8646,1.2784,3.1144,5.1398,5.1532,5.983,,,
phnode_qforce,iid,degraded_eval,iid_noisy_ic,OU,10.0,5,0,0,5,0.7626,0.9572,0.3302,1.146,1.9056,2.3294,2.7603,,,
phnode_qforce,iid,degraded_eval,iid_noisy_ic,OU,30.0,5,0,0,5,2.0788,2.6796,0.8851,2.9433,4.2393,4.7261,5.6713,,,
phnode_qforce,iid,degraded_eval,iid_noisy_ic,OU,60.0,5,0,0,5,4.6614,5.3135,1.7334,7.2593,11.3357,13.4154,16.1648,,,
phnode_qforce,iid,degraded_eval,iid_noisy_ic,PRBS,10.0,5,0,0,5,0.5987,0.5787,0.3172,1.0537,1.9198,2.4564,2.6585,,,
phnode_qforce,iid,degraded_eval,iid_noisy_ic,PRBS,30.0,5,0,0,5,1.7241,2.1495,0.9814,2.2501,4.4113,4.458,8.0267,,,
phnode_qforce,iid,degraded_eval,iid_noisy_ic,PRBS,60.0,5,0,0,5,3.2213,3.5859,1.7231,5.1097,9.2006,8.0412,16.1633,,,
phnode_qforce,iid,degraded_eval,iid_noisy_ic,overall,10.0,5,0,0,5,0.575,0.6764,0.3107,0.8692,1.8393,2.3227,2.6241,,,
phnode_qforce,iid,degraded_eval,iid_noisy_ic,overall,30.0,5,0,0,5,1.7128,2.2005,0.8911,2.3202,4.0678,4.7261,5.7483,,,
phnode_qforce,iid,degraded_eval,iid_noisy_ic,overall,60.0,5,0,0,5,3.2745,3.9463,1.6872,4.5016,9.226,10.0109,13.5955,,,
phnode_qforce,iid,heading_biased_eval,iid_noisy_ic,CHIRP,10.0,5,0,0,5,0.6454,0.7311,0.4558,0.7949,0.9151,0.976,1.1315,,,
phnode_qforce,iid,heading_biased_eval,iid_noisy_ic,CHIRP,30.0,5,0,0,5,1.8451,1.9516,1.4679,2.1688,2.7367,2.9559,3.2484,,,
phnode_qforce,iid,heading_biased_eval,iid_noisy_ic,CHIRP,60.0,5,0,0,5,3.3908,3.3111,3.0946,3.8204,5.0768,5.3531,5.647,,,
phnode_qforce,iid,heading_biased_eval,iid_noisy_ic,OU,10.0,5,0,0,5,0.8748,1.0409,0.5368,1.1648,1.882,2.284,2.6094,,,
phnode_qforce,iid,heading_biased_eval,iid_noisy_ic,OU,30.0,5,0,0,5,2.3511,2.7273,1.548,2.9368,4.6101,5.4057,6.4989,,,
phnode_qforce,iid,heading_biased_eval,iid_noisy_ic,OU,60.0,5,0,0,5,5.3322,5.9531,3.0778,7.293,10.0586,12.4985,13.9662,,,
phnode_qforce,iid,heading_biased_eval,iid_noisy_ic,PRBS,10.0,5,0,0,5,0.695,0.6979,0.4198,1.0568,1.8839,2.4817,2.6872,,,
phnode_qforce,iid,heading_biased_eval,iid_noisy_ic,PRBS,30.0,5,0,0,5,2.2188,2.4994,1.5279,2.8476,4.8325,5.0064,8.7733,,,
phnode_qforce,iid,heading_biased_eval,iid_noisy_ic,PRBS,60.0,5,0,0,5,4.3473,4.8354,3.0829,5.4692,10.2812,9.9281,17.4939,,,
phnode_qforce,iid,heading_biased_eval,iid_noisy_ic,overall,10.0,5,0,0,5,0.7023,0.8193,0.4851,0.8945,1.7867,2.284,2.5952,,,
phnode_qforce,iid,heading_biased_eval,iid_noisy_ic,overall,30.0,5,0,0,5,2.1236,2.3762,1.5333,2.6035,4.1734,4.6816,5.6737,,,
phnode_qforce,iid,heading_biased_eval,iid_noisy_ic,overall,60.0,5,0,0,5,4.2,4.5712,3.0829,5.152,9.6852,11.5673,13.8758,,,
phnode_qforce,iid,nominal_eval,iid_noisy_ic,CHIRP,10.0,5,0,0,5,0.3681,0.4722,0.1332,0.6189,0.6981,0.8812,0.9737,,,
phnode_qforce,iid,nominal_eval,iid_noisy_ic,CHIRP,30.0,5,0,0,5,1.0058,1.3454,0.3419,1.5563,2.0706,2.7044,2.8281,,,
phnode_qforce,iid,nominal_eval,iid_noisy_ic,CHIRP,60.0,5,0,0,5,1.996,2.7713,0.7385,2.8491,3.38,3.9268,4.5007,,,
phnode_qforce,iid,nominal_eval,iid_noisy_ic,OU,10.0,5,0,0,5,0.6498,0.881,0.1915,1.0358,1.7057,2.338,2.6793,,,
phnode_qforce,iid,nominal_eval,iid_noisy_ic,OU,30.0,5,0,0,5,1.8819,2.7007,0.4412,2.9177,3.8038,4.7021,5.8299,,,
phnode_qforce,iid,nominal_eval,iid_noisy_ic,OU,60.0,5,0,0,5,4.3251,5.6828,1.2545,6.796,10.113,13.4162,15.997,,,
phnode_qforce,iid,nominal_eval,iid_noisy_ic,PRBS,10.0,5,0,0,5,0.4453,0.4876,0.1677,0.769,1.7042,2.4545,2.6498,,,
phnode_qforce,iid,nominal_eval,iid_noisy_ic,PRBS,30.0,5,0,0,5,1.3098,1.7721,0.4093,2.0812,3.7269,4.097,7.9155,,,
phnode_qforce,iid,nominal_eval,iid_noisy_ic,PRBS,60.0,5,0,0,5,2.6706,3.0369,0.8961,4.5264,7.6061,7.3752,14.7251,,,
phnode_qforce,iid,nominal_eval,iid_noisy_ic,overall,10.0,5,0,0,5,0.4636,0.6206,0.1659,0.7282,1.6275,2.338,2.5853,,,
phnode_qforce,iid,nominal_eval,iid_noisy_ic,overall,30.0,5,0,0,5,1.4235,1.985,0.42,2.1481,3.3985,4.2428,5.8485,,,
phnode_qforce,iid,nominal_eval,iid_noisy_ic,overall,60.0,5,0,0,5,2.6336,3.158,0.8961,4.1773,8.1474,10.2668,13.4162,,,
phnode_qforce,iid,nominal_eval,v4_lite,CHIRP,10.0,5,0,0,5,0.3724,0.4598,0.1395,0.6408,0.6792,0.8868,0.99,,,
phnode_qforce,iid,nominal_eval,v4_lite,CHIRP,30.0,5,0,0,5,1.1685,1.6131,0.4587,1.6635,1.9427,2.6335,2.6951,,,
phnode_qforce,iid,nominal_eval,v4_lite,CHIRP,60.0,5,0,0,5,2.1227,2.7481,0.876,3.024,3.2802,3.8718,4.5915,,,
phnode_qforce,iid,nominal_eval,v4_lite,OU,10.0,5,0,0,5,0.6307,0.8785,0.1743,0.9984,1.6995,2.4406,2.738,,,
phnode_qforce,iid,nominal_eval,v4_lite,OU,30.0,5,0,0,5,1.9316,2.7497,0.4717,2.9905,3.7926,5.1926,6.1037,,,
phnode_qforce,iid,nominal_eval,v4_lite,OU,60.0,5,0,0,5,4.5543,6.678,1.1353,6.9068,9.4881,13.1259,14.2943,,,
phnode_qforce,iid,nominal_eval,v4_lite,PRBS,10.0,5,0,0,5,0.4295,0.4813,0.1543,0.7362,1.7125,2.4386,2.7534,,,
phnode_qforce,iid,nominal_eval,v4_lite,PRBS,30.0,5,0,0,5,1.2435,1.5671,0.3918,2.0089,3.6214,3.9915,8.2298,,,
phnode_qforce,iid,nominal_eval,v4_lite,PRBS,60.0,5,0,0,5,2.5829,3.0201,0.7798,4.3834,7.3329,6.7171,15.3967,,,
phnode_qforce,iid,nominal_eval,v4_lite,overall,10.0,5,0,0,5,0.4577,0.6282,0.1511,0.7235,1.6142,2.3335,2.5661,,,
phnode_qforce,iid,nominal_eval,v4_lite,overall,30.0,5,0,0,5,1.4222,1.8558,0.4513,2.2463,3.2058,4.1123,5.5239,,,
phnode_qforce,iid,nominal_eval,v4_lite,overall,60.0,5,0,0,5,2.7132,3.4072,0.9331,4.305,8.4005,11.2378,12.8699,,,
phnode_qforce,v4lite,clean,clean,CHIRP,10.0,5,0,0,5,0.1511,0.0696,0.0482,0.4929,0.2863,0.1131,0.9384,,,
phnode_qforce,v4lite,clean,clean,CHIRP,30.0,5,0,0,5,0.4392,0.2717,0.1565,1.2816,0.8631,0.4421,2.6363,,,
phnode_qforce,v4lite,clean,clean,CHIRP,60.0,5,0,0,5,1.024,0.608,0.3926,2.6245,1.7444,1.2777,3.7213,,,
phnode_qforce,v4lite,clean,clean,OU,10.0,5,0,0,5,0.3278,0.1611,0.1203,1.0492,0.755,0.3132,2.619,,,
phnode_qforce,v4lite,clean,clean,OU,30.0,5,0,0,5,0.9365,0.4373,0.3309,3.0768,1.7695,0.8139,5.5862,,,
phnode_qforce,v4lite,clean,clean,OU,60.0,5,0,0,5,2.1405,1.2113,0.9025,6.2616,5.6199,2.9959,16.9185,,,
phnode_qforce,v4lite,clean,clean,PRBS,10.0,5,0,0,5,0.181,0.095,0.0784,0.5181,0.7482,0.3497,2.4744,,,
phnode_qforce,v4lite,clean,clean,PRBS,30.0,5,0,0,5,0.6575,0.3658,0.3156,1.9035,1.3577,0.783,4.0216,,,
phnode_qforce,v4lite,clean,clean,PRBS,60.0,5,0,0,5,1.3574,0.6742,0.5514,4.2407,3.543,2.5593,9.1251,,,
phnode_qforce,v4lite,clean,clean,overall,10.0,5,0,0,5,0.1901,0.0964,0.071,0.5824,0.7161,0.3148,2.4744,,,
phnode_qforce,v4lite,clean,clean,overall,30.0,5,0,0,5,0.6227,0.327,0.2848,1.8453,1.4898,0.7649,4.5865,,,
phnode_qforce,v4lite,clean,clean,overall,60.0,5,0,0,5,1.3551,0.6841,0.6352,3.8526,4.5924,2.5317,13.0489,,,
phnode_qforce,v4lite,degraded_eval,iid_noisy_ic,CHIRP,10.0,5,0,0,5,0.3205,0.2502,0.2318,0.6043,0.8728,0.8092,1.0991,,,
phnode_qforce,v4lite,degraded_eval,iid_noisy_ic,CHIRP,30.0,5,0,0,5,0.8613,0.6507,0.5674,1.65,2.4487,2.2076,3.3427,,,
phnode_qforce,v4lite,degraded_eval,iid_noisy_ic,CHIRP,60.0,5,0,0,5,1.7755,1.4725,1.4453,3.0126,4.8497,4.6364,5.434,,,
phnode_qforce,v4lite,degraded_eval,iid_noisy_ic,OU,10.0,5,0,0,5,0.4925,0.3827,0.3484,0.9671,1.2686,0.9557,2.5534,,,
phnode_qforce,v4lite,degraded_eval,iid_noisy_ic,OU,30.0,5,0,0,5,1.3885,1.0269,1.0194,2.8138,3.2094,2.8172,5.03,,,
phnode_qforce,v4lite,degraded_eval,iid_noisy_ic,OU,60.0,5,0,0,5,2.9707,1.9339,1.8801,6.7945,8.0899,6.6418,15.0478,,,
phnode_qforce,v4lite,degraded_eval,iid_noisy_ic,PRBS,10.0,5,0,0,5,0.3792,0.3269,0.3095,0.5999,1.229,0.9264,2.474,,,
phnode_qforce,v4lite,degraded_eval,iid_noisy_ic,PRBS,30.0,5,0,0,5,1.1737,1.0219,0.7623,2.0567,2.7983,2.4155,4.4269,,,
phnode_qforce,v4lite,degraded_eval,iid_noisy_ic,PRBS,60.0,5,0,0,5,2.2253,1.7385,1.5437,4.3541,6.4754,5.7463,9.9518,,,
phnode_qforce,v4lite,degraded_eval,iid_noisy_ic,overall,10.0,5,0,0,5,0.3969,0.3231,0.3063,0.7043,1.2322,0.9428,2.4258,,,
phnode_qforce,v4lite,degraded_eval,iid_noisy_ic,overall,30.0,5,0,0,5,1.165,0.9256,0.8236,2.2105,3.0403,2.6656,4.7478,,,
phnode_qforce,v4lite,degraded_eval,iid_noisy_ic,overall,60.0,5,0,0,5,2.2262,1.7069,1.5999,4.2637,7.2183,5.9926,12.3726,,,
phnode_qforce,v4lite,heading_biased_eval,iid_noisy_ic,CHIRP,10.0,5,0,0,5,0.5316,0.4691,0.4612,0.7726,0.7763,0.7141,1.0422,,,
phnode_qforce,v4lite,heading_biased_eval,iid_noisy_ic,CHIRP,30.0,5,0,0,5,1.5901,1.5057,1.4823,1.9296,2.357,2.1804,3.1008,,,
phnode_qforce,v4lite,heading_biased_eval,iid_noisy_ic,CHIRP,60.0,5,0,0,5,3.2283,3.1574,3.1351,3.5037,5.0459,4.7708,5.8797,,,
phnode_qforce,v4lite,heading_biased_eval,iid_noisy_ic,OU,10.0,5,0,0,5,0.6413,0.5558,0.535,0.99,1.333,1.0626,2.5217,,,
phnode_qforce,v4lite,heading_biased_eval,iid_noisy_ic,OU,30.0,5,0,0,5,1.8268,1.5976,1.4965,2.8083,3.4847,2.9798,5.7631,,,
phnode_qforce,v4lite,heading_biased_eval,iid_noisy_ic,OU,60.0,5,0,0,5,4.1907,3.4741,3.2619,7.2349,8.1313,6.7597,15.2245,,,
phnode_qforce,v4lite,heading_biased_eval,iid_noisy_ic,PRBS,10.0,5,0,0,5,0.5012,0.4381,0.4198,0.7602,1.1466,0.8121,2.504,,,
phnode_qforce,v4lite,heading_biased_eval,iid_noisy_ic,PRBS,30.0,5,0,0,5,1.721,1.5359,1.512,2.4539,3.0165,2.5604,5.1714,,,
phnode_qforce,v4lite,heading_biased_eval,iid_noisy_ic,PRBS,60.0,5,0,0,5,3.396,3.0976,2.891,4.7503,6.3485,5.1527,11.9597,,,
phnode_qforce,v4lite,heading_biased_eval,iid_noisy_ic,overall,10.0,5,0,0,5,0.5484,0.4985,0.4737,0.7941,1.177,0.8642,2.449,,,
phnode_qforce,v4lite,heading_biased_eval,iid_noisy_ic,overall,30.0,5,0,0,5,1.7126,1.5585,1.4941,2.3851,3.2081,2.6077,5.6745,,,
phnode_qforce,v4lite,heading_biased_eval,iid_noisy_ic,overall,60.0,5,0,0,5,3.5217,3.1992,3.1821,4.7689,6.9027,5.4952,13.483,,,
phnode_qforce,v4lite,nominal_eval,iid_noisy_ic,CHIRP,10.0,5,0,0,5,0.2003,0.1226,0.1038,0.5202,0.464,0.3347,0.9399,,,
phnode_qforce,v4lite,nominal_eval,iid_noisy_ic,CHIRP,30.0,5,0,0,5,0.5035,0.3378,0.2893,1.1361,1.3299,0.9691,2.7258,,,
phnode_qforce,v4lite,nominal_eval,iid_noisy_ic,CHIRP,60.0,5,0,0,5,1.1273,0.7664,0.5325,2.7385,2.552,2.1036,3.9026,,,
phnode_qforce,v4lite,nominal_eval,iid_noisy_ic,OU,10.0,5,0,0,5,0.3395,0.231,0.1716,0.8586,0.906,0.5052,2.5685,,,
phnode_qforce,v4lite,nominal_eval,iid_noisy_ic,OU,30.0,5,0,0,5,1.0634,0.5766,0.481,3.0938,2.2556,1.454,5.3546,,,
phnode_qforce,v4lite,nominal_eval,iid_noisy_ic,OU,60.0,5,0,0,5,2.4858,1.4351,1.2217,6.6414,6.2569,4.2553,15.6235,,,
phnode_qforce,v4lite,nominal_eval,iid_noisy_ic,PRBS,10.0,5,0,0,5,0.2497,0.1843,0.1645,0.5147,0.8333,0.4314,2.4652,,,
phnode_qforce,v4lite,nominal_eval,iid_noisy_ic,PRBS,30.0,5,0,0,5,0.7724,0.4433,0.4131,2.0539,1.719,1.178,4.063,,,
phnode_qforce,v4lite,nominal_eval,iid_noisy_ic,PRBS,60.0,5,0,0,5,1.5577,0.9184,0.8712,4.0049,4.1295,2.7749,9.1083,,,
phnode_qforce,v4lite,nominal_eval,iid_noisy_ic,overall,10.0,5,0,0,5,0.2651,0.1767,0.154,0.6411,0.853,0.4533,2.4652,,,
phnode_qforce,v4lite,nominal_eval,iid_noisy_ic,overall,30.0,5,0,0,5,0.7624,0.4581,0.3935,2.0253,1.9616,1.3626,4.4405,,,
phnode_qforce,v4lite,nominal_eval,iid_noisy_ic,overall,60.0,5,0,0,5,1.5932,1.0181,0.9182,3.9512,5.2577,3.4783,13.0613,,,
phnode_qforce,v4lite,nominal_eval,v4_lite,CHIRP,10.0,5,0,0,5,0.2064,0.1307,0.1157,0.5009,0.4186,0.2846,0.9533,,,
phnode_qforce,v4lite,nominal_eval,v4_lite,CHIRP,30.0,5,0,0,5,0.656,0.4096,0.3634,1.6798,1.2583,0.9204,2.6376,,,
phnode_qforce,v4lite,nominal_eval,v4_lite,CHIRP,60.0,5,0,0,5,1.3013,0.9088,0.8005,2.6172,2.4986,2.0174,4.7735,,,
phnode_qforce,v4lite,nominal_eval,v4_lite,OU,10.0,5,0,0,5,0.3624,0.2107,0.1485,1.0244,0.7914,0.3223,2.6755,,,
phnode_qforce,v4lite,nominal_eval,v4_lite,OU,30.0,5,0,0,5,1.0179,0.5171,0.4369,3.0842,2.061,1.1303,5.912,,,
phnode_qforce,v4lite,nominal_eval,v4_lite,OU,60.0,5,0,0,5,2.6011,1.3045,1.2416,7.4596,5.933,3.3019,17.0616,,,
phnode_qforce,v4lite,nominal_eval,v4_lite,PRBS,10.0,5,0,0,5,0.2375,0.1581,0.123,0.559,0.7761,0.3664,2.4477,,,
phnode_qforce,v4lite,nominal_eval,v4_lite,PRBS,30.0,5,0,0,5,0.7347,0.4392,0.4027,1.9274,1.5218,1.0434,3.7717,,,
phnode_qforce,v4lite,nominal_eval,v4_lite,PRBS,60.0,5,0,0,5,1.4312,0.8193,0.6337,3.9935,3.5886,2.7237,8.2942,,,
phnode_qforce,v4lite,nominal_eval,v4_lite,overall,10.0,5,0,0,5,0.2498,0.1582,0.1381,0.6263,0.7538,0.3522,2.4477,,,
phnode_qforce,v4lite,nominal_eval,v4_lite,overall,30.0,5,0,0,5,0.7668,0.4413,0.4252,2.0511,1.7518,1.0641,4.6097,,,
phnode_qforce,v4lite,nominal_eval,v4_lite,overall,60.0,5,0,0,5,1.5984,1.0287,0.8173,4.0088,4.9167,3.0171,13.0024,,,
se3_accel_blackbox,clean,clean,clean,CHIRP,10.0,5,0,0,5,0.1588,0.1086,0.1017,0.352,0.3572,0.2347,0.8852,,,
se3_accel_blackbox,clean,clean,clean,CHIRP,30.0,5,0,0,5,0.6038,0.4915,0.2666,0.9995,1.4981,1.2764,2.5824,,,
se3_accel_blackbox,clean,clean,clean,CHIRP,60.0,5,0,0,5,1.6679,1.4801,0.6318,2.888,3.9524,2.8933,7.1481,,,
se3_accel_blackbox,clean,clean,clean,OU,10.0,5,0,0,5,0.3939,0.2478,0.1591,1.095,0.8828,0.4293,2.7204,,,
se3_accel_blackbox,clean,clean,clean,OU,30.0,5,0,0,5,1.5348,0.8788,0.5246,4.6913,4.1341,2.6611,11.5866,,,
se3_accel_blackbox,clean,clean,clean,OU,60.0,5,0,0,5,5.0443,2.4722,1.5927,16.3891,11.8536,9.8732,29.2609,,,
se3_accel_blackbox,clean,clean,clean,PRBS,10.0,5,0,0,5,0.1651,0.1296,0.1171,0.3233,0.4854,0.3321,1.1225,,,
se3_accel_blackbox,clean,clean,clean,PRBS,30.0,5,0,0,5,0.7551,0.5412,0.386,1.5794,2.1715,1.2967,5.8436,,,
se3_accel_blackbox,clean,clean,clean,PRBS,60.0,5,0,0,5,2.3257,1.7043,1.1725,4.9104,7.679,4.1931,22.145,,,
se3_accel_blackbox,clean,clean,clean,overall,10.0,5,0,0,5,0.2159,0.1338,0.1162,0.554,0.6931,0.3659,1.9664,,,
se3_accel_blackbox,clean,clean,clean,overall,30.0,5,0,0,5,0.808,0.5765,0.3961,1.7238,3.2442,2.1404,9.136,,,
se3_accel_blackbox,clean,clean,clean,overall,60.0,5,0,0,5,2.4555,1.6387,0.9625,5.6333,9.0362,5.6326,25.8959,,,
se3_accel_blackbox,clean,degraded_eval,iid_noisy_ic,CHIRP,10.0,5,0,0,5,0.3342,0.2686,0.2227,0.5871,0.8821,0.8392,1.0599,,,
se3_accel_blackbox,clean,degraded_eval,iid_noisy_ic,CHIRP,30.0,5,0,0,5,0.9429,0.7978,0.7081,1.3949,2.6803,2.4548,3.4521,,,
se3_accel_blackbox,clean,degraded_eval,iid_noisy_ic,CHIRP,60.0,5,0,0,5,2.1675,1.6222,1.5327,3.4773,6.483,5.9993,9.1328,,,
se3_accel_blackbox,clean,degraded_eval,iid_noisy_ic,OU,10.0,5,0,0,5,0.5541,0.4302,0.3569,1.1012,1.3329,1.001,2.699,,,
se3_accel_blackbox,clean,degraded_eval,iid_noisy_ic,OU,30.0,5,0,0,5,1.9123,1.4909,0.9239,4.3035,4.5778,2.977,10.0524,,,
se3_accel_blackbox,clean,degraded_eval,iid_noisy_ic,OU,60.0,5,0,0,5,5.6292,3.4797,2.1034,15.6142,12.3092,9.5749,29.2901,,,
se3_accel_blackbox,clean,degraded_eval,iid_noisy_ic,PRBS,10.0,5,0,0,5,0.3512,0.3179,0.3058,0.4322,1.0239,0.9132,1.5052,,,
se3_accel_blackbox,clean,degraded_eval,iid_noisy_ic,PRBS,30.0,5,0,0,5,1.275,1.1406,1.0125,1.8848,3.9296,3.2383,7.1025,,,
se3_accel_blackbox,clean,degraded_eval,iid_noisy_ic,PRBS,60.0,5,0,0,5,3.0574,2.4673,1.9676,5.8372,10.8267,8.4425,22.6384,,,
se3_accel_blackbox,clean,degraded_eval,iid_noisy_ic,overall,10.0,5,0,0,5,0.4157,0.3502,0.3417,0.6666,1.2154,0.9891,2.1571,,,
se3_accel_blackbox,clean,degraded_eval,iid_noisy_ic,overall,30.0,5,0,0,5,1.2754,1.102,0.9665,2.0351,4.3602,3.2959,9.4101,,,
se3_accel_blackbox,clean,degraded_eval,iid_noisy_ic,overall,60.0,5,0,0,5,3.2001,2.5517,1.9275,6.1369,11.3202,8.4542,25.9726,,,
se3_accel_blackbox,clean,heading_biased_eval,iid_noisy_ic,CHIRP,10.0,5,0,0,5,0.5377,0.4932,0.4639,0.7344,0.8001,0.743,0.9954,,,
se3_accel_blackbox,clean,heading_biased_eval,iid_noisy_ic,CHIRP,30.0,5,0,0,5,1.5502,1.5297,1.3956,1.6617,2.6389,2.8664,3.0528,,,
se3_accel_blackbox,clean,heading_biased_eval,iid_noisy_ic,CHIRP,60.0,5,0,0,5,3.2728,3.2204,2.7992,3.7329,6.1891,5.7286,8.042,,,
se3_accel_blackbox,clean,heading_biased_eval,iid_noisy_ic,OU,10.0,5,0,0,5,0.693,0.5759,0.5292,1.1744,1.448,1.1549,2.886,,,
se3_accel_blackbox,clean,heading_biased_eval,iid_noisy_ic,OU,30.0,5,0,0,5,2.0873,1.593,1.5282,3.9851,4.7713,3.5043,10.1722,,,
se3_accel_blackbox,clean,heading_biased_eval,iid_noisy_ic,OU,60.0,5,0,0,5,5.2759,3.2769,3.0092,13.4409,12.1974,8.456,29.2095,,,
se3_accel_blackbox,clean,heading_biased_eval,iid_noisy_ic,PRBS,10.0,5,0,0,5,0.4792,0.4651,0.4302,0.5917,0.8439,0.806,1.0268,,,
se3_accel_blackbox,clean,heading_biased_eval,iid_noisy_ic,PRBS,30.0,5,0,0,5,1.7038,1.552,1.3854,2.5072,3.7973,3.1968,6.558,,,
se3_accel_blackbox,clean,heading_biased_eval,iid_noisy_ic,PRBS,60.0,5,0,0,5,3.9835,3.1599,2.9387,7.0861,9.2465,7.5164,20.1571,,,
se3_accel_blackbox,clean,heading_biased_eval,iid_noisy_ic,overall,10.0,5,0,0,5,0.5467,0.4967,0.4667,0.743,1.1883,0.9443,2.2214,,,
se3_accel_blackbox,clean,heading_biased_eval,iid_noisy_ic,overall,30.0,5,0,0,5,1.747,1.5934,1.468,2.4784,4.3805,3.3553,9.4514,,,
se3_accel_blackbox,clean,heading_biased_eval,iid_noisy_ic,overall,60.0,5,0,0,5,3.8279,3.1257,2.9705,6.4674,10.7638,8.3918,25.0173,,,
se3_accel_blackbox,clean,nominal_eval,iid_noisy_ic,CHIRP,10.0,5,0,0,5,0.226,0.1683,0.1397,0.4834,0.4738,0.3685,0.8845,,,
se3_accel_blackbox,clean,nominal_eval,iid_noisy_ic,CHIRP,30.0,5,0,0,5,0.6735,0.5224,0.407,1.1317,1.8011,1.6859,2.8246,,,
se3_accel_blackbox,clean,nominal_eval,iid_noisy_ic,CHIRP,60.0,5,0,0,5,1.7996,1.4926,0.7875,3.0402,4.7457,3.8112,8.154,,,
se3_accel_blackbox,clean,nominal_eval,iid_noisy_ic,OU,10.0,5,0,0,5,0.4388,0.3062,0.2281,1.0478,0.9593,0.5797,2.6338,,,
se3_accel_blackbox,clean,nominal_eval,iid_noisy_ic,OU,30.0,5,0,0,5,1.5629,0.9185,0.6384,4.2855,4.1322,2.4725,10.9345,,,
se3_accel_blackbox,clean,nominal_eval,iid_noisy_ic,OU,60.0,5,0,0,5,5.109,3.042,1.4606,16.0766,11.5436,9.2835,28.979,,,
se3_accel_blackbox,clean,nominal_eval,iid_noisy_ic,PRBS,10.0,5,0,0,5,0.2331,0.1967,0.1876,0.3671,0.5935,0.4267,1.2278,,,
se3_accel_blackbox,clean,nominal_eval,iid_noisy_ic,PRBS,30.0,5,0,0,5,0.8939,0.6659,0.5461,1.8317,2.795,1.9725,6.1959,,,
se3_accel_blackbox,clean,nominal_eval,iid_noisy_ic,PRBS,60.0,5,0,0,5,2.3509,2.1131,1.1729,4.7698,8.5947,5.6081,22.3272,,,
se3_accel_blackbox,clean,nominal_eval,iid_noisy_ic,overall,10.0,5,0,0,5,0.2747,0.2001,0.187,0.586,0.7685,0.5249,1.8732,,,
se3_accel_blackbox,clean,nominal_eval,iid_noisy_ic,overall,30.0,5,0,0,5,0.9141,0.6623,0.5624,1.8639,3.5153,2.3225,9.1775,,,
se3_accel_blackbox,clean,nominal_eval,iid_noisy_ic,overall,60.0,5,0,0,5,2.6209,1.8613,1.2548,5.5226,9.7402,6.1123,26.744,,,
se3_accel_blackbox,clean,nominal_eval,v4_lite,CHIRP,10.0,5,0,0,5,0.2019,0.1608,0.149,0.3824,0.4839,0.3641,0.9225,,,
se3_accel_blackbox,clean,nominal_eval,v4_lite,CHIRP,30.0,5,0,0,5,0.7154,0.6762,0.4714,1.1268,1.7512,1.5005,2.5222,,,
se3_accel_blackbox,clean,nominal_eval,v4_lite,CHIRP,60.0,5,0,0,5,1.7604,1.6303,0.9685,2.6737,4.6717,3.5048,7.7569,,,
se3_accel_blackbox,clean,nominal_eval,v4_lite,OU,10.0,5,0,0,5,0.4442,0.2696,0.1985,1.1943,0.8998,0.4587,2.6624,,,
se3_accel_blackbox,clean,nominal_eval,v4_lite,OU,30.0,5,0,0,5,1.6533,1.0827,0.6645,4.6718,4.1682,2.8153,11.3264,,,
se3_accel_blackbox,clean,nominal_eval,v4_lite,OU,60.0,5,0,0,5,5.2981,2.6827,1.7812,16.9637,11.7063,9.2939,29.082,,,
se3_accel_blackbox,clean,nominal_eval,v4_lite,PRBS,10.0,5,0,0,5,0.2165,0.1979,0.1596,0.3367,0.5275,0.359,1.2173,,,
se3_accel_blackbox,clean,nominal_eval,v4_lite,PRBS,30.0,5,0,0,5,0.8161,0.5836,0.521,1.5306,2.3531,1.394,6.1599,,,
se3_accel_blackbox,clean,nominal_eval,v4_lite,PRBS,60.0,5,0,0,5,2.2365,1.631,1.0228,4.9703,7.7373,4.2477,22.0318,,,
se3_accel_blackbox,clean,nominal_eval,v4_lite,overall,10.0,5,0,0,5,0.2665,0.2006,0.1734,0.5751,0.7262,0.4189,1.9168,,,
se3_accel_blackbox,clean,nominal_eval,v4_lite,overall,30.0,5,0,0,5,0.9249,0.7078,0.5732,1.8835,3.366,2.2442,9.1599,,,
se3_accel_blackbox,clean,nominal_eval,v4_lite,overall,60.0,5,0,0,5,2.5013,1.7269,1.2138,5.4155,9.5033,6.4719,26.4197,,,
se3_momentum_blackbox,clean,clean,clean,CHIRP,10.0,5,0,0,5,0.1375,0.1582,0.0943,0.1718,0.2599,0.287,0.3217,,,
se3_momentum_blackbox,clean,clean,clean,CHIRP,30.0,5,0,0,5,0.488,0.5006,0.2382,0.749,1.2434,1.1946,1.7637,,,
se3_momentum_blackbox,clean,clean,clean,CHIRP,60.0,5,0,0,5,1.5246,1.4826,0.5545,2.7869,3.1188,2.6724,5.1383,,,
se3_momentum_blackbox,clean,clean,clean,OU,10.0,5,0,0,5,0.2133,0.2123,0.2015,0.235,0.4543,0.4116,0.6818,,,
se3_momentum_blackbox,clean,clean,clean,OU,30.0,5,0,0,5,0.7241,0.7008,0.6307,0.8742,1.6669,1.6334,2.1768,,,
se3_momentum_blackbox,clean,clean,clean,OU,60.0,5,0,0,5,1.8911,1.8239,1.3667,2.3777,4.4961,4.0956,5.5165,,,
se3_momentum_blackbox,clean,clean,clean,PRBS,10.0,5,0,0,5,0.1339,0.1363,0.115,0.1448,0.3011,0.3086,0.3334,,,
se3_momentum_blackbox,clean,clean,clean,PRBS,30.0,5,0,0,5,0.4452,0.4745,0.3332,0.5041,1.233,1.1929,1.5964,,,
se3_momentum_blackbox,clean,clean,clean,PRBS,60.0,5,0,0,5,1.0741,0.9457,0.7818,1.5546,3.3606,2.9982,4.431,,,
se3_momentum_blackbox,clean,clean,clean,overall,10.0,5,0,0,5,0.1559,0.1653,0.1237,0.179,0.3694,0.367,0.4231,,,
se3_momentum_blackbox,clean,clean,clean,overall,30.0,5,0,0,5,0.5319,0.5116,0.3713,0.7266,1.4082,1.3639,1.837,,,
se3_momentum_blackbox,clean,clean,clean,overall,60.0,5,0,0,5,1.4879,1.4476,0.9181,1.95,3.858,3.4298,4.935,,,
se3_momentum_blackbox,clean,degraded_eval,iid_noisy_ic,CHIRP,10.0,5,0,0,5,0.2763,0.2851,0.2449,0.287,0.8353,0.8453,0.8507,,,
se3_momentum_blackbox,clean,degraded_eval,iid_noisy_ic,CHIRP,30.0,5,0,0,5,0.9266,0.916,0.8438,1.0422,2.529,2.5246,3.0675,,,
se3_momentum_blackbox,clean,degraded_eval,iid_noisy_ic,CHIRP,60.0,5,0,0,5,2.1245,2.0958,1.823,2.5724,6.0712,5.9478,8.8121,,,
se3_momentum_blackbox,clean,degraded_eval,iid_noisy_ic,OU,10.0,5,0,0,5,0.4191,0.4239,0.4023,0.43,0.986,0.9519,1.082,,,
se3_momentum_blackbox,clean,degraded_eval,iid_noisy_ic,OU,30.0,5,0,0,5,1.2302,1.2252,1.2101,1.2484,2.8704,2.7609,3.2117,,,
se3_momentum_blackbox,clean,degraded_eval,iid_noisy_ic,OU,60.0,5,0,0,5,2.5007,2.4095,2.085,2.9325,6.2568,6.2932,7.1575,,,
se3_momentum_blackbox,clean,degraded_eval,iid_noisy_ic,PRBS,10.0,5,0,0,5,0.3281,0.3334,0.3056,0.3483,0.9545,0.9364,1.0257,,,
se3_momentum_blackbox,clean,degraded_eval,iid_noisy_ic,PRBS,30.0,5,0,0,5,0.9724,0.9561,0.8754,1.0794,2.9459,2.8987,3.344,,,
se3_momentum_blackbox,clean,degraded_eval,iid_noisy_ic,PRBS,60.0,5,0,0,5,1.9279,1.9972,1.6072,2.1288,6.79,6.916,7.2537,,,
se3_momentum_blackbox,clean,degraded_eval,iid_noisy_ic,overall,10.0,5,0,0,5,0.3427,0.3422,0.3219,0.3692,0.9528,0.9516,1.0035,,,
se3_momentum_blackbox,clean,degraded_eval,iid_noisy_ic,overall,30.0,5,0,0,5,1.0368,1.0344,0.9708,1.1021,2.9003,2.8911,3.0796,,,
se3_momentum_blackbox,clean,degraded_eval,iid_noisy_ic,overall,60.0,5,0,0,5,2.1252,2.085,1.9426,2.3468,6.4962,6.6028,7.5369,,,
se3_momentum_blackbox,clean,heading_biased_eval,iid_noisy_ic,CHIRP,10.0,5,0,0,5,0.4965,0.5085,0.4429,0.5228,0.8209,0.7726,0.9234,,,
se3_momentum_blackbox,clean,heading_biased_eval,iid_noisy_ic,CHIRP,30.0,5,0,0,5,1.4028,1.4217,1.1571,1.619,2.5343,2.5041,2.8497,,,
se3_momentum_blackbox,clean,heading_biased_eval,iid_noisy_ic,CHIRP,60.0,5,0,0,5,2.8773,2.8552,2.6494,3.0788,5.7781,5.6105,7.5264,,,
se3_momentum_blackbox,clean,heading_biased_eval,iid_noisy_ic,OU,10.0,5,0,0,5,0.5569,0.5569,0.541,0.5771,1.0774,1.0795,1.1738,,,
se3_momentum_blackbox,clean,heading_biased_eval,iid_noisy_ic,OU,30.0,5,0,0,5,1.7109,1.6812,1.5457,1.8792,3.0386,3.0844,3.1821,,,
se3_momentum_blackbox,clean,heading_biased_eval,iid_noisy_ic,OU,60.0,5,0,0,5,3.175,3.4226,2.4759,3.6127,7.3062,7.2701,8.7272,,,
se3_momentum_blackbox,clean,heading_biased_eval,iid_noisy_ic,PRBS,10.0,5,0,0,5,0.4293,0.4261,0.4163,0.4456,0.8549,0.8523,0.9317,,,
se3_momentum_blackbox,clean,heading_biased_eval,iid_noisy_ic,PRBS,30.0,5,0,0,5,1.5581,1.5641,1.4104,1.679,2.9883,2.97,3.1373,,,
se3_momentum_blackbox,clean,heading_biased_eval,iid_noisy_ic,PRBS,60.0,5,0,0,5,2.9566,2.9986,2.6847,3.2409,6.3627,6.4646,7.2688,,,
se3_momentum_blackbox,clean,heading_biased_eval,iid_noisy_ic,overall,10.0,5,0,0,5,0.4941,0.4978,0.4601,0.5205,0.9324,0.953,0.96,,,
se3_momentum_blackbox,clean,heading_biased_eval,iid_noisy_ic,overall,30.0,5,0,0,5,1.5864,1.6047,1.4572,1.7054,2.9439,2.9344,3.0415,,,
se3_momentum_blackbox,clean,heading_biased_eval,iid_noisy_ic,overall,60.0,5,0,0,5,3.0026,3.0551,2.6861,3.1442,6.6618,6.7329,7.3588,,,
se3_momentum_blackbox,clean,nominal_eval,iid_noisy_ic,CHIRP,10.0,5,0,0,5,0.1876,0.1791,0.164,0.2176,0.3847,0.3729,0.4392,,,
se3_momentum_blackbox,clean,nominal_eval,iid_noisy_ic,CHIRP,30.0,5,0,0,5,0.6745,0.6549,0.5027,0.8729,1.4902,1.5721,2.0878,,,
se3_momentum_blackbox,clean,nominal_eval,iid_noisy_ic,CHIRP,60.0,5,0,0,5,1.8052,1.8256,1.1125,2.7582,3.7804,3.6583,6.6124,,,
se3_momentum_blackbox,clean,nominal_eval,iid_noisy_ic,OU,10.0,5,0,0,5,0.2752,0.2806,0.2388,0.3035,0.5834,0.5306,0.7407,,,
se3_momentum_blackbox,clean,nominal_eval,iid_noisy_ic,OU,30.0,5,0,0,5,0.7786,0.7605,0.7,0.8575,1.9983,1.9598,2.3197,,,
se3_momentum_blackbox,clean,nominal_eval,iid_noisy_ic,OU,60.0,5,0,0,5,1.8866,1.7952,1.7383,2.1436,5.0302,4.744,6.0101,,,
se3_momentum_blackbox,clean,nominal_eval,iid_noisy_ic,PRBS,10.0,5,0,0,5,0.2031,0.2037,0.1868,0.216,0.4318,0.3979,0.5021,,,
se3_momentum_blackbox,clean,nominal_eval,iid_noisy_ic,PRBS,30.0,5,0,0,5,0.5621,0.5756,0.4676,0.6119,1.6508,1.5872,1.8509,,,
se3_momentum_blackbox,clean,nominal_eval,iid_noisy_ic,PRBS,60.0,5,0,0,5,1.2572,1.1881,0.9644,1.7636,4.4125,4.6052,5.2392,,,
se3_momentum_blackbox,clean,nominal_eval,iid_noisy_ic,overall,10.0,5,0,0,5,0.2138,0.2122,0.201,0.232,0.4975,0.492,0.6007,,,
se3_momentum_blackbox,clean,nominal_eval,iid_noisy_ic,overall,30.0,5,0,0,5,0.6732,0.6633,0.5695,0.8118,1.9174,1.8103,2.2671,,,
se3_momentum_blackbox,clean,nominal_eval,iid_noisy_ic,overall,60.0,5,0,0,5,1.6172,1.487,1.2722,1.9826,4.713,4.4625,5.6701,,,
se3_momentum_blackbox,clean,nominal_eval,v4_lite,CHIRP,10.0,5,0,0,5,0.1622,0.1592,0.1453,0.1965,0.3941,0.4037,0.423,,,
se3_momentum_blackbox,clean,nominal_eval,v4_lite,CHIRP,30.0,5,0,0,5,0.593,0.5888,0.3848,0.7913,1.5991,1.4645,2.1716,,,
se3_momentum_blackbox,clean,nominal_eval,v4_lite,CHIRP,60.0,5,0,0,5,1.6291,1.2277,0.806,3.144,3.7662,3.4711,5.6115,,,
se3_momentum_blackbox,clean,nominal_eval,v4_lite,OU,10.0,5,0,0,5,0.2699,0.263,0.2443,0.3208,0.4835,0.4219,0.7318,,,
se3_momentum_blackbox,clean,nominal_eval,v4_lite,OU,30.0,5,0,0,5,0.7962,0.7552,0.6384,0.9848,1.8724,1.7238,2.326,,,
se3_momentum_blackbox,clean,nominal_eval,v4_lite,OU,60.0,5,0,0,5,2.0529,1.9791,1.6929,2.4928,4.6836,4.3042,5.7173,,,
se3_momentum_blackbox,clean,nominal_eval,v4_lite,PRBS,10.0,5,0,0,5,0.1759,0.1755,0.1679,0.1842,0.368,0.3546,0.4506,,,
se3_momentum_blackbox,clean,nominal_eval,v4_lite,PRBS,30.0,5,0,0,5,0.526,0.5305,0.4107,0.6109,1.4277,1.2924,1.8315,,,
se3_momentum_blackbox,clean,nominal_eval,v4_lite,PRBS,60.0,5,0,0,5,1.2033,1.0769,0.9581,1.7707,3.8686,3.6972,5.3505,,,
se3_momentum_blackbox,clean,nominal_eval,v4_lite,overall,10.0,5,0,0,5,0.1947,0.1906,0.1739,0.2291,0.4207,0.4139,0.4752,,,
se3_momentum_blackbox,clean,nominal_eval,v4_lite,overall,30.0,5,0,0,5,0.6355,0.6238,0.4978,0.7768,1.7745,1.6386,2.2815,,,
se3_momentum_blackbox,clean,nominal_eval,v4_lite,overall,60.0,5,0,0,5,1.579,1.3432,1.0363,2.1134,4.317,4.1315,5.5709,,,
