model_type,train_protocol,seed,eval_profile,eval_protocol,pos_err_median_60s,pos_err_p95_60s,rot_geodesic_median_60s,max_so3_orth_error,energy_span_median_60s,max_abs_energy_delta_median_60s,completion_60s,n_traj,n_completed,train_best_loss,train_nbad,train_anomaly,rollout_collapse,rollout_diverged,source
ablate_no_lift,clean,42,clean,clean,0.5262126349582315,1.2788666178799066,0.01043214462697506,1.2313311344769318e-05,18.291797637939453,13.084726333618164,0.9777777777777777,90,88,0.004077356735554834,0,0,0,0,checkpoints/sweep_oc_phase1a_decision_clean_t2_wpfrag_ablate_no_lift/ablation_ablate_no_lift_seed42/rollout_benchmark/phase1a_iideval_traj30_seed42_20260523_221138/clean/summary.json
ablate_no_lift,clean,43,clean,clean,44.38019951260009,74.98410676977268,0.30521607398986816,6.5035337684093975e-06,29.54552936553955,29.54552936553955,1.0,90,90,0.21689478307962418,276,1,1,1,checkpoints/sweep_oc_phase1a_decision_clean_t2_wpfrag_ablate_no_lift/ablation_ablate_no_lift_seed43/rollout_benchmark/phase1a_iideval_traj30_seed42_20260523_222700/clean/summary.json
ablate_no_lift,clean,44,clean,clean,0.8268659015687323,2.3214094182418314,0.0140927629545331,1.2565527867991477e-05,19.969064712524414,14.318626403808594,0.9888888888888889,90,89,0.0041092952790980535,0,0,0,0,checkpoints/sweep_oc_phase1a_decision_clean_t2_wpfrag_ablate_no_lift/ablation_ablate_no_lift_seed44/rollout_benchmark/phase1a_iideval_traj30_seed42_20260523_224227/clean/summary.json
ablate_no_lift,clean,45,clean,clean,0.5647228229451171,1.8233652181121074,0.013210788369178772,1.2233572306286078e-05,19.0185489654541,14.14552116394043,0.9888888888888889,90,89,0.004005345826347669,0,0,0,0,checkpoints/sweep_oc_phase1a_decision_clean_t2_wpfrag_ablate_no_lift/ablation_ablate_no_lift_seed45/rollout_benchmark/phase1a_iideval_traj30_seed42_20260523_225735/clean/summary.json
ablate_no_lift,clean,46,clean,clean,1.3974035368764872,3.1914645303333975,0.03987163305282593,1.279399930353975e-05,10.892237663269043,8.060279846191406,0.9888888888888889,90,89,0.004620987533902128,0,0,0,0,checkpoints/sweep_oc_phase1a_decision_clean_t2_wpfrag_ablate_no_lift/ablation_ablate_no_lift_seed46/rollout_benchmark/phase1a_iideval_traj30_seed42_20260523_231245/clean/summary.json
ablate_no_lift,clean,42,degraded_eval,iid_noisy_ic,1.7048691394116315,5.374619504952334,0.022496548481285572,1.207268906000536e-05,18.280017852783203,13.089040279388428,0.9777777777777777,90,88,0.004077356735554834,0,0,0,0,checkpoints/sweep_oc_phase1a_decision_clean_t2_wpfrag_ablate_no_lift/ablation_ablate_no_lift_seed42/rollout_benchmark/phase1a_iideval_traj30_seed42_20260523_221138/degraded_eval/summary.json
ablate_no_lift,clean,43,degraded_eval,iid_noisy_ic,44.44839446822746,74.09033540634557,0.3122927248477936,5.887081897526514e-06,29.548646926879883,29.548646926879883,1.0,90,90,0.21689478307962418,276,1,1,1,checkpoints/sweep_oc_phase1a_decision_clean_t2_wpfrag_ablate_no_lift/ablation_ablate_no_lift_seed43/rollout_benchmark/phase1a_iideval_traj30_seed42_20260523_222700/degraded_eval/summary.json
ablate_no_lift,clean,44,degraded_eval,iid_noisy_ic,1.9162155529906182,5.567524100747956,0.02578270435333252,1.179081664304249e-05,19.94586181640625,14.41279411315918,0.9888888888888889,90,89,0.0041092952790980535,0,0,0,0,checkpoints/sweep_oc_phase1a_decision_clean_t2_wpfrag_ablate_no_lift/ablation_ablate_no_lift_seed44/rollout_benchmark/phase1a_iideval_traj30_seed42_20260523_224227/degraded_eval/summary.json
ablate_no_lift,clean,45,degraded_eval,iid_noisy_ic,1.6253204536704406,5.432439691285489,0.023951252922415733,1.2133964446547907e-05,18.99884033203125,14.393759727478027,0.9888888888888889,90,89,0.004005345826347669,0,0,0,0,checkpoints/sweep_oc_phase1a_decision_clean_t2_wpfrag_ablate_no_lift/ablation_ablate_no_lift_seed45/rollout_benchmark/phase1a_iideval_traj30_seed42_20260523_225735/degraded_eval/summary.json
ablate_no_lift,clean,46,degraded_eval,iid_noisy_ic,1.8378715569089692,7.666797824910079,0.039010003209114075,1.2830639207095373e-05,10.891658782958984,8.111907005310059,0.9888888888888889,90,89,0.004620987533902128,0,0,0,0,checkpoints/sweep_oc_phase1a_decision_clean_t2_wpfrag_ablate_no_lift/ablation_ablate_no_lift_seed46/rollout_benchmark/phase1a_iideval_traj30_seed42_20260523_231245/degraded_eval/summary.json
ablate_no_lift,clean,42,heading_biased_eval,iid_noisy_ic,3.045595035307425,4.8034903306648955,0.03776755556464195,1.3183560440666042e-05,18.290904998779297,13.07477617263794,0.9777777777777777,90,88,0.004077356735554834,0,0,0,0,checkpoints/sweep_oc_phase1a_decision_clean_t2_wpfrag_ablate_no_lift/ablation_ablate_no_lift_seed42/rollout_benchmark/phase1a_iideval_traj30_seed42_20260523_221138/heading_biased_eval/summary.json
ablate_no_lift,clean,43,heading_biased_eval,iid_noisy_ic,45.20507469895623,73.86657326235854,0.31519486010074615,5.686300028173719e-06,29.54597759246826,29.54597759246826,1.0,90,90,0.21689478307962418,276,1,1,1,checkpoints/sweep_oc_phase1a_decision_clean_t2_wpfrag_ablate_no_lift/ablation_ablate_no_lift_seed43/rollout_benchmark/phase1a_iideval_traj30_seed42_20260523_222700/heading_biased_eval/summary.json
ablate_no_lift,clean,44,heading_biased_eval,iid_noisy_ic,3.0710780214299533,5.578051556466067,0.04044470936059952,1.4425840163312387e-05,19.966033935546875,14.281072616577148,0.9888888888888889,90,89,0.0041092952790980535,0,0,0,0,checkpoints/sweep_oc_phase1a_decision_clean_t2_wpfrag_ablate_no_lift/ablation_ablate_no_lift_seed44/rollout_benchmark/phase1a_iideval_traj30_seed42_20260523_224227/heading_biased_eval/summary.json
ablate_no_lift,clean,45,heading_biased_eval,iid_noisy_ic,2.908703205536401,4.974723280899265,0.03445928171277046,1.319281909673009e-05,19.015506744384766,14.219104766845703,0.9888888888888889,90,89,0.004005345826347669,0,0,0,0,checkpoints/sweep_oc_phase1a_decision_clean_t2_wpfrag_ablate_no_lift/ablation_ablate_no_lift_seed45/rollout_benchmark/phase1a_iideval_traj30_seed42_20260523_225735/heading_biased_eval/summary.json
ablate_no_lift,clean,46,heading_biased_eval,iid_noisy_ic,3.2390935522701154,5.772630371092303,0.050499409437179565,1.1585619176912587e-05,10.891020774841309,8.056038856506348,0.9888888888888889,90,89,0.004620987533902128,0,0,0,0,checkpoints/sweep_oc_phase1a_decision_clean_t2_wpfrag_ablate_no_lift/ablation_ablate_no_lift_seed46/rollout_benchmark/phase1a_iideval_traj30_seed42_20260523_231245/heading_biased_eval/summary.json
ablate_no_lift,clean,42,nominal_eval,iid_noisy_ic,0.8114157550336458,2.583290130970874,0.014169385191053152,1.3624588973470964e-05,18.28619956970215,13.085790157318115,0.9777777777777777,90,88,0.004077356735554834,0,0,0,0,checkpoints/sweep_oc_phase1a_decision_clean_t2_wpfrag_ablate_no_lift/ablation_ablate_no_lift_seed42/rollout_benchmark/phase1a_iideval_traj30_seed42_20260523_221138/nominal_eval/summary.json
ablate_no_lift,clean,43,nominal_eval,iid_noisy_ic,44.4951733302112,74.65659964676136,0.30224376916885376,5.311894256010419e-06,29.56760025024414,29.56760025024414,1.0,90,90,0.21689478307962418,276,1,1,1,checkpoints/sweep_oc_phase1a_decision_clean_t2_wpfrag_ablate_no_lift/ablation_ablate_no_lift_seed43/rollout_benchmark/phase1a_iideval_traj30_seed42_20260523_222700/nominal_eval/summary.json
ablate_no_lift,clean,44,nominal_eval,iid_noisy_ic,1.02083849923686,2.885819892505159,0.014874693937599659,1.2912662896269467e-05,19.957778930664062,14.278205871582031,0.9888888888888889,90,89,0.0041092952790980535,0,0,0,0,checkpoints/sweep_oc_phase1a_decision_clean_t2_wpfrag_ablate_no_lift/ablation_ablate_no_lift_seed44/rollout_benchmark/phase1a_iideval_traj30_seed42_20260523_224227/nominal_eval/summary.json
ablate_no_lift,clean,45,nominal_eval,iid_noisy_ic,0.8608719619528203,2.5784860332049253,0.016157785430550575,1.2794285794370808e-05,19.008983612060547,14.222452163696289,0.9888888888888889,90,89,0.004005345826347669,0,0,0,0,checkpoints/sweep_oc_phase1a_decision_clean_t2_wpfrag_ablate_no_lift/ablation_ablate_no_lift_seed45/rollout_benchmark/phase1a_iideval_traj30_seed42_20260523_225735/nominal_eval/summary.json
ablate_no_lift,clean,46,nominal_eval,iid_noisy_ic,1.510207606323737,4.6292861906800225,0.039480939507484436,1.2050453733536415e-05,10.892004013061523,8.069127082824707,0.9888888888888889,90,89,0.004620987533902128,0,0,0,0,checkpoints/sweep_oc_phase1a_decision_clean_t2_wpfrag_ablate_no_lift/ablation_ablate_no_lift_seed46/rollout_benchmark/phase1a_iideval_traj30_seed42_20260523_231245/nominal_eval/summary.json
ablate_no_lift,clean,42,nominal_eval,v4_lite,0.7324132383223091,2.039898150734049,0.012034990824759007,1.4835646652500145e-05,18.299482345581055,13.050471782684326,0.9777777777777777,90,88,0.004077356735554834,0,0,0,0,checkpoints/sweep_oc_phase1a_decision_clean_t2_wpfrag_ablate_no_lift/ablation_ablate_no_lift_seed42/rollout_benchmark/phase1a_v4eval_traj30_seed42_20260524_020037/summary.json
ablate_no_lift,clean,43,nominal_eval,v4_lite,44.39299257784676,74.78252639466699,0.3062148988246918,5.7401880440011155e-06,29.514055252075195,29.47371006011963,1.0,90,90,0.21689478307962418,276,1,1,1,checkpoints/sweep_oc_phase1a_decision_clean_t2_wpfrag_ablate_no_lift/ablation_ablate_no_lift_seed43/rollout_benchmark/phase1a_v4eval_traj30_seed42_20260524_020159/summary.json
ablate_no_lift,clean,44,nominal_eval,v4_lite,1.011842607190174,2.6262690017112855,0.01625341735780239,1.2213527952553704e-05,19.980728149414062,14.372118949890137,0.9888888888888889,90,89,0.0041092952790980535,0,0,0,0,checkpoints/sweep_oc_phase1a_decision_clean_t2_wpfrag_ablate_no_lift/ablation_ablate_no_lift_seed44/rollout_benchmark/phase1a_v4eval_traj30_seed42_20260524_020320/summary.json
ablate_no_lift,clean,45,nominal_eval,v4_lite,0.7747318215679097,2.2747801517485846,0.013469940051436424,1.2153630450484343e-05,19.029075622558594,14.133161544799805,0.9888888888888889,90,89,0.004005345826347669,0,0,0,0,checkpoints/sweep_oc_phase1a_decision_clean_t2_wpfrag_ablate_no_lift/ablation_ablate_no_lift_seed45/rollout_benchmark/phase1a_v4eval_traj30_seed42_20260524_020441/summary.json
ablate_no_lift,clean,46,nominal_eval,v4_lite,1.4920448456052808,3.777371843134369,0.038244448602199554,1.3605146705231164e-05,10.89240837097168,8.076456069946289,0.9888888888888889,90,89,0.004620987533902128,0,0,0,0,checkpoints/sweep_oc_phase1a_decision_clean_t2_wpfrag_ablate_no_lift/ablation_ablate_no_lift_seed46/rollout_benchmark/phase1a_v4eval_traj30_seed42_20260524_020602/summary.json
ablate_no_lift,iid,42,clean,clean,0.889951664375541,3.580323735783394,0.016789748333394527,1.1423190699133556e-05,12.927498817443848,9.200729370117188,0.9777777777777777,90,88,0.0067101153545081615,0,0,0,0,checkpoints/sweep_oc_phase1a_decision_iid_t2_wpfrag_ablate_no_lift/ablation_ablate_no_lift_seed42/rollout_benchmark/phase1a_iideval_traj30_seed42_20260523_232803/clean/summary.json
ablate_no_lift,iid,43,clean,clean,0.7455672725285193,2.2846406745076604,0.01325959526002407,1.4016635759617202e-05,15.962712287902832,11.597720623016357,0.9777777777777777,90,88,0.0062942008177439375,0,0,0,0,checkpoints/sweep_oc_phase1a_decision_iid_t2_wpfrag_ablate_no_lift/ablation_ablate_no_lift_seed43/rollout_benchmark/phase1a_iideval_traj30_seed42_20260523_234306/clean/summary.json
ablate_no_lift,iid,44,clean,clean,0.6617583613955855,1.954488946926743,0.013834963086992502,1.4077232663112227e-05,22.068506240844727,16.526753425598145,0.9777777777777777,90,88,0.006263049707437555,0,0,0,0,checkpoints/sweep_oc_phase1a_decision_iid_t2_wpfrag_ablate_no_lift/ablation_ablate_no_lift_seed44/rollout_benchmark/phase1a_iideval_traj30_seed42_20260523_235813/clean/summary.json
ablate_no_lift,iid,45,clean,clean,0.8925166306572748,2.599621875730421,0.01487443270161748,1.3020491678616963e-05,16.560802459716797,12.091613292694092,0.9777777777777777,90,88,0.006253675790503621,0,0,0,0,checkpoints/sweep_oc_phase1a_decision_iid_t2_wpfrag_ablate_no_lift/ablation_ablate_no_lift_seed45/rollout_benchmark/phase1a_iideval_traj30_seed42_20260524_001317/clean/summary.json
ablate_no_lift,iid,46,clean,clean,0.9556685873696787,3.2907109284326346,0.01773812621831894,1.0664648470992688e-05,11.381858348846436,8.33964729309082,1.0,90,90,0.00663550818959872,0,0,0,0,checkpoints/sweep_oc_phase1a_decision_iid_t2_wpfrag_ablate_no_lift/ablation_ablate_no_lift_seed46/rollout_benchmark/phase1a_iideval_traj30_seed42_20260524_002846/clean/summary.json
ablate_no_lift,iid,42,degraded_eval,iid_noisy_ic,1.857233264604766,5.616448779736503,0.028667577542364597,1.1347658983140718e-05,12.922391414642334,9.362079620361328,0.9777777777777777,90,88,0.0067101153545081615,0,0,0,0,checkpoints/sweep_oc_phase1a_decision_iid_t2_wpfrag_ablate_no_lift/ablation_ablate_no_lift_seed42/rollout_benchmark/phase1a_iideval_traj30_seed42_20260523_232803/degraded_eval/summary.json
ablate_no_lift,iid,43,degraded_eval,iid_noisy_ic,1.7997457167751436,5.860428935200083,0.02481606137007475,1.1625154911598656e-05,15.96131420135498,11.47273588180542,0.9777777777777777,90,88,0.0062942008177439375,0,0,0,0,checkpoints/sweep_oc_phase1a_decision_iid_t2_wpfrag_ablate_no_lift/ablation_ablate_no_lift_seed43/rollout_benchmark/phase1a_iideval_traj30_seed42_20260523_234306/degraded_eval/summary.json
ablate_no_lift,iid,44,degraded_eval,iid_noisy_ic,1.8026580405185237,5.728831360584934,0.023410895839333534,1.261099532712251e-05,22.06862449645996,16.537445068359375,0.9777777777777777,90,88,0.006263049707437555,0,0,0,0,checkpoints/sweep_oc_phase1a_decision_iid_t2_wpfrag_ablate_no_lift/ablation_ablate_no_lift_seed44/rollout_benchmark/phase1a_iideval_traj30_seed42_20260523_235813/degraded_eval/summary.json
ablate_no_lift,iid,45,degraded_eval,iid_noisy_ic,1.7913997524176901,5.798564884236335,0.026408443227410316,1.2302171853662003e-05,16.5550594329834,12.211177825927734,0.9777777777777777,90,88,0.006253675790503621,0,0,0,0,checkpoints/sweep_oc_phase1a_decision_iid_t2_wpfrag_ablate_no_lift/ablation_ablate_no_lift_seed45/rollout_benchmark/phase1a_iideval_traj30_seed42_20260524_001317/degraded_eval/summary.json
ablate_no_lift,iid,46,degraded_eval,iid_noisy_ic,2.056999354009042,5.660893003053693,0.02982026059180498,1.0770912012958433e-05,11.376405239105225,8.28537654876709,1.0,90,90,0.00663550818959872,0,0,0,0,checkpoints/sweep_oc_phase1a_decision_iid_t2_wpfrag_ablate_no_lift/ablation_ablate_no_lift_seed46/rollout_benchmark/phase1a_iideval_traj30_seed42_20260524_002846/degraded_eval/summary.json
ablate_no_lift,iid,42,heading_biased_eval,iid_noisy_ic,3.2878461832518386,5.999418079683474,0.04730094224214554,1.051082927006064e-05,12.927605152130127,9.239572525024414,0.9777777777777777,90,88,0.0067101153545081615,0,0,0,0,checkpoints/sweep_oc_phase1a_decision_iid_t2_wpfrag_ablate_no_lift/ablation_ablate_no_lift_seed42/rollout_benchmark/phase1a_iideval_traj30_seed42_20260523_232803/heading_biased_eval/summary.json
ablate_no_lift,iid,43,heading_biased_eval,iid_noisy_ic,3.0374310164384735,5.174671577008585,0.03753303363919258,1.1952215572819114e-05,15.96611213684082,11.534939765930176,0.9777777777777777,90,88,0.0062942008177439375,0,0,0,0,checkpoints/sweep_oc_phase1a_decision_iid_t2_wpfrag_ablate_no_lift/ablation_ablate_no_lift_seed43/rollout_benchmark/phase1a_iideval_traj30_seed42_20260523_234306/heading_biased_eval/summary.json
ablate_no_lift,iid,44,heading_biased_eval,iid_noisy_ic,3.1774641250852382,5.170546229066031,0.036709828302264214,1.2293532563489862e-05,22.06243896484375,16.52774715423584,0.9777777777777777,90,88,0.006263049707437555,0,0,0,0,checkpoints/sweep_oc_phase1a_decision_iid_t2_wpfrag_ablate_no_lift/ablation_ablate_no_lift_seed44/rollout_benchmark/phase1a_iideval_traj30_seed42_20260523_235813/heading_biased_eval/summary.json
ablate_no_lift,iid,45,heading_biased_eval,iid_noisy_ic,3.2663321384198927,5.1922398218409,0.044811369851231575,1.2597407476278022e-05,16.562063217163086,12.095734596252441,0.9777777777777777,90,88,0.006253675790503621,0,0,0,0,checkpoints/sweep_oc_phase1a_decision_iid_t2_wpfrag_ablate_no_lift/ablation_ablate_no_lift_seed45/rollout_benchmark/phase1a_iideval_traj30_seed42_20260524_001317/heading_biased_eval/summary.json
ablate_no_lift,iid,46,heading_biased_eval,iid_noisy_ic,3.064322220944836,5.563790900212121,0.03960860148072243,1.1803004781540949e-05,11.380638122558594,8.307662963867188,1.0,90,90,0.00663550818959872,0,0,0,0,checkpoints/sweep_oc_phase1a_decision_iid_t2_wpfrag_ablate_no_lift/ablation_ablate_no_lift_seed46/rollout_benchmark/phase1a_iideval_traj30_seed42_20260524_002846/heading_biased_eval/summary.json
ablate_no_lift,iid,42,nominal_eval,iid_noisy_ic,1.0937964679890846,3.796147401839839,0.017788552679121494,1.2170435184089001e-05,12.925041198730469,9.245734691619873,0.9777777777777777,90,88,0.0067101153545081615,0,0,0,0,checkpoints/sweep_oc_phase1a_decision_iid_t2_wpfrag_ablate_no_lift/ablation_ablate_no_lift_seed42/rollout_benchmark/phase1a_iideval_traj30_seed42_20260523_232803/nominal_eval/summary.json
ablate_no_lift,iid,43,nominal_eval,iid_noisy_ic,0.9869573503107107,3.0325537031483045,0.015821336768567562,1.3391680113272741e-05,15.96181344985962,11.534629344940186,0.9777777777777777,90,88,0.0062942008177439375,0,0,0,0,checkpoints/sweep_oc_phase1a_decision_iid_t2_wpfrag_ablate_no_lift/ablation_ablate_no_lift_seed43/rollout_benchmark/phase1a_iideval_traj30_seed42_20260523_234306/nominal_eval/summary.json
ablate_no_lift,iid,44,nominal_eval,iid_noisy_ic,0.8266313798559453,3.05260478932288,0.016095787286758423,1.255661845789291e-05,22.068599700927734,16.53182888031006,0.9777777777777777,90,88,0.006263049707437555,0,0,0,0,checkpoints/sweep_oc_phase1a_decision_iid_t2_wpfrag_ablate_no_lift/ablation_ablate_no_lift_seed44/rollout_benchmark/phase1a_iideval_traj30_seed42_20260523_235813/nominal_eval/summary.json
ablate_no_lift,iid,45,nominal_eval,iid_noisy_ic,1.009345513061874,3.125109015145781,0.015506238676607609,1.2346028597676195e-05,16.558070182800293,12.101325035095215,0.9777777777777777,90,88,0.006253675790503621,0,0,0,0,checkpoints/sweep_oc_phase1a_decision_iid_t2_wpfrag_ablate_no_lift/ablation_ablate_no_lift_seed45/rollout_benchmark/phase1a_iideval_traj30_seed42_20260524_001317/nominal_eval/summary.json
ablate_no_lift,iid,46,nominal_eval,iid_noisy_ic,1.1046565471007614,4.251267899630853,0.021022620610892773,1.1538812032085843e-05,11.379094123840332,8.311877727508545,1.0,90,90,0.00663550818959872,0,0,0,0,checkpoints/sweep_oc_phase1a_decision_iid_t2_wpfrag_ablate_no_lift/ablation_ablate_no_lift_seed46/rollout_benchmark/phase1a_iideval_traj30_seed42_20260524_002846/nominal_eval/summary.json
ablate_no_lift,iid,42,nominal_eval,v4_lite,1.035281509143799,3.4581162850491762,0.01903092209249735,1.1278782039880753e-05,12.930145740509033,9.179792404174805,0.9777777777777777,90,88,0.0067101153545081615,0,0,0,0,checkpoints/sweep_oc_phase1a_decision_iid_t2_wpfrag_ablate_no_lift/ablation_ablate_no_lift_seed42/rollout_benchmark/phase1a_v4eval_traj30_seed42_20260524_020724/summary.json
ablate_no_lift,iid,43,nominal_eval,v4_lite,1.041704634353382,2.6930687202952073,0.015852379612624645,1.2933012840221636e-05,15.963101863861084,11.503002643585205,0.9777777777777777,90,88,0.0062942008177439375,0,0,0,0,checkpoints/sweep_oc_phase1a_decision_iid_t2_wpfrag_ablate_no_lift/ablation_ablate_no_lift_seed43/rollout_benchmark/phase1a_v4eval_traj30_seed42_20260524_020845/summary.json
ablate_no_lift,iid,44,nominal_eval,v4_lite,0.9885048842765822,2.57877094068089,0.0169534794986248,1.4724962056789082e-05,22.072908401489258,16.488773345947266,0.9777777777777777,90,88,0.006263049707437555,0,0,0,0,checkpoints/sweep_oc_phase1a_decision_iid_t2_wpfrag_ablate_no_lift/ablation_ablate_no_lift_seed44/rollout_benchmark/phase1a_v4eval_traj30_seed42_20260524_021005/summary.json
ablate_no_lift,iid,45,nominal_eval,v4_lite,1.0756468496269784,3.2831862261861686,0.017855485901236534,1.2451769180188421e-05,16.563889503479004,12.081972122192383,0.9777777777777777,90,88,0.006253675790503621,0,0,0,0,checkpoints/sweep_oc_phase1a_decision_iid_t2_wpfrag_ablate_no_lift/ablation_ablate_no_lift_seed45/rollout_benchmark/phase1a_v4eval_traj30_seed42_20260524_021125/summary.json
ablate_no_lift,iid,46,nominal_eval,v4_lite,1.1341973385317408,3.410177856653627,0.021583192050457,1.1775474376918282e-05,11.384364604949951,8.361153602600098,1.0,90,90,0.00663550818959872,0,0,0,0,checkpoints/sweep_oc_phase1a_decision_iid_t2_wpfrag_ablate_no_lift/ablation_ablate_no_lift_seed46/rollout_benchmark/phase1a_v4eval_traj30_seed42_20260524_021247/summary.json
ablate_no_lift,v4lite,42,clean,clean,0.9432605961488177,2.90877380944721,0.025064388290047646,1.3393744666245766e-05,14.874181747436523,10.636024951934814,0.9777777777777777,90,88,0.006537690060213208,0,0,0,0,checkpoints/sweep_oc_phase1a_decision_v4lite_t2_wpfrag_ablate_no_lift/ablation_ablate_no_lift_seed42/rollout_benchmark/phase1a_iideval_traj30_seed42_20260524_004407/clean/summary.json
ablate_no_lift,v4lite,43,clean,clean,0.9829643820407795,2.4846822705506044,0.018961697816848755,1.1720982001861557e-05,15.114261627197266,11.361658096313477,0.9888888888888889,90,89,0.006331599395101269,0,0,0,0,checkpoints/sweep_oc_phase1a_decision_v4lite_t2_wpfrag_ablate_no_lift/ablation_ablate_no_lift_seed43/rollout_benchmark/phase1a_iideval_traj30_seed42_20260524_005921/clean/summary.json
ablate_no_lift,v4lite,44,clean,clean,0.8779966330155498,2.4797289595117493,0.02395622991025448,1.321628315054113e-05,16.576034545898438,11.773303985595703,0.9888888888888889,90,89,0.006334670043239991,0,0,0,0,checkpoints/sweep_oc_phase1a_decision_v4lite_t2_wpfrag_ablate_no_lift/ablation_ablate_no_lift_seed44/rollout_benchmark/phase1a_iideval_traj30_seed42_20260524_011442/clean/summary.json
ablate_no_lift,v4lite,45,clean,clean,0.6162748555296442,2.3923227287947424,0.012420081999152899,1.2030669495288748e-05,21.0275239944458,15.12966537475586,0.9777777777777777,90,88,0.006287961422155301,0,0,0,0,checkpoints/sweep_oc_phase1a_decision_v4lite_t2_wpfrag_ablate_no_lift/ablation_ablate_no_lift_seed45/rollout_benchmark/phase1a_iideval_traj30_seed42_20260524_013005/clean/summary.json
ablate_no_lift,v4lite,46,clean,clean,2.3825565980074375,5.269229372276234,0.05689610540866852,1.2001059985777829e-05,11.742040634155273,8.834036827087402,0.9888888888888889,90,89,0.007331817022835215,0,0,0,0,checkpoints/sweep_oc_phase1a_decision_v4lite_t2_wpfrag_ablate_no_lift/ablation_ablate_no_lift_seed46/rollout_benchmark/phase1a_iideval_traj30_seed42_20260524_014525/clean/summary.json
ablate_no_lift,v4lite,42,degraded_eval,iid_noisy_ic,1.8111507547046637,5.38757076243113,0.03077119216322899,1.1571459253900684e-05,14.868276596069336,10.686741352081299,0.9777777777777777,90,88,0.006537690060213208,0,0,0,0,checkpoints/sweep_oc_phase1a_decision_v4lite_t2_wpfrag_ablate_no_lift/ablation_ablate_no_lift_seed42/rollout_benchmark/phase1a_iideval_traj30_seed42_20260524_004407/degraded_eval/summary.json
ablate_no_lift,v4lite,43,degraded_eval,iid_noisy_ic,1.7445710730373485,5.911349468786348,0.0260678231716156,1.3346919331524987e-05,15.110549926757812,11.588167190551758,0.9888888888888889,90,89,0.006331599395101269,0,0,0,0,checkpoints/sweep_oc_phase1a_decision_v4lite_t2_wpfrag_ablate_no_lift/ablation_ablate_no_lift_seed43/rollout_benchmark/phase1a_iideval_traj30_seed42_20260524_005921/degraded_eval/summary.json
ablate_no_lift,v4lite,44,degraded_eval,iid_noisy_ic,1.976146315332362,5.362728270821484,0.032176122069358826,1.2068733667547349e-05,16.57585334777832,11.869964599609375,0.9888888888888889,90,89,0.006334670043239991,0,0,0,0,checkpoints/sweep_oc_phase1a_decision_v4lite_t2_wpfrag_ablate_no_lift/ablation_ablate_no_lift_seed44/rollout_benchmark/phase1a_iideval_traj30_seed42_20260524_011442/degraded_eval/summary.json
ablate_no_lift,v4lite,45,degraded_eval,iid_noisy_ic,1.7763871663997124,5.414533967904382,0.02509310469031334,1.374874591419939e-05,21.026538848876953,15.470250606536865,0.9777777777777777,90,88,0.006287961422155301,0,0,0,0,checkpoints/sweep_oc_phase1a_decision_v4lite_t2_wpfrag_ablate_no_lift/ablation_ablate_no_lift_seed45/rollout_benchmark/phase1a_iideval_traj30_seed42_20260524_013005/degraded_eval/summary.json
ablate_no_lift,v4lite,46,degraded_eval,iid_noisy_ic,2.7261714785418922,6.774837001306193,0.05937858298420906,1.1401433766877744e-05,11.739840507507324,8.924245834350586,0.9888888888888889,90,89,0.007331817022835215,0,0,0,0,checkpoints/sweep_oc_phase1a_decision_v4lite_t2_wpfrag_ablate_no_lift/ablation_ablate_no_lift_seed46/rollout_benchmark/phase1a_iideval_traj30_seed42_20260524_014525/degraded_eval/summary.json
ablate_no_lift,v4lite,42,heading_biased_eval,iid_noisy_ic,3.277576883565034,5.520615327751031,0.043649183586239815,1.2737866200041026e-05,14.873692512512207,10.723568439483643,0.9777777777777777,90,88,0.006537690060213208,0,0,0,0,checkpoints/sweep_oc_phase1a_decision_v4lite_t2_wpfrag_ablate_no_lift/ablation_ablate_no_lift_seed42/rollout_benchmark/phase1a_iideval_traj30_seed42_20260524_004407/heading_biased_eval/summary.json
ablate_no_lift,v4lite,43,heading_biased_eval,iid_noisy_ic,3.174073049923209,5.599217007232149,0.04137163981795311,1.2446394975995645e-05,15.107200622558594,11.396677017211914,0.9888888888888889,90,89,0.006331599395101269,0,0,0,0,checkpoints/sweep_oc_phase1a_decision_v4lite_t2_wpfrag_ablate_no_lift/ablation_ablate_no_lift_seed43/rollout_benchmark/phase1a_iideval_traj30_seed42_20260524_005921/heading_biased_eval/summary.json
ablate_no_lift,v4lite,44,heading_biased_eval,iid_noisy_ic,3.079586734696285,5.316365835077218,0.03993438929319382,1.2257496564416215e-05,16.576589584350586,11.802933692932129,0.9888888888888889,90,89,0.006334670043239991,0,0,0,0,checkpoints/sweep_oc_phase1a_decision_v4lite_t2_wpfrag_ablate_no_lift/ablation_ablate_no_lift_seed44/rollout_benchmark/phase1a_iideval_traj30_seed42_20260524_011442/heading_biased_eval/summary.json
ablate_no_lift,v4lite,45,heading_biased_eval,iid_noisy_ic,3.0737009286430608,5.321054175113354,0.04098154231905937,1.2683843124250416e-05,21.027913093566895,15.368953704833984,0.9777777777777777,90,88,0.006287961422155301,0,0,0,0,checkpoints/sweep_oc_phase1a_decision_v4lite_t2_wpfrag_ablate_no_lift/ablation_ablate_no_lift_seed45/rollout_benchmark/phase1a_iideval_traj30_seed42_20260524_013005/heading_biased_eval/summary.json
ablate_no_lift,v4lite,46,heading_biased_eval,iid_noisy_ic,3.978876356514984,7.936914309064634,0.07173456996679306,1.2462802260415629e-05,11.737702369689941,8.862345695495605,0.9888888888888889,90,89,0.007331817022835215,0,0,0,0,checkpoints/sweep_oc_phase1a_decision_v4lite_t2_wpfrag_ablate_no_lift/ablation_ablate_no_lift_seed46/rollout_benchmark/phase1a_iideval_traj30_seed42_20260524_014525/heading_biased_eval/summary.json
ablate_no_lift,v4lite,42,nominal_eval,iid_noisy_ic,0.9641013918041446,3.4542686388606505,0.027673572301864624,1.4462400031334255e-05,14.871371746063232,10.723686695098877,0.9777777777777777,90,88,0.006537690060213208,0,0,0,0,checkpoints/sweep_oc_phase1a_decision_v4lite_t2_wpfrag_ablate_no_lift/ablation_ablate_no_lift_seed42/rollout_benchmark/phase1a_iideval_traj30_seed42_20260524_004407/nominal_eval/summary.json
ablate_no_lift,v4lite,43,nominal_eval,iid_noisy_ic,1.0313728390893968,3.382348982549828,0.02120552584528923,1.3281573956192005e-05,15.112863540649414,11.3977689743042,0.9888888888888889,90,89,0.006331599395101269,0,0,0,0,checkpoints/sweep_oc_phase1a_decision_v4lite_t2_wpfrag_ablate_no_lift/ablation_ablate_no_lift_seed43/rollout_benchmark/phase1a_iideval_traj30_seed42_20260524_005921/nominal_eval/summary.json
ablate_no_lift,v4lite,44,nominal_eval,iid_noisy_ic,1.1308558592194766,2.8564289911072893,0.02664681151509285,1.2322431757638697e-05,16.575963973999023,11.801546096801758,0.9888888888888889,90,89,0.006334670043239991,0,0,0,0,checkpoints/sweep_oc_phase1a_decision_v4lite_t2_wpfrag_ablate_no_lift/ablation_ablate_no_lift_seed44/rollout_benchmark/phase1a_iideval_traj30_seed42_20260524_011442/nominal_eval/summary.json
ablate_no_lift,v4lite,45,nominal_eval,iid_noisy_ic,0.8989733503986352,3.272578523963451,0.014373251236975193,1.2622000213013962e-05,21.027084350585938,15.369909286499023,0.9777777777777777,90,88,0.006287961422155301,0,0,0,0,checkpoints/sweep_oc_phase1a_decision_v4lite_t2_wpfrag_ablate_no_lift/ablation_ablate_no_lift_seed45/rollout_benchmark/phase1a_iideval_traj30_seed42_20260524_013005/nominal_eval/summary.json
ablate_no_lift,v4lite,46,nominal_eval,iid_noisy_ic,2.3224833639419855,5.442721820778228,0.05601724982261658,1.3014558135182597e-05,11.741228103637695,8.876953125,0.9888888888888889,90,89,0.007331817022835215,0,0,0,0,checkpoints/sweep_oc_phase1a_decision_v4lite_t2_wpfrag_ablate_no_lift/ablation_ablate_no_lift_seed46/rollout_benchmark/phase1a_iideval_traj30_seed42_20260524_014525/nominal_eval/summary.json
ablate_no_lift,v4lite,42,nominal_eval,v4_lite,1.1887417902234136,3.3796540237861503,0.025931884534657,1.2394676559779327e-05,14.876741409301758,10.656896114349365,0.9777777777777777,90,88,0.006537690060213208,0,0,0,0,checkpoints/sweep_oc_phase1a_decision_v4lite_t2_wpfrag_ablate_no_lift/ablation_ablate_no_lift_seed42/rollout_benchmark/phase1a_v4eval_traj30_seed42_20260524_021410/summary.json
ablate_no_lift,v4lite,43,nominal_eval,v4_lite,1.1581324593954863,2.732285109690348,0.020150449126958847,1.1803403140220325e-05,15.116365432739258,11.338859558105469,0.9888888888888889,90,89,0.006331599395101269,0,0,0,0,checkpoints/sweep_oc_phase1a_decision_v4lite_t2_wpfrag_ablate_no_lift/ablation_ablate_no_lift_seed43/rollout_benchmark/phase1a_v4eval_traj30_seed42_20260524_021531/summary.json
ablate_no_lift,v4lite,44,nominal_eval,v4_lite,0.9272914754651459,3.0737403567439094,0.023366715759038925,1.3091437722323462e-05,16.576263427734375,11.745538711547852,0.9888888888888889,90,89,0.006334670043239991,0,0,0,0,checkpoints/sweep_oc_phase1a_decision_v4lite_t2_wpfrag_ablate_no_lift/ablation_ablate_no_lift_seed44/rollout_benchmark/phase1a_v4eval_traj30_seed42_20260524_021653/summary.json
ablate_no_lift,v4lite,45,nominal_eval,v4_lite,0.8664368856047449,2.8093281623592326,0.01628249417990446,1.1908537089766469e-05,21.02808952331543,15.200248718261719,0.9777777777777777,90,88,0.006287961422155301,0,0,0,0,checkpoints/sweep_oc_phase1a_decision_v4lite_t2_wpfrag_ablate_no_lift/ablation_ablate_no_lift_seed45/rollout_benchmark/phase1a_v4eval_traj30_seed42_20260524_021814/summary.json
ablate_no_lift,v4lite,46,nominal_eval,v4_lite,2.3983041694339353,5.699387052144692,0.05822232365608215,1.1663125405902974e-05,11.743383407592773,8.773252487182617,0.9888888888888889,90,89,0.007331817022835215,0,0,0,0,checkpoints/sweep_oc_phase1a_decision_v4lite_t2_wpfrag_ablate_no_lift/ablation_ablate_no_lift_seed46/rollout_benchmark/phase1a_v4eval_traj30_seed42_20260524_021933/summary.json
ablate_no_mass_prior,clean,42,clean,clean,0.9318019315112868,3.0949731182222338,0.01941804774105549,1.2123795386287384e-05,1.8604604005813599,1.2416354417800903,1.0,90,90,0.004922629023591678,0,0,0,0,checkpoints/sweep_oc_phase1a_decision_clean_t2_wpfrag_ablate_no_mass_prior/ablation_ablate_no_mass_prior_seed42/rollout_benchmark/phase1a_iideval_traj30_seed42_20260524_115843/clean/summary.json
ablate_no_mass_prior,clean,43,clean,clean,1.8207599698989847,6.2945811303062875,0.04910087585449219,1.2697370948444586e-05,1.8551051616668701,1.253673791885376,0.9888888888888889,90,89,0.005489194067195058,0,0,0,0,checkpoints/sweep_oc_phase1a_decision_clean_t2_wpfrag_ablate_no_mass_prior/ablation_ablate_no_mass_prior_seed43/rollout_benchmark/phase1a_iideval_traj30_seed42_20260524_121431/clean/summary.json
ablate_no_mass_prior,clean,44,clean,clean,1.509648810269807,5.261838556751615,0.034142959862947464,1.0861977898457553e-05,1.9401254653930664,1.3974401950836182,0.9888888888888889,90,89,0.005629669254024823,0,0,0,0,checkpoints/sweep_oc_phase1a_decision_clean_t2_wpfrag_ablate_no_mass_prior/ablation_ablate_no_mass_prior_seed44/rollout_benchmark/phase1a_iideval_traj30_seed42_20260524_123013/clean/summary.json
ablate_no_mass_prior,clean,45,clean,clean,1.3119651551877336,3.7065100931985295,0.02903177309781313,1.1319521945551969e-05,2.0837244987487793,1.4160035252571106,0.9777777777777777,90,88,0.004712519080688556,0,0,0,0,checkpoints/sweep_oc_phase1a_decision_clean_t2_wpfrag_ablate_no_mass_prior/ablation_ablate_no_mass_prior_seed45/rollout_benchmark/phase1a_iideval_traj30_seed42_20260524_124549/clean/summary.json
ablate_no_mass_prior,clean,46,clean,clean,0.9089894672002368,3.193558744509805,0.021582811139523983,1.0494534762983676e-05,1.8526546359062195,1.2409695386886597,0.9777777777777777,90,88,0.00473804244150718,0,0,0,0,checkpoints/sweep_oc_phase1a_decision_clean_t2_wpfrag_ablate_no_mass_prior/ablation_ablate_no_mass_prior_seed46/rollout_benchmark/phase1a_iideval_traj30_seed42_20260524_130136/clean/summary.json
ablate_no_mass_prior,clean,42,degraded_eval,iid_noisy_ic,2.019588623073067,5.645359182874493,0.028837747871875763,1.2908025382785127e-05,1.8610681295394897,1.246989130973816,1.0,90,90,0.004922629023591678,0,0,0,0,checkpoints/sweep_oc_phase1a_decision_clean_t2_wpfrag_ablate_no_mass_prior/ablation_ablate_no_mass_prior_seed42/rollout_benchmark/phase1a_iideval_traj30_seed42_20260524_115843/degraded_eval/summary.json
ablate_no_mass_prior,clean,43,degraded_eval,iid_noisy_ic,2.597780835104465,8.173836733844691,0.04934799671173096,1.24321622934076e-05,1.8545525074005127,1.2580455541610718,0.9888888888888889,90,89,0.005489194067195058,0,0,0,0,checkpoints/sweep_oc_phase1a_decision_clean_t2_wpfrag_ablate_no_mass_prior/ablation_ablate_no_mass_prior_seed43/rollout_benchmark/phase1a_iideval_traj30_seed42_20260524_121431/degraded_eval/summary.json
ablate_no_mass_prior,clean,44,degraded_eval,iid_noisy_ic,2.0797694348062734,7.586939354095842,0.036762870848178864,1.1261584404564928e-05,1.9464850425720215,1.4094617366790771,0.9888888888888889,90,89,0.005629669254024823,0,0,0,0,checkpoints/sweep_oc_phase1a_decision_clean_t2_wpfrag_ablate_no_mass_prior/ablation_ablate_no_mass_prior_seed44/rollout_benchmark/phase1a_iideval_traj30_seed42_20260524_123013/degraded_eval/summary.json
ablate_no_mass_prior,clean,45,degraded_eval,iid_noisy_ic,1.9755167625511165,6.8171575592706875,0.0308886356651783,1.1553592230484355e-05,2.083515763282776,1.4228344559669495,0.9777777777777777,90,88,0.004712519080688556,0,0,0,0,checkpoints/sweep_oc_phase1a_decision_clean_t2_wpfrag_ablate_no_mass_prior/ablation_ablate_no_mass_prior_seed45/rollout_benchmark/phase1a_iideval_traj30_seed42_20260524_124549/degraded_eval/summary.json
ablate_no_mass_prior,clean,46,degraded_eval,iid_noisy_ic,1.5455402865953127,5.83478643480675,0.02676051575690508,1.281599634239683e-05,1.8523653745651245,1.2589523792266846,0.9777777777777777,90,88,0.00473804244150718,0,0,0,0,checkpoints/sweep_oc_phase1a_decision_clean_t2_wpfrag_ablate_no_mass_prior/ablation_ablate_no_mass_prior_seed46/rollout_benchmark/phase1a_iideval_traj30_seed42_20260524_130136/degraded_eval/summary.json
ablate_no_mass_prior,clean,42,heading_biased_eval,iid_noisy_ic,3.1367926397894346,5.9291681571293156,0.03507854975759983,1.1298408935545012e-05,1.8610916137695312,1.2415090799331665,1.0,90,90,0.004922629023591678,0,0,0,0,checkpoints/sweep_oc_phase1a_decision_clean_t2_wpfrag_ablate_no_mass_prior/ablation_ablate_no_mass_prior_seed42/rollout_benchmark/phase1a_iideval_traj30_seed42_20260524_115843/heading_biased_eval/summary.json
ablate_no_mass_prior,clean,43,heading_biased_eval,iid_noisy_ic,3.1506644929864116,7.929244438893152,0.046606309711933136,1.1914569768123329e-05,1.853248953819275,1.257209300994873,0.9888888888888889,90,89,0.005489194067195058,0,0,0,0,checkpoints/sweep_oc_phase1a_decision_clean_t2_wpfrag_ablate_no_mass_prior/ablation_ablate_no_mass_prior_seed43/rollout_benchmark/phase1a_iideval_traj30_seed42_20260524_121431/heading_biased_eval/summary.json
ablate_no_mass_prior,clean,44,heading_biased_eval,iid_noisy_ic,3.0223788683855646,7.011272263353437,0.047985535115003586,1.225443702423945e-05,1.9430615901947021,1.3997077941894531,0.9888888888888889,90,89,0.005629669254024823,0,0,0,0,checkpoints/sweep_oc_phase1a_decision_clean_t2_wpfrag_ablate_no_mass_prior/ablation_ablate_no_mass_prior_seed44/rollout_benchmark/phase1a_iideval_traj30_seed42_20260524_123013/heading_biased_eval/summary.json
ablate_no_mass_prior,clean,45,heading_biased_eval,iid_noisy_ic,3.0527968097256,6.256067848479935,0.04388904944062233,1.147701550507918e-05,2.0835846662521362,1.408982753753662,0.9777777777777777,90,88,0.004712519080688556,0,0,0,0,checkpoints/sweep_oc_phase1a_decision_clean_t2_wpfrag_ablate_no_mass_prior/ablation_ablate_no_mass_prior_seed45/rollout_benchmark/phase1a_iideval_traj30_seed42_20260524_124549/heading_biased_eval/summary.json
ablate_no_mass_prior,clean,46,heading_biased_eval,iid_noisy_ic,3.148199656064996,5.883156506511082,0.04302443750202656,1.209448146255454e-05,1.8521637320518494,1.247145414352417,0.9777777777777777,90,88,0.00473804244150718,0,0,0,0,checkpoints/sweep_oc_phase1a_decision_clean_t2_wpfrag_ablate_no_mass_prior/ablation_ablate_no_mass_prior_seed46/rollout_benchmark/phase1a_iideval_traj30_seed42_20260524_130136/heading_biased_eval/summary.json
ablate_no_mass_prior,clean,42,nominal_eval,iid_noisy_ic,1.1083269009831005,3.458480211045867,0.020250792615115643,1.1315683877910487e-05,1.8614979982376099,1.2412433624267578,1.0,90,90,0.004922629023591678,0,0,0,0,checkpoints/sweep_oc_phase1a_decision_clean_t2_wpfrag_ablate_no_mass_prior/ablation_ablate_no_mass_prior_seed42/rollout_benchmark/phase1a_iideval_traj30_seed42_20260524_115843/nominal_eval/summary.json
ablate_no_mass_prior,clean,43,nominal_eval,iid_noisy_ic,1.877886123176424,6.7263652369471165,0.046238966286182404,1.3087113075016532e-05,1.8548755645751953,1.2566004991531372,0.9888888888888889,90,89,0.005489194067195058,0,0,0,0,checkpoints/sweep_oc_phase1a_decision_clean_t2_wpfrag_ablate_no_mass_prior/ablation_ablate_no_mass_prior_seed43/rollout_benchmark/phase1a_iideval_traj30_seed42_20260524_121431/nominal_eval/summary.json
ablate_no_mass_prior,clean,44,nominal_eval,iid_noisy_ic,1.5083144443317886,5.220452922075948,0.031044568866491318,1.1930189430131577e-05,1.9433162212371826,1.3994672298431396,0.9888888888888889,90,89,0.005629669254024823,0,0,0,0,checkpoints/sweep_oc_phase1a_decision_clean_t2_wpfrag_ablate_no_mass_prior/ablation_ablate_no_mass_prior_seed44/rollout_benchmark/phase1a_iideval_traj30_seed42_20260524_123013/nominal_eval/summary.json
ablate_no_mass_prior,clean,45,nominal_eval,iid_noisy_ic,1.5032646161307135,4.6416768105482245,0.030977130867540836,1.3140964256308507e-05,2.0836408138275146,1.4088695049285889,0.9777777777777777,90,88,0.004712519080688556,0,0,0,0,checkpoints/sweep_oc_phase1a_decision_clean_t2_wpfrag_ablate_no_mass_prior/ablation_ablate_no_mass_prior_seed45/rollout_benchmark/phase1a_iideval_traj30_seed42_20260524_124549/nominal_eval/summary.json
ablate_no_mass_prior,clean,46,nominal_eval,iid_noisy_ic,1.0838067541197016,3.397704158081088,0.01994217187166214,1.1035950592486188e-05,1.8525335192680359,1.2471187114715576,0.9777777777777777,90,88,0.00473804244150718,0,0,0,0,checkpoints/sweep_oc_phase1a_decision_clean_t2_wpfrag_ablate_no_mass_prior/ablation_ablate_no_mass_prior_seed46/rollout_benchmark/phase1a_iideval_traj30_seed42_20260524_130136/nominal_eval/summary.json
ablate_no_mass_prior,clean,42,nominal_eval,v4_lite,1.078157211900635,3.595440684170445,0.020970751531422138,1.2111268006265163e-05,1.8601101636886597,1.2378041744232178,1.0,90,90,0.004922629023591678,0,0,0,0,checkpoints/sweep_oc_phase1a_decision_clean_t2_wpfrag_ablate_no_mass_prior/ablation_ablate_no_mass_prior_seed42/rollout_benchmark/phase1a_v4eval_traj30_seed42_20260524_155400/summary.json
ablate_no_mass_prior,clean,43,nominal_eval,v4_lite,2.065787086652912,6.381197098096276,0.04820868745446205,1.211185644933721e-05,1.8550689220428467,1.2539913654327393,0.9888888888888889,90,89,0.005489194067195058,0,0,0,0,checkpoints/sweep_oc_phase1a_decision_clean_t2_wpfrag_ablate_no_mass_prior/ablation_ablate_no_mass_prior_seed43/rollout_benchmark/phase1a_v4eval_traj30_seed42_20260524_155526/summary.json
ablate_no_mass_prior,clean,44,nominal_eval,v4_lite,1.5016810157959306,4.601582182943339,0.03227232024073601,1.2322887414484285e-05,1.9384355545043945,1.3923927545547485,0.9888888888888889,90,89,0.005629669254024823,0,0,0,0,checkpoints/sweep_oc_phase1a_decision_clean_t2_wpfrag_ablate_no_mass_prior/ablation_ablate_no_mass_prior_seed44/rollout_benchmark/phase1a_v4eval_traj30_seed42_20260524_155652/summary.json
ablate_no_mass_prior,clean,45,nominal_eval,v4_lite,1.532318718542394,3.877817673141174,0.031510429456830025,1.1653750334517099e-05,2.083738088607788,1.4047883749008179,0.9777777777777777,90,88,0.004712519080688556,0,0,0,0,checkpoints/sweep_oc_phase1a_decision_clean_t2_wpfrag_ablate_no_mass_prior/ablation_ablate_no_mass_prior_seed45/rollout_benchmark/phase1a_v4eval_traj30_seed42_20260524_155818/summary.json
ablate_no_mass_prior,clean,46,nominal_eval,v4_lite,1.1332793665310432,2.9963961311303544,0.020612536929547787,1.2541039723146241e-05,1.8526437282562256,1.2333571910858154,0.9777777777777777,90,88,0.00473804244150718,0,0,0,0,checkpoints/sweep_oc_phase1a_decision_clean_t2_wpfrag_ablate_no_mass_prior/ablation_ablate_no_mass_prior_seed46/rollout_benchmark/phase1a_v4eval_traj30_seed42_20260524_155945/summary.json
ablate_no_mass_prior,iid,42,clean,clean,0.7266351306265577,2.846055929640164,0.016949962824583054,1.1751150850614067e-05,1.8469080924987793,1.257090449333191,0.9888888888888889,90,89,0.0065786327080180245,0,0,0,0,checkpoints/sweep_oc_phase1a_decision_iid_t2_wpfrag_ablate_no_mass_prior/ablation_ablate_no_mass_prior_seed42/rollout_benchmark/phase1a_iideval_traj30_seed42_20260524_131726/clean/summary.json
ablate_no_mass_prior,iid,43,clean,clean,1.9018684155677668,4.8287965567507385,0.04377942532300949,1.2089262781955767e-05,1.8944941759109497,1.3040505051612854,0.9777777777777777,90,88,0.007757653870309393,0,0,0,0,checkpoints/sweep_oc_phase1a_decision_iid_t2_wpfrag_ablate_no_mass_prior/ablation_ablate_no_mass_prior_seed43/rollout_benchmark/phase1a_iideval_traj30_seed42_20260524_133306/clean/summary.json
ablate_no_mass_prior,iid,44,clean,clean,1.2971700806204127,3.3962199034114993,0.03588644415140152,1.3359372132981662e-05,1.9639546871185303,1.3595300912857056,0.9888888888888889,90,89,0.007264763582497835,0,0,0,0,checkpoints/sweep_oc_phase1a_decision_iid_t2_wpfrag_ablate_no_mass_prior/ablation_ablate_no_mass_prior_seed44/rollout_benchmark/phase1a_iideval_traj30_seed42_20260524_134849/clean/summary.json
ablate_no_mass_prior,iid,45,clean,clean,1.819818843013493,4.5276952033830415,0.035413481295108795,1.2293398867768701e-05,1.9125888347625732,1.31140798330307,0.9777777777777777,90,88,0.006893338402733207,0,0,0,0,checkpoints/sweep_oc_phase1a_decision_iid_t2_wpfrag_ablate_no_mass_prior/ablation_ablate_no_mass_prior_seed45/rollout_benchmark/phase1a_iideval_traj30_seed42_20260524_140431/clean/summary.json
ablate_no_mass_prior,iid,46,clean,clean,0.9899612297216747,2.759937994056038,0.016435123048722744,1.2193931979709305e-05,1.8880693316459656,1.2738713026046753,0.9777777777777777,90,88,0.006658290745690465,0,0,0,0,checkpoints/sweep_oc_phase1a_decision_iid_t2_wpfrag_ablate_no_mass_prior/ablation_ablate_no_mass_prior_seed46/rollout_benchmark/phase1a_iideval_traj30_seed42_20260524_142021/clean/summary.json
ablate_no_mass_prior,iid,42,degraded_eval,iid_noisy_ic,1.6195612859253408,5.6882394677682715,0.028165068477392197,9.944492376234848e-06,1.8458664417266846,1.2634093761444092,0.9888888888888889,90,89,0.0065786327080180245,0,0,0,0,checkpoints/sweep_oc_phase1a_decision_iid_t2_wpfrag_ablate_no_mass_prior/ablation_ablate_no_mass_prior_seed42/rollout_benchmark/phase1a_iideval_traj30_seed42_20260524_131726/degraded_eval/summary.json
ablate_no_mass_prior,iid,43,degraded_eval,iid_noisy_ic,2.2647281442223255,6.470317392813712,0.04059787653386593,1.2794446774933022e-05,1.8938331007957458,1.303364872932434,0.9777777777777777,90,88,0.007757653870309393,0,0,0,0,checkpoints/sweep_oc_phase1a_decision_iid_t2_wpfrag_ablate_no_mass_prior/ablation_ablate_no_mass_prior_seed43/rollout_benchmark/phase1a_iideval_traj30_seed42_20260524_133306/degraded_eval/summary.json
ablate_no_mass_prior,iid,44,degraded_eval,iid_noisy_ic,2.1894206281747404,5.761631879424923,0.04129374772310257,1.169429287983803e-05,1.9685678482055664,1.3623617887496948,0.9888888888888889,90,89,0.007264763582497835,0,0,0,0,checkpoints/sweep_oc_phase1a_decision_iid_t2_wpfrag_ablate_no_mass_prior/ablation_ablate_no_mass_prior_seed44/rollout_benchmark/phase1a_iideval_traj30_seed42_20260524_134849/degraded_eval/summary.json
ablate_no_mass_prior,iid,45,degraded_eval,iid_noisy_ic,2.0644063563682185,7.553840824058496,0.03744456358253956,1.2357428204268217e-05,1.9120644330978394,1.3284660577774048,0.9777777777777777,90,88,0.006893338402733207,0,0,0,0,checkpoints/sweep_oc_phase1a_decision_iid_t2_wpfrag_ablate_no_mass_prior/ablation_ablate_no_mass_prior_seed45/rollout_benchmark/phase1a_iideval_traj30_seed42_20260524_140431/degraded_eval/summary.json
ablate_no_mass_prior,iid,46,degraded_eval,iid_noisy_ic,1.781371813599665,6.065016747027107,0.02814600244164467,1.1273070413153619e-05,1.88701730966568,1.2845364212989807,0.9777777777777777,90,88,0.006658290745690465,0,0,0,0,checkpoints/sweep_oc_phase1a_decision_iid_t2_wpfrag_ablate_no_mass_prior/ablation_ablate_no_mass_prior_seed46/rollout_benchmark/phase1a_iideval_traj30_seed42_20260524_142021/degraded_eval/summary.json
ablate_no_mass_prior,iid,42,heading_biased_eval,iid_noisy_ic,3.134855604469877,6.12835133598598,0.03637486323714256,1.2319332199695054e-05,1.8453326225280762,1.2514526844024658,0.9888888888888889,90,89,0.0065786327080180245,0,0,0,0,checkpoints/sweep_oc_phase1a_decision_iid_t2_wpfrag_ablate_no_mass_prior/ablation_ablate_no_mass_prior_seed42/rollout_benchmark/phase1a_iideval_traj30_seed42_20260524_131726/heading_biased_eval/summary.json
ablate_no_mass_prior,iid,43,heading_biased_eval,iid_noisy_ic,2.9779472915261893,6.752746748467808,0.047198327258229256,1.3027011846133973e-05,1.8943473100662231,1.3048886060714722,0.9777777777777777,90,88,0.007757653870309393,0,0,0,0,checkpoints/sweep_oc_phase1a_decision_iid_t2_wpfrag_ablate_no_mass_prior/ablation_ablate_no_mass_prior_seed43/rollout_benchmark/phase1a_iideval_traj30_seed42_20260524_133306/heading_biased_eval/summary.json
ablate_no_mass_prior,iid,44,heading_biased_eval,iid_noisy_ic,3.074650176972866,6.364513509831847,0.04818889498710632,1.1764011105697136e-05,1.9665091037750244,1.3616093397140503,0.9888888888888889,90,89,0.007264763582497835,0,0,0,0,checkpoints/sweep_oc_phase1a_decision_iid_t2_wpfrag_ablate_no_mass_prior/ablation_ablate_no_mass_prior_seed44/rollout_benchmark/phase1a_iideval_traj30_seed42_20260524_134849/heading_biased_eval/summary.json
ablate_no_mass_prior,iid,45,heading_biased_eval,iid_noisy_ic,2.932719855503354,7.301300731937788,0.05332954600453377,1.2327870535955299e-05,1.913314938545227,1.3237680792808533,0.9777777777777777,90,88,0.006893338402733207,0,0,0,0,checkpoints/sweep_oc_phase1a_decision_iid_t2_wpfrag_ablate_no_mass_prior/ablation_ablate_no_mass_prior_seed45/rollout_benchmark/phase1a_iideval_traj30_seed42_20260524_140431/heading_biased_eval/summary.json
ablate_no_mass_prior,iid,46,heading_biased_eval,iid_noisy_ic,2.8105024735784387,6.082316924973863,0.038696860894560814,1.2155866897956003e-05,1.8879109025001526,1.2816826105117798,0.9777777777777777,90,88,0.006658290745690465,0,0,0,0,checkpoints/sweep_oc_phase1a_decision_iid_t2_wpfrag_ablate_no_mass_prior/ablation_ablate_no_mass_prior_seed46/rollout_benchmark/phase1a_iideval_traj30_seed42_20260524_142021/heading_biased_eval/summary.json
ablate_no_mass_prior,iid,42,nominal_eval,iid_noisy_ic,0.9980588923090887,3.245825548502179,0.018936531618237495,1.3564460459747352e-05,1.8464796543121338,1.2513666152954102,0.9888888888888889,90,89,0.0065786327080180245,0,0,0,0,checkpoints/sweep_oc_phase1a_decision_iid_t2_wpfrag_ablate_no_mass_prior/ablation_ablate_no_mass_prior_seed42/rollout_benchmark/phase1a_iideval_traj30_seed42_20260524_131726/nominal_eval/summary.json
ablate_no_mass_prior,iid,43,nominal_eval,iid_noisy_ic,1.669570313633902,4.913540301880621,0.04093401879072189,1.2893796338175889e-05,1.8942309021949768,1.3051732182502747,0.9777777777777777,90,88,0.007757653870309393,0,0,0,0,checkpoints/sweep_oc_phase1a_decision_iid_t2_wpfrag_ablate_no_mass_prior/ablation_ablate_no_mass_prior_seed43/rollout_benchmark/phase1a_iideval_traj30_seed42_20260524_133306/nominal_eval/summary.json
ablate_no_mass_prior,iid,44,nominal_eval,iid_noisy_ic,1.6001137299725088,4.189406813044889,0.036035649478435516,1.4138722690404393e-05,1.9662775993347168,1.3610013723373413,0.9888888888888889,90,89,0.007264763582497835,0,0,0,0,checkpoints/sweep_oc_phase1a_decision_iid_t2_wpfrag_ablate_no_mass_prior/ablation_ablate_no_mass_prior_seed44/rollout_benchmark/phase1a_iideval_traj30_seed42_20260524_134849/nominal_eval/summary.json
ablate_no_mass_prior,iid,45,nominal_eval,iid_noisy_ic,1.84884260361247,5.224305541427599,0.036940157413482666,1.1499235370138194e-05,1.9123903512954712,1.323698341846466,0.9777777777777777,90,88,0.006893338402733207,0,0,0,0,checkpoints/sweep_oc_phase1a_decision_iid_t2_wpfrag_ablate_no_mass_prior/ablation_ablate_no_mass_prior_seed45/rollout_benchmark/phase1a_iideval_traj30_seed42_20260524_140431/nominal_eval/summary.json
ablate_no_mass_prior,iid,46,nominal_eval,iid_noisy_ic,1.190052394045865,3.9358627917285482,0.01868394762277603,1.363731462333817e-05,1.8876457810401917,1.2814309000968933,0.9777777777777777,90,88,0.006658290745690465,0,0,0,0,checkpoints/sweep_oc_phase1a_decision_iid_t2_wpfrag_ablate_no_mass_prior/ablation_ablate_no_mass_prior_seed46/rollout_benchmark/phase1a_iideval_traj30_seed42_20260524_142021/nominal_eval/summary.json
ablate_no_mass_prior,iid,42,nominal_eval,v4_lite,1.0269967093535453,3.0243004746431112,0.01656581088900566,1.1801370419561863e-05,1.8469336032867432,1.2579463720321655,0.9888888888888889,90,89,0.0065786327080180245,0,0,0,0,checkpoints/sweep_oc_phase1a_decision_iid_t2_wpfrag_ablate_no_mass_prior/ablation_ablate_no_mass_prior_seed42/rollout_benchmark/phase1a_v4eval_traj30_seed42_20260524_160112/summary.json
ablate_no_mass_prior,iid,43,nominal_eval,v4_lite,2.019028233679766,4.809194080512229,0.04376938194036484,1.1585540050873533e-05,1.8945308327674866,1.299688458442688,0.9777777777777777,90,88,0.007757653870309393,0,0,0,0,checkpoints/sweep_oc_phase1a_decision_iid_t2_wpfrag_ablate_no_mass_prior/ablation_ablate_no_mass_prior_seed43/rollout_benchmark/phase1a_v4eval_traj30_seed42_20260524_160238/summary.json
ablate_no_mass_prior,iid,44,nominal_eval,v4_lite,1.3481710253546642,3.668302058773508,0.03427540510892868,1.1488168638607021e-05,1.965303659439087,1.359895944595337,0.9888888888888889,90,89,0.007264763582497835,0,0,0,0,checkpoints/sweep_oc_phase1a_decision_iid_t2_wpfrag_ablate_no_mass_prior/ablation_ablate_no_mass_prior_seed44/rollout_benchmark/phase1a_v4eval_traj30_seed42_20260524_160407/summary.json
ablate_no_mass_prior,iid,45,nominal_eval,v4_lite,2.0005630004239627,4.942240879825914,0.03841268643736839,1.1913963135157246e-05,1.9126254320144653,1.3090550303459167,0.9777777777777777,90,88,0.006893338402733207,0,0,0,0,checkpoints/sweep_oc_phase1a_decision_iid_t2_wpfrag_ablate_no_mass_prior/ablation_ablate_no_mass_prior_seed45/rollout_benchmark/phase1a_v4eval_traj30_seed42_20260524_160534/summary.json
ablate_no_mass_prior,iid,46,nominal_eval,v4_lite,1.1830707114023413,2.9045447775737596,0.01816513016819954,1.311264895775821e-05,1.8881110548973083,1.270088255405426,0.9777777777777777,90,88,0.006658290745690465,0,0,0,0,checkpoints/sweep_oc_phase1a_decision_iid_t2_wpfrag_ablate_no_mass_prior/ablation_ablate_no_mass_prior_seed46/rollout_benchmark/phase1a_v4eval_traj30_seed42_20260524_160700/summary.json
ablate_no_mass_prior,v4lite,42,clean,clean,0.7555564620002209,2.6985876904579014,0.018746713176369667,1.1889655979757663e-05,1.9233250617980957,1.295693278312683,0.9888888888888889,90,89,0.006672881155585249,0,0,0,0,checkpoints/sweep_oc_phase1a_decision_v4lite_t2_wpfrag_ablate_no_mass_prior/ablation_ablate_no_mass_prior_seed42/rollout_benchmark/phase1a_iideval_traj30_seed42_20260524_143604/clean/summary.json
ablate_no_mass_prior,v4lite,43,clean,clean,1.8167694175325515,3.905635845317295,0.033479999750852585,1.2592940038302913e-05,1.8192558288574219,1.2704033851623535,0.9888888888888889,90,89,0.00709942658431828,0,0,0,0,checkpoints/sweep_oc_phase1a_decision_v4lite_t2_wpfrag_ablate_no_mass_prior/ablation_ablate_no_mass_prior_seed43/rollout_benchmark/phase1a_iideval_traj30_seed42_20260524_145143/clean/summary.json
ablate_no_mass_prior,v4lite,44,clean,clean,1.2166674285580563,4.76775104723622,0.03329693712294102,1.3884364307159558e-05,1.9457345008850098,1.3793349266052246,0.9777777777777777,90,88,0.007446246997763713,0,0,0,0,checkpoints/sweep_oc_phase1a_decision_v4lite_t2_wpfrag_ablate_no_mass_prior/ablation_ablate_no_mass_prior_seed44/rollout_benchmark/phase1a_iideval_traj30_seed42_20260524_150721/clean/summary.json
ablate_no_mass_prior,v4lite,45,clean,clean,1.3171828320863916,4.070759505824831,0.028921091929078102,1.0980331353493966e-05,1.8767307996749878,1.2977218627929688,0.9777777777777777,90,88,0.006988493648047249,0,0,0,0,checkpoints/sweep_oc_phase1a_decision_v4lite_t2_wpfrag_ablate_no_mass_prior/ablation_ablate_no_mass_prior_seed45/rollout_benchmark/phase1a_iideval_traj30_seed42_20260524_152259/clean/summary.json
ablate_no_mass_prior,v4lite,46,clean,clean,1.2966421170247335,4.070974168554803,0.02756386063992977,1.3329755347513128e-05,1.9463518857955933,1.2809919714927673,0.9777777777777777,90,88,0.006769785579914848,0,0,0,0,checkpoints/sweep_oc_phase1a_decision_v4lite_t2_wpfrag_ablate_no_mass_prior/ablation_ablate_no_mass_prior_seed46/rollout_benchmark/phase1a_iideval_traj30_seed42_20260524_153828/clean/summary.json
ablate_no_mass_prior,v4lite,42,degraded_eval,iid_noisy_ic,1.3681816141419854,5.852528596013649,0.02808876894414425,1.2233513189130463e-05,1.9221290349960327,1.2881662845611572,0.9888888888888889,90,89,0.006672881155585249,0,0,0,0,checkpoints/sweep_oc_phase1a_decision_v4lite_t2_wpfrag_ablate_no_mass_prior/ablation_ablate_no_mass_prior_seed42/rollout_benchmark/phase1a_iideval_traj30_seed42_20260524_143604/degraded_eval/summary.json
ablate_no_mass_prior,v4lite,43,degraded_eval,iid_noisy_ic,1.8867837904376379,6.132186687530909,0.029637785628437996,1.190425973618403e-05,1.8186265230178833,1.2669224739074707,0.9888888888888889,90,89,0.00709942658431828,0,0,0,0,checkpoints/sweep_oc_phase1a_decision_v4lite_t2_wpfrag_ablate_no_mass_prior/ablation_ablate_no_mass_prior_seed43/rollout_benchmark/phase1a_iideval_traj30_seed42_20260524_145143/degraded_eval/summary.json
ablate_no_mass_prior,v4lite,44,degraded_eval,iid_noisy_ic,2.132682716824866,7.14331654703803,0.03992847166955471,1.2416154277161695e-05,1.9463199377059937,1.3891226053237915,0.9777777777777777,90,88,0.007446246997763713,0,0,0,0,checkpoints/sweep_oc_phase1a_decision_v4lite_t2_wpfrag_ablate_no_mass_prior/ablation_ablate_no_mass_prior_seed44/rollout_benchmark/phase1a_iideval_traj30_seed42_20260524_150721/degraded_eval/summary.json
ablate_no_mass_prior,v4lite,45,degraded_eval,iid_noisy_ic,2.000311263943895,7.167451623431162,0.030611183494329453,1.2967483598913532e-05,1.8759989738464355,1.3129515051841736,0.9777777777777777,90,88,0.006988493648047249,0,0,0,0,checkpoints/sweep_oc_phase1a_decision_v4lite_t2_wpfrag_ablate_no_mass_prior/ablation_ablate_no_mass_prior_seed45/rollout_benchmark/phase1a_iideval_traj30_seed42_20260524_152259/degraded_eval/summary.json
ablate_no_mass_prior,v4lite,46,degraded_eval,iid_noisy_ic,2.0572271203774153,6.714241360862481,0.03598594479262829,1.2105938367312774e-05,1.945651650428772,1.2848306894302368,0.9777777777777777,90,88,0.006769785579914848,0,0,0,0,checkpoints/sweep_oc_phase1a_decision_v4lite_t2_wpfrag_ablate_no_mass_prior/ablation_ablate_no_mass_prior_seed46/rollout_benchmark/phase1a_iideval_traj30_seed42_20260524_153828/degraded_eval/summary.json
ablate_no_mass_prior,v4lite,42,heading_biased_eval,iid_noisy_ic,2.94001838410466,5.912647021427842,0.03918688744306564,1.2712550415017176e-05,1.921517252922058,1.277564525604248,0.9888888888888889,90,89,0.006672881155585249,0,0,0,0,checkpoints/sweep_oc_phase1a_decision_v4lite_t2_wpfrag_ablate_no_mass_prior/ablation_ablate_no_mass_prior_seed42/rollout_benchmark/phase1a_iideval_traj30_seed42_20260524_143604/heading_biased_eval/summary.json
ablate_no_mass_prior,v4lite,43,heading_biased_eval,iid_noisy_ic,3.0199349497490533,6.181214832365728,0.042883165180683136,1.276752391277114e-05,1.8175678253173828,1.2714167833328247,0.9888888888888889,90,89,0.00709942658431828,0,0,0,0,checkpoints/sweep_oc_phase1a_decision_v4lite_t2_wpfrag_ablate_no_mass_prior/ablation_ablate_no_mass_prior_seed43/rollout_benchmark/phase1a_iideval_traj30_seed42_20260524_145143/heading_biased_eval/summary.json
ablate_no_mass_prior,v4lite,44,heading_biased_eval,iid_noisy_ic,3.0819074081044735,7.25680984848467,0.04784693196415901,1.2427999536157586e-05,1.9460872411727905,1.3866369724273682,0.9777777777777777,90,88,0.007446246997763713,0,0,0,0,checkpoints/sweep_oc_phase1a_decision_v4lite_t2_wpfrag_ablate_no_mass_prior/ablation_ablate_no_mass_prior_seed44/rollout_benchmark/phase1a_iideval_traj30_seed42_20260524_150721/heading_biased_eval/summary.json
ablate_no_mass_prior,v4lite,45,heading_biased_eval,iid_noisy_ic,2.8981324816166207,6.322702704149088,0.0436125174164772,1.1060753422498237e-05,1.8764420747756958,1.3089099526405334,0.9777777777777777,90,88,0.006988493648047249,0,0,0,0,checkpoints/sweep_oc_phase1a_decision_v4lite_t2_wpfrag_ablate_no_mass_prior/ablation_ablate_no_mass_prior_seed45/rollout_benchmark/phase1a_iideval_traj30_seed42_20260524_152259/heading_biased_eval/summary.json
ablate_no_mass_prior,v4lite,46,heading_biased_eval,iid_noisy_ic,3.3208294188027176,6.272375783119006,0.04769706539809704,1.1915439245058224e-05,1.9463387727737427,1.2804338335990906,0.9777777777777777,90,88,0.006769785579914848,0,0,0,0,checkpoints/sweep_oc_phase1a_decision_v4lite_t2_wpfrag_ablate_no_mass_prior/ablation_ablate_no_mass_prior_seed46/rollout_benchmark/phase1a_iideval_traj30_seed42_20260524_153828/heading_biased_eval/summary.json
ablate_no_mass_prior,v4lite,42,nominal_eval,iid_noisy_ic,0.8923464066183822,3.2551738597838678,0.018810199573636055,1.2059386790497229e-05,1.9228403568267822,1.277910828590393,0.9888888888888889,90,89,0.006672881155585249,0,0,0,0,checkpoints/sweep_oc_phase1a_decision_v4lite_t2_wpfrag_ablate_no_mass_prior/ablation_ablate_no_mass_prior_seed42/rollout_benchmark/phase1a_iideval_traj30_seed42_20260524_143604/nominal_eval/summary.json
ablate_no_mass_prior,v4lite,43,nominal_eval,iid_noisy_ic,1.6385013184765205,4.147761195273092,0.030506063252687454,1.3857309568265919e-05,1.8189797401428223,1.2713438272476196,0.9888888888888889,90,89,0.00709942658431828,0,0,0,0,checkpoints/sweep_oc_phase1a_decision_v4lite_t2_wpfrag_ablate_no_mass_prior/ablation_ablate_no_mass_prior_seed43/rollout_benchmark/phase1a_iideval_traj30_seed42_20260524_145143/nominal_eval/summary.json
ablate_no_mass_prior,v4lite,44,nominal_eval,iid_noisy_ic,1.417546765412244,5.899320503267837,0.031134484335780144,1.1041447578463703e-05,1.9457828998565674,1.3863576650619507,0.9777777777777777,90,88,0.007446246997763713,0,0,0,0,checkpoints/sweep_oc_phase1a_decision_v4lite_t2_wpfrag_ablate_no_mass_prior/ablation_ablate_no_mass_prior_seed44/rollout_benchmark/phase1a_iideval_traj30_seed42_20260524_150721/nominal_eval/summary.json
ablate_no_mass_prior,v4lite,45,nominal_eval,iid_noisy_ic,1.490983500613121,5.046522042171675,0.03053627349436283,1.2923889698868152e-05,1.8764360547065735,1.3093504309654236,0.9777777777777777,90,88,0.006988493648047249,0,0,0,0,checkpoints/sweep_oc_phase1a_decision_v4lite_t2_wpfrag_ablate_no_mass_prior/ablation_ablate_no_mass_prior_seed45/rollout_benchmark/phase1a_iideval_traj30_seed42_20260524_152259/nominal_eval/summary.json
ablate_no_mass_prior,v4lite,46,nominal_eval,iid_noisy_ic,1.5712061660353274,4.6298158258234885,0.02813716046512127,1.0852029845409561e-05,1.9460663795471191,1.2794075012207031,0.9777777777777777,90,88,0.006769785579914848,0,0,0,0,checkpoints/sweep_oc_phase1a_decision_v4lite_t2_wpfrag_ablate_no_mass_prior/ablation_ablate_no_mass_prior_seed46/rollout_benchmark/phase1a_iideval_traj30_seed42_20260524_153828/nominal_eval/summary.json
ablate_no_mass_prior,v4lite,42,nominal_eval,v4_lite,0.9540220570553356,2.7648052064569155,0.01787426695227623,1.1607167834881693e-05,1.9233605861663818,1.2862942218780518,0.9888888888888889,90,89,0.006672881155585249,0,0,0,0,checkpoints/sweep_oc_phase1a_decision_v4lite_t2_wpfrag_ablate_no_mass_prior/ablation_ablate_no_mass_prior_seed42/rollout_benchmark/phase1a_v4eval_traj30_seed42_20260524_160827/summary.json
ablate_no_mass_prior,v4lite,43,nominal_eval,v4_lite,1.8245239756677996,3.7290486130008316,0.03359021991491318,1.3705981473322026e-05,1.8191375732421875,1.267106533050537,0.9888888888888889,90,89,0.00709942658431828,0,0,0,0,checkpoints/sweep_oc_phase1a_decision_v4lite_t2_wpfrag_ablate_no_mass_prior/ablation_ablate_no_mass_prior_seed43/rollout_benchmark/phase1a_v4eval_traj30_seed42_20260524_160955/summary.json
ablate_no_mass_prior,v4lite,44,nominal_eval,v4_lite,1.2335113292203834,5.170276223427372,0.031116663478314877,1.4890943020873237e-05,1.9457699060440063,1.3753686547279358,0.9777777777777777,90,88,0.007446246997763713,0,0,0,0,checkpoints/sweep_oc_phase1a_decision_v4lite_t2_wpfrag_ablate_no_mass_prior/ablation_ablate_no_mass_prior_seed44/rollout_benchmark/phase1a_v4eval_traj30_seed42_20260524_161121/summary.json
ablate_no_mass_prior,v4lite,45,nominal_eval,v4_lite,1.4081808805699338,4.582199280755885,0.034369200468063354,1.2240046999068e-05,1.8903355598449707,1.2960549592971802,0.9888888888888889,90,89,0.006988493648047249,0,0,0,0,checkpoints/sweep_oc_phase1a_decision_v4lite_t2_wpfrag_ablate_no_mass_prior/ablation_ablate_no_mass_prior_seed45/rollout_benchmark/phase1a_v4eval_traj30_seed42_20260524_161248/summary.json
ablate_no_mass_prior,v4lite,46,nominal_eval,v4_lite,1.6172127280369826,4.087862681079901,0.027332251891493797,1.246362899109954e-05,1.946326732635498,1.2755781412124634,0.9777777777777777,90,88,0.006769785579914848,0,0,0,0,checkpoints/sweep_oc_phase1a_decision_v4lite_t2_wpfrag_ablate_no_mass_prior/ablation_ablate_no_mass_prior_seed46/rollout_benchmark/phase1a_v4eval_traj30_seed42_20260524_161414/summary.json
blackbox_fullstate,clean,42,clean,clean,85.4529876723592,137.462578210906,3.0344619750976562,145.92164611816406,nan,nan,0.5666666666666667,90,51,0.011798853209863106,0,0,1,1,checkpoints/sweep_oc_phase1a_decision_clean_t2_wpfrag_blackbox_fullstate/baseline_blackbox_fullstate_seed42/rollout_benchmark/phase1a_iideval_traj30_seed42_20260525_131812/clean/summary.json
blackbox_fullstate,clean,43,clean,clean,89.04691253242521,122.59811328560912,2.7829787731170654,16.917919158935547,nan,nan,0.8666666666666667,90,78,0.012904682662338018,0,0,1,1,checkpoints/sweep_oc_phase1a_decision_clean_t2_wpfrag_blackbox_fullstate/baseline_blackbox_fullstate_seed43/rollout_benchmark/phase1a_iideval_traj30_seed42_20260525_133045/clean/summary.json
blackbox_fullstate,clean,44,clean,clean,nan,nan,nan,nan,nan,nan,0.0,90,0,0.013503402937203646,0,0,0,1,checkpoints/sweep_oc_phase1a_decision_clean_t2_wpfrag_blackbox_fullstate/baseline_blackbox_fullstate_seed44/rollout_benchmark/phase1a_iideval_traj30_seed42_20260525_134320/clean/summary.json
blackbox_fullstate,clean,45,clean,clean,83.00590280957327,122.61174155359956,3.0039124488830566,18.391437530517578,nan,nan,0.2777777777777778,90,25,0.01357165320465962,0,0,1,1,checkpoints/sweep_oc_phase1a_decision_clean_t2_wpfrag_blackbox_fullstate/baseline_blackbox_fullstate_seed45/rollout_benchmark/phase1a_iideval_traj30_seed42_20260525_135458/clean/summary.json
blackbox_fullstate,clean,46,clean,clean,nan,nan,nan,nan,nan,nan,0.0,90,0,0.013362190841386715,0,0,0,1,checkpoints/sweep_oc_phase1a_decision_clean_t2_wpfrag_blackbox_fullstate/baseline_blackbox_fullstate_seed46/rollout_benchmark/phase1a_iideval_traj30_seed42_20260525_140734/clean/summary.json
blackbox_fullstate,clean,42,degraded_eval,iid_noisy_ic,85.38936410948877,137.4813244778022,3.0345020294189453,146.35360717773438,nan,nan,0.5666666666666667,90,51,0.011798853209863106,0,0,1,1,checkpoints/sweep_oc_phase1a_decision_clean_t2_wpfrag_blackbox_fullstate/baseline_blackbox_fullstate_seed42/rollout_benchmark/phase1a_iideval_traj30_seed42_20260525_131812/degraded_eval/summary.json
blackbox_fullstate,clean,43,degraded_eval,iid_noisy_ic,89.75195023997621,123.33079037853003,2.8162615299224854,9.026253700256348,nan,nan,0.8444444444444444,90,76,0.012904682662338018,0,0,1,1,checkpoints/sweep_oc_phase1a_decision_clean_t2_wpfrag_blackbox_fullstate/baseline_blackbox_fullstate_seed43/rollout_benchmark/phase1a_iideval_traj30_seed42_20260525_133045/degraded_eval/summary.json
blackbox_fullstate,clean,44,degraded_eval,iid_noisy_ic,nan,nan,nan,nan,nan,nan,0.0,90,0,0.013503402937203646,0,0,0,1,checkpoints/sweep_oc_phase1a_decision_clean_t2_wpfrag_blackbox_fullstate/baseline_blackbox_fullstate_seed44/rollout_benchmark/phase1a_iideval_traj30_seed42_20260525_134320/degraded_eval/summary.json
blackbox_fullstate,clean,45,degraded_eval,iid_noisy_ic,82.05690290833226,122.35320828016378,2.9850361347198486,19.07646369934082,nan,nan,0.26666666666666666,90,24,0.01357165320465962,0,0,1,1,checkpoints/sweep_oc_phase1a_decision_clean_t2_wpfrag_blackbox_fullstate/baseline_blackbox_fullstate_seed45/rollout_benchmark/phase1a_iideval_traj30_seed42_20260525_135458/degraded_eval/summary.json
blackbox_fullstate,clean,46,degraded_eval,iid_noisy_ic,nan,nan,nan,nan,nan,nan,0.0,90,0,0.013362190841386715,0,0,0,1,checkpoints/sweep_oc_phase1a_decision_clean_t2_wpfrag_blackbox_fullstate/baseline_blackbox_fullstate_seed46/rollout_benchmark/phase1a_iideval_traj30_seed42_20260525_140734/degraded_eval/summary.json
blackbox_fullstate,clean,42,heading_biased_eval,iid_noisy_ic,85.55350190371237,137.5052119869197,3.0345818996429443,146.5281219482422,nan,nan,0.5666666666666667,90,51,0.011798853209863106,0,0,1,1,checkpoints/sweep_oc_phase1a_decision_clean_t2_wpfrag_blackbox_fullstate/baseline_blackbox_fullstate_seed42/rollout_benchmark/phase1a_iideval_traj30_seed42_20260525_131812/heading_biased_eval/summary.json
blackbox_fullstate,clean,43,heading_biased_eval,iid_noisy_ic,89.58662569210887,123.05222566833879,2.809767484664917,9.02675724029541,nan,nan,0.8555555555555555,90,77,0.012904682662338018,0,0,1,1,checkpoints/sweep_oc_phase1a_decision_clean_t2_wpfrag_blackbox_fullstate/baseline_blackbox_fullstate_seed43/rollout_benchmark/phase1a_iideval_traj30_seed42_20260525_133045/heading_biased_eval/summary.json
blackbox_fullstate,clean,44,heading_biased_eval,iid_noisy_ic,nan,nan,nan,nan,nan,nan,0.0,90,0,0.013503402937203646,0,0,0,1,checkpoints/sweep_oc_phase1a_decision_clean_t2_wpfrag_blackbox_fullstate/baseline_blackbox_fullstate_seed44/rollout_benchmark/phase1a_iideval_traj30_seed42_20260525_134320/heading_biased_eval/summary.json
blackbox_fullstate,clean,45,heading_biased_eval,iid_noisy_ic,83.15077065455917,122.5949644638539,3.005281686782837,19.787385940551758,nan,nan,0.2777777777777778,90,25,0.01357165320465962,0,0,1,1,checkpoints/sweep_oc_phase1a_decision_clean_t2_wpfrag_blackbox_fullstate/baseline_blackbox_fullstate_seed45/rollout_benchmark/phase1a_iideval_traj30_seed42_20260525_135458/heading_biased_eval/summary.json
blackbox_fullstate,clean,46,heading_biased_eval,iid_noisy_ic,nan,nan,nan,nan,nan,nan,0.0,90,0,0.013362190841386715,0,0,0,1,checkpoints/sweep_oc_phase1a_decision_clean_t2_wpfrag_blackbox_fullstate/baseline_blackbox_fullstate_seed46/rollout_benchmark/phase1a_iideval_traj30_seed42_20260525_140734/heading_biased_eval/summary.json
blackbox_fullstate,clean,42,nominal_eval,iid_noisy_ic,85.41648180242174,137.4620944132701,3.034492015838623,146.1127166748047,nan,nan,0.5666666666666667,90,51,0.011798853209863106,0,0,1,1,checkpoints/sweep_oc_phase1a_decision_clean_t2_wpfrag_blackbox_fullstate/baseline_blackbox_fullstate_seed42/rollout_benchmark/phase1a_iideval_traj30_seed42_20260525_131812/nominal_eval/summary.json
blackbox_fullstate,clean,43,nominal_eval,iid_noisy_ic,89.04035746067791,122.56708396836088,2.7828805446624756,17.2326602935791,nan,nan,0.8666666666666667,90,78,0.012904682662338018,0,0,1,1,checkpoints/sweep_oc_phase1a_decision_clean_t2_wpfrag_blackbox_fullstate/baseline_blackbox_fullstate_seed43/rollout_benchmark/phase1a_iideval_traj30_seed42_20260525_133045/nominal_eval/summary.json
blackbox_fullstate,clean,44,nominal_eval,iid_noisy_ic,nan,nan,nan,nan,nan,nan,0.0,90,0,0.013503402937203646,0,0,0,1,checkpoints/sweep_oc_phase1a_decision_clean_t2_wpfrag_blackbox_fullstate/baseline_blackbox_fullstate_seed44/rollout_benchmark/phase1a_iideval_traj30_seed42_20260525_134320/nominal_eval/summary.json
blackbox_fullstate,clean,45,nominal_eval,iid_noisy_ic,82.08061427377092,122.36944104046007,2.9864003658294678,18.669044494628906,nan,nan,0.26666666666666666,90,24,0.01357165320465962,0,0,1,1,checkpoints/sweep_oc_phase1a_decision_clean_t2_wpfrag_blackbox_fullstate/baseline_blackbox_fullstate_seed45/rollout_benchmark/phase1a_iideval_traj30_seed42_20260525_135458/nominal_eval/summary.json
blackbox_fullstate,clean,46,nominal_eval,iid_noisy_ic,nan,nan,nan,nan,nan,nan,0.0,90,0,0.013362190841386715,0,0,0,1,checkpoints/sweep_oc_phase1a_decision_clean_t2_wpfrag_blackbox_fullstate/baseline_blackbox_fullstate_seed46/rollout_benchmark/phase1a_iideval_traj30_seed42_20260525_140734/nominal_eval/summary.json
blackbox_fullstate,clean,42,nominal_eval,v4_lite,87.25610802575132,137.3473179359032,3.035047769546509,145.850830078125,nan,nan,0.5777777777777777,90,52,0.011798853209863106,0,0,1,1,checkpoints/sweep_oc_phase1a_decision_clean_t2_wpfrag_blackbox_fullstate/baseline_blackbox_fullstate_seed42/rollout_benchmark/phase1a_v4eval_traj30_seed42_20260525_141919/summary.json
blackbox_fullstate,clean,43,nominal_eval,v4_lite,88.88558772716655,122.61873353122932,2.782972812652588,16.978654861450195,nan,nan,0.8666666666666667,90,78,0.012904682662338018,0,0,1,1,checkpoints/sweep_oc_phase1a_decision_clean_t2_wpfrag_blackbox_fullstate/baseline_blackbox_fullstate_seed43/rollout_benchmark/phase1a_v4eval_traj30_seed42_20260525_141959/summary.json
blackbox_fullstate,clean,44,nominal_eval,v4_lite,nan,nan,nan,nan,nan,nan,0.0,90,0,0.013503402937203646,0,0,0,1,checkpoints/sweep_oc_phase1a_decision_clean_t2_wpfrag_blackbox_fullstate/baseline_blackbox_fullstate_seed44/rollout_benchmark/phase1a_v4eval_traj30_seed42_20260525_142040/summary.json
blackbox_fullstate,clean,45,nominal_eval,v4_lite,83.04143881987089,122.55100975911253,3.002892255783081,17.986543655395508,nan,nan,0.2777777777777778,90,25,0.01357165320465962,0,0,1,1,checkpoints/sweep_oc_phase1a_decision_clean_t2_wpfrag_blackbox_fullstate/baseline_blackbox_fullstate_seed45/rollout_benchmark/phase1a_v4eval_traj30_seed42_20260525_142106/summary.json
blackbox_fullstate,clean,46,nominal_eval,v4_lite,nan,nan,nan,nan,nan,nan,0.0,90,0,0.013362190841386715,0,0,0,1,checkpoints/sweep_oc_phase1a_decision_clean_t2_wpfrag_blackbox_fullstate/baseline_blackbox_fullstate_seed46/rollout_benchmark/phase1a_v4eval_traj30_seed42_20260525_142144/summary.json
phnode_full,clean,42,clean,clean,0.6110200099342677,1.55372518374359,0.01450355863198638,1.4087424460740294e-05,18.295513153076172,12.852344989776611,0.9777777777777777,90,88,0.00402144982945174,0,0,0,0,checkpoints/sweep_oc_phase1a_decision_clean_t2_wpfrag_phnode_full/main_phnode_full_seed42/rollout_benchmark/phase1a_iideval_traj30_seed42_20260523_230208/clean/summary.json
phnode_full,clean,43,clean,clean,0.6792606826379866,1.3835986271200116,0.018229990266263485,1.3173768820706755e-05,17.34518814086914,12.44489049911499,1.0,90,90,0.004154752707108855,0,0,0,0,checkpoints/sweep_oc_phase1a_decision_clean_t2_wpfrag_phnode_full/main_phnode_full_seed43/rollout_benchmark/phase1a_iideval_traj30_seed42_20260523_231806/clean/summary.json
phnode_full,clean,44,clean,clean,1.205914789434308,3.066773696286245,0.020947014912962914,1.229793815582525e-05,17.828392028808594,13.267160892486572,0.9777777777777777,90,88,0.004206545612153907,0,0,0,0,checkpoints/sweep_oc_phase1a_decision_clean_t2_wpfrag_phnode_full/main_phnode_full_seed44/rollout_benchmark/phase1a_iideval_traj30_seed42_20260523_233343/clean/summary.json
phnode_full,clean,45,clean,clean,0.43162926758536657,1.3528456194209162,0.009206321090459824,1.2614788829523604e-05,20.253657341003418,14.393968105316162,1.0,90,90,0.004024867666885257,0,0,0,0,checkpoints/sweep_oc_phase1a_decision_clean_t2_wpfrag_phnode_full/main_phnode_full_seed45/rollout_benchmark/phase1a_iideval_traj30_seed42_20260523_234915/clean/summary.json
phnode_full,clean,46,clean,clean,0.45575005972892096,1.5137794424281459,0.008815803099423647,1.3266856512927916e-05,15.391408920288086,10.853662490844727,1.0,90,90,0.004047092321949701,0,0,0,0,checkpoints/sweep_oc_phase1a_decision_clean_t2_wpfrag_phnode_full/main_phnode_full_seed46/rollout_benchmark/phase1a_iideval_traj30_seed42_20260524_000456/clean/summary.json
phnode_full,clean,42,degraded_eval,iid_noisy_ic,1.6042903075427812,5.709296299179545,0.02217940241098404,1.1766684110625647e-05,18.284448623657227,12.889718532562256,0.9777777777777777,90,88,0.00402144982945174,0,0,0,0,checkpoints/sweep_oc_phase1a_decision_clean_t2_wpfrag_phnode_full/main_phnode_full_seed42/rollout_benchmark/phase1a_iideval_traj30_seed42_20260523_230208/degraded_eval/summary.json
phnode_full,clean,43,degraded_eval,iid_noisy_ic,1.5754047606637007,5.360473262728313,0.025485042482614517,1.1089072359027341e-05,17.465084075927734,12.517166137695312,0.9888888888888889,90,89,0.004154752707108855,0,0,0,0,checkpoints/sweep_oc_phase1a_decision_clean_t2_wpfrag_phnode_full/main_phnode_full_seed43/rollout_benchmark/phase1a_iideval_traj30_seed42_20260523_231806/degraded_eval/summary.json
phnode_full,clean,44,degraded_eval,iid_noisy_ic,2.2098066554653943,5.69333093217244,0.033703479915857315,1.1293369425402489e-05,17.818289756774902,13.467079639434814,0.9777777777777777,90,88,0.004206545612153907,0,0,0,0,checkpoints/sweep_oc_phase1a_decision_clean_t2_wpfrag_phnode_full/main_phnode_full_seed44/rollout_benchmark/phase1a_iideval_traj30_seed42_20260523_233343/degraded_eval/summary.json
phnode_full,clean,45,degraded_eval,iid_noisy_ic,1.6818839109811825,5.189869589756237,0.023675857111811638,1.3731822036788799e-05,20.265586853027344,14.542728424072266,1.0,90,90,0.004024867666885257,0,0,0,0,checkpoints/sweep_oc_phase1a_decision_clean_t2_wpfrag_phnode_full/main_phnode_full_seed45/rollout_benchmark/phase1a_iideval_traj30_seed42_20260523_234915/degraded_eval/summary.json
phnode_full,clean,46,degraded_eval,iid_noisy_ic,1.7155414031292815,5.562751685539975,0.02464292012155056,1.1369117601134349e-05,15.386598587036133,10.758307933807373,1.0,90,90,0.004047092321949701,0,0,0,0,checkpoints/sweep_oc_phase1a_decision_clean_t2_wpfrag_phnode_full/main_phnode_full_seed46/rollout_benchmark/phase1a_iideval_traj30_seed42_20260524_000456/degraded_eval/summary.json
phnode_full,clean,42,heading_biased_eval,iid_noisy_ic,3.0539966409423025,4.730650771863084,0.03766324184834957,1.2121426152589265e-05,18.291882514953613,12.857759475708008,0.9777777777777777,90,88,0.00402144982945174,0,0,0,0,checkpoints/sweep_oc_phase1a_decision_clean_t2_wpfrag_phnode_full/main_phnode_full_seed42/rollout_benchmark/phase1a_iideval_traj30_seed42_20260523_230208/heading_biased_eval/summary.json
phnode_full,clean,43,heading_biased_eval,iid_noisy_ic,3.064563718285938,5.070462389263474,0.039583493024110794,1.1688758604577743e-05,17.465085983276367,12.436851501464844,0.9888888888888889,90,89,0.004154752707108855,0,0,0,0,checkpoints/sweep_oc_phase1a_decision_clean_t2_wpfrag_phnode_full/main_phnode_full_seed43/rollout_benchmark/phase1a_iideval_traj30_seed42_20260523_231806/heading_biased_eval/summary.json
phnode_full,clean,44,heading_biased_eval,iid_noisy_ic,3.224110220132741,5.930649615273454,0.04641005024313927,1.1787331459345296e-05,17.827579498291016,13.359357357025146,0.9777777777777777,90,88,0.004206545612153907,0,0,0,0,checkpoints/sweep_oc_phase1a_decision_clean_t2_wpfrag_phnode_full/main_phnode_full_seed44/rollout_benchmark/phase1a_iideval_traj30_seed42_20260523_233343/heading_biased_eval/summary.json
phnode_full,clean,45,heading_biased_eval,iid_noisy_ic,3.166349311535616,4.881493007066634,0.03907108120620251,1.2671463991864584e-05,20.26160430908203,14.407838821411133,1.0,90,90,0.004024867666885257,0,0,0,0,checkpoints/sweep_oc_phase1a_decision_clean_t2_wpfrag_phnode_full/main_phnode_full_seed45/rollout_benchmark/phase1a_iideval_traj30_seed42_20260523_234915/heading_biased_eval/summary.json
phnode_full,clean,46,heading_biased_eval,iid_noisy_ic,3.1194414225140408,4.834002163516774,0.037523625418543816,1.3114805369696114e-05,15.394233703613281,10.808748722076416,1.0,90,90,0.004047092321949701,0,0,0,0,checkpoints/sweep_oc_phase1a_decision_clean_t2_wpfrag_phnode_full/main_phnode_full_seed46/rollout_benchmark/phase1a_iideval_traj30_seed42_20260524_000456/heading_biased_eval/summary.json
phnode_full,clean,42,nominal_eval,iid_noisy_ic,0.8095315468979251,2.6314913134982176,0.015104236546903849,1.319443435932044e-05,18.289764404296875,12.870219230651855,0.9777777777777777,90,88,0.00402144982945174,0,0,0,0,checkpoints/sweep_oc_phase1a_decision_clean_t2_wpfrag_phnode_full/main_phnode_full_seed42/rollout_benchmark/phase1a_iideval_traj30_seed42_20260523_230208/nominal_eval/summary.json
phnode_full,clean,43,nominal_eval,iid_noisy_ic,0.9144912087255465,2.750590580847733,0.02131206914782524,1.2346781659289263e-05,17.363837242126465,12.583268642425537,1.0,90,90,0.004154752707108855,0,0,0,0,checkpoints/sweep_oc_phase1a_decision_clean_t2_wpfrag_phnode_full/main_phnode_full_seed43/rollout_benchmark/phase1a_iideval_traj30_seed42_20260523_231806/nominal_eval/summary.json
phnode_full,clean,44,nominal_eval,iid_noisy_ic,1.4469495287807275,3.7587605208438877,0.025154895149171352,1.2994351891393308e-05,17.823413848876953,13.359551429748535,0.9777777777777777,90,88,0.004206545612153907,0,0,0,0,checkpoints/sweep_oc_phase1a_decision_clean_t2_wpfrag_phnode_full/main_phnode_full_seed44/rollout_benchmark/phase1a_iideval_traj30_seed42_20260523_233343/nominal_eval/summary.json
phnode_full,clean,45,nominal_eval,iid_noisy_ic,0.810940685539796,2.6622334134091217,0.012895706109702587,1.2216899449413177e-05,20.25619888305664,14.414817333221436,1.0,90,90,0.004024867666885257,0,0,0,0,checkpoints/sweep_oc_phase1a_decision_clean_t2_wpfrag_phnode_full/main_phnode_full_seed45/rollout_benchmark/phase1a_iideval_traj30_seed42_20260523_234915/nominal_eval/summary.json
phnode_full,clean,46,nominal_eval,iid_noisy_ic,0.8202649215357587,2.516751540832105,0.015351894311606884,1.3394773304753471e-05,15.38825511932373,10.806103229522705,1.0,90,90,0.004047092321949701,0,0,0,0,checkpoints/sweep_oc_phase1a_decision_clean_t2_wpfrag_phnode_full/main_phnode_full_seed46/rollout_benchmark/phase1a_iideval_traj30_seed42_20260524_000456/nominal_eval/summary.json
phnode_full,clean,42,nominal_eval,v4_lite,0.8683948773505369,1.9885233261604762,0.0139694195240736,1.3648083950101864e-05,18.301372528076172,12.858738899230957,0.9777777777777777,90,88,0.00402144982945174,0,0,0,0,checkpoints/sweep_oc_phase1a_decision_clean_t2_wpfrag_phnode_full/main_phnode_full_seed42/rollout_benchmark/phase1a_v4eval_traj30_seed42_20260524_025754/summary.json
phnode_full,clean,43,nominal_eval,v4_lite,0.6887820040026763,1.9741259144495125,0.01684778556227684,1.2161169252067339e-05,17.342341423034668,12.395540237426758,1.0,90,90,0.004154752707108855,0,0,0,0,checkpoints/sweep_oc_phase1a_decision_clean_t2_wpfrag_phnode_full/main_phnode_full_seed43/rollout_benchmark/phase1a_v4eval_traj30_seed42_20260524_025919/summary.json
phnode_full,clean,44,nominal_eval,v4_lite,1.328382062917325,3.087022020330001,0.02178237121552229,1.2069004696968477e-05,17.834044456481934,13.229970932006836,0.9777777777777777,90,88,0.004206545612153907,0,0,0,0,checkpoints/sweep_oc_phase1a_decision_clean_t2_wpfrag_phnode_full/main_phnode_full_seed44/rollout_benchmark/phase1a_v4eval_traj30_seed42_20260524_030045/summary.json
phnode_full,clean,45,nominal_eval,v4_lite,0.6720743664938555,1.8532625537177732,0.011203502770513296,1.2713861906377133e-05,20.253583908081055,14.358175277709961,1.0,90,90,0.004024867666885257,0,0,0,0,checkpoints/sweep_oc_phase1a_decision_clean_t2_wpfrag_phnode_full/main_phnode_full_seed45/rollout_benchmark/phase1a_v4eval_traj30_seed42_20260524_030211/summary.json
phnode_full,clean,46,nominal_eval,v4_lite,0.6617975660226054,1.8690260312499283,0.012853825930505991,1.300478197663324e-05,15.396056652069092,10.800943851470947,1.0,90,90,0.004047092321949701,0,0,0,0,checkpoints/sweep_oc_phase1a_decision_clean_t2_wpfrag_phnode_full/main_phnode_full_seed46/rollout_benchmark/phase1a_v4eval_traj30_seed42_20260524_030337/summary.json
phnode_full,iid,42,clean,clean,1.0811275732865513,2.987460435424699,0.02316173166036606,1.0974470569635741e-05,15.529722213745117,11.387516021728516,0.9888888888888889,90,89,0.006216490253185232,0,0,0,0,checkpoints/sweep_oc_phase1a_decision_iid_t2_wpfrag_phnode_full/main_phnode_full_seed42/rollout_benchmark/phase1a_iideval_traj30_seed42_20260524_002037/clean/summary.json
phnode_full,iid,43,clean,clean,0.6398056883820573,2.4075256651186328,0.013610804919153452,1.4336214007926174e-05,18.899739265441895,13.623423099517822,0.9777777777777777,90,88,0.006302274220312635,0,0,0,0,checkpoints/sweep_oc_phase1a_decision_iid_t2_wpfrag_phnode_full/main_phnode_full_seed43/rollout_benchmark/phase1a_iideval_traj30_seed42_20260524_003617/clean/summary.json
phnode_full,iid,44,clean,clean,1.0707737840064018,2.882206405642249,0.02857689931988716,1.1751987585739698e-05,15.018592834472656,11.023122787475586,0.9888888888888889,90,89,0.006580979408075412,0,0,0,0,checkpoints/sweep_oc_phase1a_decision_iid_t2_wpfrag_phnode_full/main_phnode_full_seed44/rollout_benchmark/phase1a_iideval_traj30_seed42_20260524_005155/clean/summary.json
phnode_full,iid,45,clean,clean,0.7570583310767497,2.0638123046648005,0.019867124035954475,1.1972630090895109e-05,18.268817901611328,13.103422164916992,0.9777777777777777,90,88,0.006221066772316893,0,0,0,0,checkpoints/sweep_oc_phase1a_decision_iid_t2_wpfrag_phnode_full/main_phnode_full_seed45/rollout_benchmark/phase1a_iideval_traj30_seed42_20260524_010744/clean/summary.json
phnode_full,iid,46,clean,clean,0.9081529104533317,2.4123577899913022,0.020959419198334217,1.1897252989001572e-05,14.607501029968262,10.542159080505371,0.9777777777777777,90,88,0.006382205989211798,0,0,0,0,checkpoints/sweep_oc_phase1a_decision_iid_t2_wpfrag_phnode_full/main_phnode_full_seed46/rollout_benchmark/phase1a_iideval_traj30_seed42_20260524_012328/clean/summary.json
phnode_full,iid,42,degraded_eval,iid_noisy_ic,1.5464476627744963,6.500963626491932,0.026218317449092865,1.2805863661924377e-05,15.529095649719238,11.636505126953125,0.9888888888888889,90,89,0.006216490253185232,0,0,0,0,checkpoints/sweep_oc_phase1a_decision_iid_t2_wpfrag_phnode_full/main_phnode_full_seed42/rollout_benchmark/phase1a_iideval_traj30_seed42_20260524_002037/degraded_eval/summary.json
phnode_full,iid,43,degraded_eval,iid_noisy_ic,1.8419666042733165,5.7251460674443475,0.022986028343439102,1.2051098565279972e-05,18.899396896362305,13.925686836242676,0.9777777777777777,90,88,0.006302274220312635,0,0,0,0,checkpoints/sweep_oc_phase1a_decision_iid_t2_wpfrag_phnode_full/main_phnode_full_seed43/rollout_benchmark/phase1a_iideval_traj30_seed42_20260524_003617/degraded_eval/summary.json
phnode_full,iid,44,degraded_eval,iid_noisy_ic,1.7909879725043258,5.319884864645208,0.03774230554699898,1.1344087397446856e-05,15.016624450683594,11.033035278320312,0.9888888888888889,90,89,0.006580979408075412,0,0,0,0,checkpoints/sweep_oc_phase1a_decision_iid_t2_wpfrag_phnode_full/main_phnode_full_seed44/rollout_benchmark/phase1a_iideval_traj30_seed42_20260524_005155/degraded_eval/summary.json
phnode_full,iid,45,degraded_eval,iid_noisy_ic,1.9009570536155287,5.330666636825493,0.028549599461257458,1.1960178198933136e-05,18.259897232055664,13.107794284820557,0.9777777777777777,90,88,0.006221066772316893,0,0,0,0,checkpoints/sweep_oc_phase1a_decision_iid_t2_wpfrag_phnode_full/main_phnode_full_seed45/rollout_benchmark/phase1a_iideval_traj30_seed42_20260524_010744/degraded_eval/summary.json
phnode_full,iid,46,degraded_eval,iid_noisy_ic,2.034268291405408,4.88925945151878,0.0286995992064476,1.230585894518299e-05,14.60011625289917,10.547324657440186,0.9777777777777777,90,88,0.006382205989211798,0,0,0,0,checkpoints/sweep_oc_phase1a_decision_iid_t2_wpfrag_phnode_full/main_phnode_full_seed46/rollout_benchmark/phase1a_iideval_traj30_seed42_20260524_012328/degraded_eval/summary.json
phnode_full,iid,42,heading_biased_eval,iid_noisy_ic,3.1512337095566325,5.874308505323634,0.04169606417417526,1.1580494174268097e-05,15.528972625732422,11.496198654174805,0.9888888888888889,90,89,0.006216490253185232,0,0,0,0,checkpoints/sweep_oc_phase1a_decision_iid_t2_wpfrag_phnode_full/main_phnode_full_seed42/rollout_benchmark/phase1a_iideval_traj30_seed42_20260524_002037/heading_biased_eval/summary.json
phnode_full,iid,43,heading_biased_eval,iid_noisy_ic,3.1412862625736393,5.617894513809249,0.03920901194214821,1.3036094060225878e-05,18.899693489074707,13.759899139404297,0.9777777777777777,90,88,0.006302274220312635,0,0,0,0,checkpoints/sweep_oc_phase1a_decision_iid_t2_wpfrag_phnode_full/main_phnode_full_seed43/rollout_benchmark/phase1a_iideval_traj30_seed42_20260524_003617/heading_biased_eval/summary.json
phnode_full,iid,44,heading_biased_eval,iid_noisy_ic,2.7450132378145415,5.721212266811464,0.04360836371779442,1.2717768186121248e-05,15.02114486694336,10.973348617553711,0.9888888888888889,90,89,0.006580979408075412,0,0,0,0,checkpoints/sweep_oc_phase1a_decision_iid_t2_wpfrag_phnode_full/main_phnode_full_seed44/rollout_benchmark/phase1a_iideval_traj30_seed42_20260524_005155/heading_biased_eval/summary.json
phnode_full,iid,45,heading_biased_eval,iid_noisy_ic,2.6989500634206234,5.245994053027976,0.03430051542818546,1.33011672005523e-05,18.267732620239258,13.093309879302979,0.9777777777777777,90,88,0.006221066772316893,0,0,0,0,checkpoints/sweep_oc_phase1a_decision_iid_t2_wpfrag_phnode_full/main_phnode_full_seed45/rollout_benchmark/phase1a_iideval_traj30_seed42_20260524_010744/heading_biased_eval/summary.json
phnode_full,iid,46,heading_biased_eval,iid_noisy_ic,2.9760083833515623,5.494990778512801,0.04327508434653282,1.231508213095367e-05,14.602688312530518,10.534477710723877,0.9777777777777777,90,88,0.006382205989211798,0,0,0,0,checkpoints/sweep_oc_phase1a_decision_iid_t2_wpfrag_phnode_full/main_phnode_full_seed46/rollout_benchmark/phase1a_iideval_traj30_seed42_20260524_012328/heading_biased_eval/summary.json
phnode_full,iid,42,nominal_eval,iid_noisy_ic,1.0081061687254258,4.294694727660191,0.023336082696914673,1.2343073649390135e-05,15.52945613861084,11.498479843139648,0.9888888888888889,90,89,0.006216490253185232,0,0,0,0,checkpoints/sweep_oc_phase1a_decision_iid_t2_wpfrag_phnode_full/main_phnode_full_seed42/rollout_benchmark/phase1a_iideval_traj30_seed42_20260524_002037/nominal_eval/summary.json
phnode_full,iid,43,nominal_eval,iid_noisy_ic,0.9545482936053691,3.2739549448780187,0.013622387312352657,1.3844127352058422e-05,18.899590492248535,13.770829200744629,0.9777777777777777,90,88,0.006302274220312635,0,0,0,0,checkpoints/sweep_oc_phase1a_decision_iid_t2_wpfrag_phnode_full/main_phnode_full_seed43/rollout_benchmark/phase1a_iideval_traj30_seed42_20260524_003617/nominal_eval/summary.json
phnode_full,iid,44,nominal_eval,iid_noisy_ic,1.1829727082128665,3.34774891584992,0.02938731387257576,1.1286040717095602e-05,15.01780891418457,10.976177215576172,0.9888888888888889,90,89,0.006580979408075412,0,0,0,0,checkpoints/sweep_oc_phase1a_decision_iid_t2_wpfrag_phnode_full/main_phnode_full_seed44/rollout_benchmark/phase1a_iideval_traj30_seed42_20260524_005155/nominal_eval/summary.json
phnode_full,iid,45,nominal_eval,iid_noisy_ic,1.0639456571799353,2.5984310837227746,0.020028745755553246,1.4561848729499616e-05,18.26454448699951,13.104536056518555,0.9777777777777777,90,88,0.006221066772316893,0,0,0,0,checkpoints/sweep_oc_phase1a_decision_iid_t2_wpfrag_phnode_full/main_phnode_full_seed45/rollout_benchmark/phase1a_iideval_traj30_seed42_20260524_010744/nominal_eval/summary.json
phnode_full,iid,46,nominal_eval,iid_noisy_ic,1.257182036002637,2.804501633177023,0.020906946621835232,1.2681129192060325e-05,14.603853225708008,10.543756008148193,0.9777777777777777,90,88,0.006382205989211798,0,0,0,0,checkpoints/sweep_oc_phase1a_decision_iid_t2_wpfrag_phnode_full/main_phnode_full_seed46/rollout_benchmark/phase1a_iideval_traj30_seed42_20260524_012328/nominal_eval/summary.json
phnode_full,iid,42,nominal_eval,v4_lite,1.3470726263784583,3.5008172190960614,0.025494396686553955,1.5572890333714895e-05,15.534235954284668,11.415127754211426,0.9888888888888889,90,89,0.006216490253185232,0,0,0,0,checkpoints/sweep_oc_phase1a_decision_iid_t2_wpfrag_phnode_full/main_phnode_full_seed42/rollout_benchmark/phase1a_v4eval_traj30_seed42_20260524_030503/summary.json
phnode_full,iid,43,nominal_eval,v4_lite,0.9797103906690777,2.7631918826365682,0.014582986943423748,1.2182756108813919e-05,18.902628898620605,13.645980834960938,0.9777777777777777,90,88,0.006302274220312635,0,0,0,0,checkpoints/sweep_oc_phase1a_decision_iid_t2_wpfrag_phnode_full/main_phnode_full_seed43/rollout_benchmark/phase1a_v4eval_traj30_seed42_20260524_030629/summary.json
phnode_full,iid,44,nominal_eval,v4_lite,1.065554344482335,3.208267055381655,0.02163960225880146,1.1860527592943981e-05,15.01867389678955,11.044633865356445,0.9888888888888889,90,89,0.006580979408075412,0,0,0,0,checkpoints/sweep_oc_phase1a_decision_iid_t2_wpfrag_phnode_full/main_phnode_full_seed44/rollout_benchmark/phase1a_v4eval_traj30_seed42_20260524_030755/summary.json
phnode_full,iid,45,nominal_eval,v4_lite,0.8193759799814117,2.2672509105127805,0.017940839752554893,1.1952920431212988e-05,18.19639778137207,13.264854431152344,0.9888888888888889,90,89,0.006221066772316893,0,0,0,0,checkpoints/sweep_oc_phase1a_decision_iid_t2_wpfrag_phnode_full/main_phnode_full_seed45/rollout_benchmark/phase1a_v4eval_traj30_seed42_20260524_030921/summary.json
phnode_full,iid,46,nominal_eval,v4_lite,0.9468827370487303,2.962395132718315,0.01800027024000883,1.2505477570812218e-05,14.611066818237305,10.51405382156372,0.9777777777777777,90,88,0.006382205989211798,0,0,0,0,checkpoints/sweep_oc_phase1a_decision_iid_t2_wpfrag_phnode_full/main_phnode_full_seed46/rollout_benchmark/phase1a_v4eval_traj30_seed42_20260524_031047/summary.json
phnode_full,v4lite,42,clean,clean,0.8656330918052488,2.359284878060912,0.02118009328842163,1.2833931577915791e-05,14.04217004776001,10.089794158935547,0.9777777777777777,90,88,0.006297016981989145,0,0,0,0,checkpoints/sweep_oc_phase1a_decision_v4lite_t2_wpfrag_phnode_full/main_phnode_full_seed42/rollout_benchmark/phase1a_iideval_traj30_seed42_20260524_013912/clean/summary.json
phnode_full,v4lite,43,clean,clean,0.8202368015971612,1.856371738804935,0.01732553541660309,1.3308468624018133e-05,17.355878829956055,12.423558235168457,0.9777777777777777,90,88,0.006239492368573944,0,0,0,0,checkpoints/sweep_oc_phase1a_decision_v4lite_t2_wpfrag_phnode_full/main_phnode_full_seed43/rollout_benchmark/phase1a_iideval_traj30_seed42_20260524_015451/clean/summary.json
phnode_full,v4lite,44,clean,clean,0.8575823396089693,2.9036047572281647,0.016594570130109787,1.295157017011661e-05,20.452587127685547,14.175460815429688,0.9888888888888889,90,89,0.006269547156989574,0,0,0,0,checkpoints/sweep_oc_phase1a_decision_v4lite_t2_wpfrag_phnode_full/main_phnode_full_seed44/rollout_benchmark/phase1a_iideval_traj30_seed42_20260524_021036/clean/summary.json
phnode_full,v4lite,45,clean,clean,1.0935818277783445,2.668227443046858,0.02968145813792944,1.371503276459407e-05,20.629813194274902,14.936899185180664,0.9777777777777777,90,88,0.00642741556900243,0,0,0,0,checkpoints/sweep_oc_phase1a_decision_v4lite_t2_wpfrag_phnode_full/main_phnode_full_seed45/rollout_benchmark/phase1a_iideval_traj30_seed42_20260524_022624/clean/summary.json
phnode_full,v4lite,46,clean,clean,1.146034551910825,2.277519741248715,0.027707403525710106,1.4891312275722157e-05,14.805384159088135,10.721648693084717,0.9777777777777777,90,88,0.006341102998703718,0,0,0,0,checkpoints/sweep_oc_phase1a_decision_v4lite_t2_wpfrag_phnode_full/main_phnode_full_seed46/rollout_benchmark/phase1a_iideval_traj30_seed42_20260524_024211/clean/summary.json
phnode_full,v4lite,42,degraded_eval,iid_noisy_ic,1.7349590073552117,6.28560171767466,0.026989126577973366,1.148304818343604e-05,14.037557601928711,10.244891166687012,0.9888888888888889,90,89,0.006297016981989145,0,0,0,0,checkpoints/sweep_oc_phase1a_decision_v4lite_t2_wpfrag_phnode_full/main_phnode_full_seed42/rollout_benchmark/phase1a_iideval_traj30_seed42_20260524_013912/degraded_eval/summary.json
phnode_full,v4lite,43,degraded_eval,iid_noisy_ic,1.7519935648010818,5.09703786863886,0.025319542735815048,1.2824607438233215e-05,17.350356101989746,12.61200475692749,0.9777777777777777,90,88,0.006239492368573944,0,0,0,0,checkpoints/sweep_oc_phase1a_decision_v4lite_t2_wpfrag_phnode_full/main_phnode_full_seed43/rollout_benchmark/phase1a_iideval_traj30_seed42_20260524_015451/degraded_eval/summary.json
phnode_full,v4lite,44,degraded_eval,iid_noisy_ic,1.525106448317203,6.66763232952433,0.024341311305761337,1.2395407793519553e-05,20.437171936035156,14.282554626464844,0.9888888888888889,90,89,0.006269547156989574,0,0,0,0,checkpoints/sweep_oc_phase1a_decision_v4lite_t2_wpfrag_phnode_full/main_phnode_full_seed44/rollout_benchmark/phase1a_iideval_traj30_seed42_20260524_021036/degraded_eval/summary.json
phnode_full,v4lite,45,degraded_eval,iid_noisy_ic,1.8948811529292344,5.8113567414553335,0.034751562401652336,1.4800015378568787e-05,20.62868309020996,14.97260856628418,0.9777777777777777,90,88,0.00642741556900243,0,0,0,0,checkpoints/sweep_oc_phase1a_decision_v4lite_t2_wpfrag_phnode_full/main_phnode_full_seed45/rollout_benchmark/phase1a_iideval_traj30_seed42_20260524_022624/degraded_eval/summary.json
phnode_full,v4lite,46,degraded_eval,iid_noisy_ic,1.6024479238245783,6.386960183550407,0.02961135469377041,1.1647406608972233e-05,14.805355072021484,10.834723949432373,0.9777777777777777,90,88,0.006341102998703718,0,0,0,0,checkpoints/sweep_oc_phase1a_decision_v4lite_t2_wpfrag_phnode_full/main_phnode_full_seed46/rollout_benchmark/phase1a_iideval_traj30_seed42_20260524_024211/degraded_eval/summary.json
phnode_full,v4lite,42,heading_biased_eval,iid_noisy_ic,3.187916228574649,5.528073985069567,0.03873700648546219,1.1135337445011828e-05,14.044938087463379,10.157270431518555,0.9888888888888889,90,89,0.006297016981989145,0,0,0,0,checkpoints/sweep_oc_phase1a_decision_v4lite_t2_wpfrag_phnode_full/main_phnode_full_seed42/rollout_benchmark/phase1a_iideval_traj30_seed42_20260524_013912/heading_biased_eval/summary.json
phnode_full,v4lite,43,heading_biased_eval,iid_noisy_ic,3.017185525161776,5.406061523984673,0.0349440835416317,1.2479823453759309e-05,17.35484027862549,12.524615287780762,0.9777777777777777,90,88,0.006239492368573944,0,0,0,0,checkpoints/sweep_oc_phase1a_decision_v4lite_t2_wpfrag_phnode_full/main_phnode_full_seed43/rollout_benchmark/phase1a_iideval_traj30_seed42_20260524_015451/heading_biased_eval/summary.json
phnode_full,v4lite,44,heading_biased_eval,iid_noisy_ic,3.1599624069102092,5.438863993607079,0.0417303666472435,1.4506777915812563e-05,20.44611358642578,14.203018188476562,0.9888888888888889,90,89,0.006269547156989574,0,0,0,0,checkpoints/sweep_oc_phase1a_decision_v4lite_t2_wpfrag_phnode_full/main_phnode_full_seed44/rollout_benchmark/phase1a_iideval_traj30_seed42_20260524_021036/heading_biased_eval/summary.json
phnode_full,v4lite,45,heading_biased_eval,iid_noisy_ic,3.1584391272937675,5.9536366869679895,0.04570137709379196,1.2388926734274719e-05,20.633721351623535,14.939168453216553,0.9777777777777777,90,88,0.00642741556900243,0,0,0,0,checkpoints/sweep_oc_phase1a_decision_v4lite_t2_wpfrag_phnode_full/main_phnode_full_seed45/rollout_benchmark/phase1a_iideval_traj30_seed42_20260524_022624/heading_biased_eval/summary.json
phnode_full,v4lite,46,heading_biased_eval,iid_noisy_ic,3.2632790058230983,5.487262431242408,0.04194255545735359,1.2095470083295368e-05,14.806053638458252,10.780794143676758,0.9777777777777777,90,88,0.006341102998703718,0,0,0,0,checkpoints/sweep_oc_phase1a_decision_v4lite_t2_wpfrag_phnode_full/main_phnode_full_seed46/rollout_benchmark/phase1a_iideval_traj30_seed42_20260524_024211/heading_biased_eval/summary.json
phnode_full,v4lite,42,nominal_eval,iid_noisy_ic,1.0064269552505805,3.3525922571230917,0.02061254344880581,1.2401410458551254e-05,14.045616149902344,10.159307479858398,0.9888888888888889,90,89,0.006297016981989145,0,0,0,0,checkpoints/sweep_oc_phase1a_decision_v4lite_t2_wpfrag_phnode_full/main_phnode_full_seed42/rollout_benchmark/phase1a_iideval_traj30_seed42_20260524_013912/nominal_eval/summary.json
phnode_full,v4lite,43,nominal_eval,iid_noisy_ic,0.986760601437378,2.6972832614036806,0.020501941442489624,1.3251727978058625e-05,17.353025436401367,12.524893283843994,0.9777777777777777,90,88,0.006239492368573944,0,0,0,0,checkpoints/sweep_oc_phase1a_decision_v4lite_t2_wpfrag_phnode_full/main_phnode_full_seed43/rollout_benchmark/phase1a_iideval_traj30_seed42_20260524_015451/nominal_eval/summary.json
phnode_full,v4lite,44,nominal_eval,iid_noisy_ic,1.0800006510010618,3.717789871644408,0.018905028700828552,1.2685734873230103e-05,20.444753646850586,14.211152076721191,0.9888888888888889,90,89,0.006269547156989574,0,0,0,0,checkpoints/sweep_oc_phase1a_decision_v4lite_t2_wpfrag_phnode_full/main_phnode_full_seed44/rollout_benchmark/phase1a_iideval_traj30_seed42_20260524_021036/nominal_eval/summary.json
phnode_full,v4lite,45,nominal_eval,iid_noisy_ic,1.394838645955349,3.343618793345504,0.0333859808743,1.1959890798607375e-05,20.628912925720215,14.93976879119873,0.9777777777777777,90,88,0.00642741556900243,0,0,0,0,checkpoints/sweep_oc_phase1a_decision_v4lite_t2_wpfrag_phnode_full/main_phnode_full_seed45/rollout_benchmark/phase1a_iideval_traj30_seed42_20260524_022624/nominal_eval/summary.json
phnode_full,v4lite,46,nominal_eval,iid_noisy_ic,1.0899295537050566,3.587486518687333,0.028340302407741547,1.1521553460625e-05,14.805391311645508,10.788040161132812,0.9777777777777777,90,88,0.006341102998703718,0,0,0,0,checkpoints/sweep_oc_phase1a_decision_v4lite_t2_wpfrag_phnode_full/main_phnode_full_seed46/rollout_benchmark/phase1a_iideval_traj30_seed42_20260524_024211/nominal_eval/summary.json
phnode_full,v4lite,42,nominal_eval,v4_lite,1.020522791219422,2.9772894164189427,0.021595481783151627,1.1387853191990871e-05,14.052413940429688,10.120737075805664,0.9888888888888889,90,89,0.006297016981989145,0,0,0,0,checkpoints/sweep_oc_phase1a_decision_v4lite_t2_wpfrag_phnode_full/main_phnode_full_seed42/rollout_benchmark/phase1a_v4eval_traj30_seed42_20260524_031213/summary.json
phnode_full,v4lite,43,nominal_eval,v4_lite,0.9435833344916099,2.323505183356373,0.017123620957136154,1.1809958778030705e-05,17.35944366455078,12.459802150726318,0.9777777777777777,90,88,0.006239492368573944,0,0,0,0,checkpoints/sweep_oc_phase1a_decision_v4lite_t2_wpfrag_phnode_full/main_phnode_full_seed43/rollout_benchmark/phase1a_v4eval_traj30_seed42_20260524_031340/summary.json
phnode_full,v4lite,44,nominal_eval,v4_lite,1.087775969358807,3.4629548939780412,0.015889951959252357,1.5340274330810644e-05,20.46072006225586,14.102928161621094,0.9888888888888889,90,89,0.006269547156989574,0,0,0,0,checkpoints/sweep_oc_phase1a_decision_v4lite_t2_wpfrag_phnode_full/main_phnode_full_seed44/rollout_benchmark/phase1a_v4eval_traj30_seed42_20260524_031505/summary.json
phnode_full,v4lite,45,nominal_eval,v4_lite,1.2333481393702663,2.8956661872519156,0.028879059478640556,1.2330758181633428e-05,20.63008403778076,14.989587783813477,0.9777777777777777,90,88,0.00642741556900243,0,0,0,0,checkpoints/sweep_oc_phase1a_decision_v4lite_t2_wpfrag_phnode_full/main_phnode_full_seed45/rollout_benchmark/phase1a_v4eval_traj30_seed42_20260524_031631/summary.json
phnode_full,v4lite,46,nominal_eval,v4_lite,1.2889643797369685,2.939560281717998,0.027697483077645302,1.3894474250264466e-05,14.808655261993408,10.681660175323486,0.9777777777777777,90,88,0.006341102998703718,0,0,0,0,checkpoints/sweep_oc_phase1a_decision_v4lite_t2_wpfrag_phnode_full/main_phnode_full_seed46/rollout_benchmark/phase1a_v4eval_traj30_seed42_20260524_031756/summary.json
phnode_qforce,clean,42,clean,clean,4.184732794799684,13.732463695272386,0.09795750677585602,0.00024344594567082822,nan,nan,0.9888888888888889,90,89,0.021573775447905064,0,0,0,0,checkpoints/sweep_oc_phase1a_decision_clean_t2_wpfrag_phnode_qforce/baseline_phnode_qforce_seed42/rollout_benchmark/phase1a_iideval_traj30_seed42_20260524_002222/clean/summary.json
phnode_qforce,clean,43,clean,clean,2.009403853116393,5.128283726970552,0.054692137986421585,0.00021281387307681143,nan,nan,0.9888888888888889,90,89,0.028440028118590515,0,0,0,0,checkpoints/sweep_oc_phase1a_decision_clean_t2_wpfrag_phnode_qforce/baseline_phnode_qforce_seed43/rollout_benchmark/phase1a_iideval_traj30_seed42_20260524_003711/clean/summary.json
phnode_qforce,clean,44,clean,clean,4.48976428157839,13.006494383414818,0.0826166644692421,0.0002443054399918765,nan,nan,0.9888888888888889,90,89,0.01868991848702232,0,0,0,0,checkpoints/sweep_oc_phase1a_decision_clean_t2_wpfrag_phnode_qforce/baseline_phnode_qforce_seed44/rollout_benchmark/phase1a_iideval_traj30_seed42_20260524_005150/clean/summary.json
phnode_qforce,clean,45,clean,clean,4.365161950743427,13.282114817641274,0.07143456488847733,0.0003397490654606372,nan,nan,0.9888888888888889,90,89,0.01994650283207496,0,0,0,0,checkpoints/sweep_oc_phase1a_decision_clean_t2_wpfrag_phnode_qforce/baseline_phnode_qforce_seed45/rollout_benchmark/phase1a_iideval_traj30_seed42_20260524_010630/clean/summary.json
phnode_qforce,clean,46,clean,clean,3.7328714022023033,11.090933603594577,0.06006166711449623,0.00024058368580881506,nan,nan,0.9888888888888889,90,89,0.019188200123608112,0,0,0,0,checkpoints/sweep_oc_phase1a_decision_clean_t2_wpfrag_phnode_qforce/baseline_phnode_qforce_seed46/rollout_benchmark/phase1a_iideval_traj30_seed42_20260524_012116/clean/summary.json
phnode_qforce,clean,42,degraded_eval,iid_noisy_ic,4.094603530028209,12.523964278399363,0.09955469518899918,0.00029857843765057623,nan,nan,0.9888888888888889,90,89,0.021573775447905064,0,0,0,0,checkpoints/sweep_oc_phase1a_decision_clean_t2_wpfrag_phnode_qforce/baseline_phnode_qforce_seed42/rollout_benchmark/phase1a_iideval_traj30_seed42_20260524_002222/degraded_eval/summary.json
phnode_qforce,clean,43,degraded_eval,iid_noisy_ic,2.2881278248366854,7.603529839533191,0.057280536741018295,0.0002975619863718748,nan,nan,0.9888888888888889,90,89,0.028440028118590515,0,0,0,0,checkpoints/sweep_oc_phase1a_decision_clean_t2_wpfrag_phnode_qforce/baseline_phnode_qforce_seed43/rollout_benchmark/phase1a_iideval_traj30_seed42_20260524_003711/degraded_eval/summary.json
phnode_qforce,clean,44,degraded_eval,iid_noisy_ic,4.918356835562085,11.798743703835077,0.08955732733011246,0.0003013735404238105,nan,nan,0.9888888888888889,90,89,0.01868991848702232,0,0,0,0,checkpoints/sweep_oc_phase1a_decision_clean_t2_wpfrag_phnode_qforce/baseline_phnode_qforce_seed44/rollout_benchmark/phase1a_iideval_traj30_seed42_20260524_005150/degraded_eval/summary.json
phnode_qforce,clean,45,degraded_eval,iid_noisy_ic,4.2619885718496,11.688042201037344,0.07678468525409698,0.0004101093509234488,nan,nan,0.9888888888888889,90,89,0.01994650283207496,0,0,0,0,checkpoints/sweep_oc_phase1a_decision_clean_t2_wpfrag_phnode_qforce/baseline_phnode_qforce_seed45/rollout_benchmark/phase1a_iideval_traj30_seed42_20260524_010630/degraded_eval/summary.json
phnode_qforce,clean,46,degraded_eval,iid_noisy_ic,4.446817458141042,11.262206166452282,0.057592034339904785,0.00030366500141099095,nan,nan,0.9888888888888889,90,89,0.019188200123608112,0,0,0,0,checkpoints/sweep_oc_phase1a_decision_clean_t2_wpfrag_phnode_qforce/baseline_phnode_qforce_seed46/rollout_benchmark/phase1a_iideval_traj30_seed42_20260524_012116/degraded_eval/summary.json
phnode_qforce,clean,42,heading_biased_eval,iid_noisy_ic,4.314471778227865,13.793779588855502,0.09705749899148941,0.00026901179808191955,nan,nan,0.9888888888888889,90,89,0.021573775447905064,0,0,0,0,checkpoints/sweep_oc_phase1a_decision_clean_t2_wpfrag_phnode_qforce/baseline_phnode_qforce_seed42/rollout_benchmark/phase1a_iideval_traj30_seed42_20260524_002222/heading_biased_eval/summary.json
phnode_qforce,clean,43,heading_biased_eval,iid_noisy_ic,3.5477760607142357,7.905992656012455,0.059587132185697556,0.00024394485808443278,nan,nan,0.9888888888888889,90,89,0.028440028118590515,0,0,0,0,checkpoints/sweep_oc_phase1a_decision_clean_t2_wpfrag_phnode_qforce/baseline_phnode_qforce_seed43/rollout_benchmark/phase1a_iideval_traj30_seed42_20260524_003711/heading_biased_eval/summary.json
phnode_qforce,clean,44,heading_biased_eval,iid_noisy_ic,5.340210873600931,11.909115567456212,0.08312073349952698,0.0002727432001847774,nan,nan,0.9888888888888889,90,89,0.01868991848702232,0,0,0,0,checkpoints/sweep_oc_phase1a_decision_clean_t2_wpfrag_phnode_qforce/baseline_phnode_qforce_seed44/rollout_benchmark/phase1a_iideval_traj30_seed42_20260524_005150/heading_biased_eval/summary.json
phnode_qforce,clean,45,heading_biased_eval,iid_noisy_ic,5.009679482032402,12.406946617141458,0.060933154076337814,0.00037396670086309314,nan,nan,0.9888888888888889,90,89,0.01994650283207496,0,0,0,0,checkpoints/sweep_oc_phase1a_decision_clean_t2_wpfrag_phnode_qforce/baseline_phnode_qforce_seed45/rollout_benchmark/phase1a_iideval_traj30_seed42_20260524_010630/heading_biased_eval/summary.json
phnode_qforce,clean,46,heading_biased_eval,iid_noisy_ic,4.919523422967097,11.9223976042682,0.07156971842050552,0.0002704712387640029,nan,nan,0.9888888888888889,90,89,0.019188200123608112,0,0,0,0,checkpoints/sweep_oc_phase1a_decision_clean_t2_wpfrag_phnode_qforce/baseline_phnode_qforce_seed46/rollout_benchmark/phase1a_iideval_traj30_seed42_20260524_012116/heading_biased_eval/summary.json
phnode_qforce,clean,42,nominal_eval,iid_noisy_ic,3.866153336167468,13.209473979155838,0.09694179147481918,0.00027118209982290864,nan,nan,0.9888888888888889,90,89,0.021573775447905064,0,0,0,0,checkpoints/sweep_oc_phase1a_decision_clean_t2_wpfrag_phnode_qforce/baseline_phnode_qforce_seed42/rollout_benchmark/phase1a_iideval_traj30_seed42_20260524_002222/nominal_eval/summary.json
phnode_qforce,clean,43,nominal_eval,iid_noisy_ic,2.1228750999460386,6.0078531785749805,0.05846560746431351,0.0002445617283228785,nan,nan,0.9888888888888889,90,89,0.028440028118590515,0,0,0,0,checkpoints/sweep_oc_phase1a_decision_clean_t2_wpfrag_phnode_qforce/baseline_phnode_qforce_seed43/rollout_benchmark/phase1a_iideval_traj30_seed42_20260524_003711/nominal_eval/summary.json
phnode_qforce,clean,44,nominal_eval,iid_noisy_ic,4.525392057729052,12.36861556392086,0.08209643512964249,0.0002727147366385907,nan,nan,0.9888888888888889,90,89,0.01868991848702232,0,0,0,0,checkpoints/sweep_oc_phase1a_decision_clean_t2_wpfrag_phnode_qforce/baseline_phnode_qforce_seed44/rollout_benchmark/phase1a_iideval_traj30_seed42_20260524_005150/nominal_eval/summary.json
phnode_qforce,clean,45,nominal_eval,iid_noisy_ic,3.865320369876488,12.407897839196412,0.07517654448747635,0.00037332111969590187,nan,nan,0.9888888888888889,90,89,0.01994650283207496,0,0,0,0,checkpoints/sweep_oc_phase1a_decision_clean_t2_wpfrag_phnode_qforce/baseline_phnode_qforce_seed45/rollout_benchmark/phase1a_iideval_traj30_seed42_20260524_010630/nominal_eval/summary.json
phnode_qforce,clean,46,nominal_eval,iid_noisy_ic,4.334423204481221,11.258197695240176,0.0590340793132782,0.00027042764122597873,nan,nan,0.9888888888888889,90,89,0.019188200123608112,0,0,0,0,checkpoints/sweep_oc_phase1a_decision_clean_t2_wpfrag_phnode_qforce/baseline_phnode_qforce_seed46/rollout_benchmark/phase1a_iideval_traj30_seed42_20260524_012116/nominal_eval/summary.json
phnode_qforce,clean,42,nominal_eval,v4_lite,4.054976676027656,13.90231046057884,0.08926495164632797,0.0002553732483647764,nan,nan,0.9888888888888889,90,89,0.021573775447905064,0,0,0,0,checkpoints/sweep_oc_phase1a_decision_clean_t2_wpfrag_phnode_qforce/baseline_phnode_qforce_seed42/rollout_benchmark/phase1a_v4eval_traj30_seed42_20260524_040327/summary.json
phnode_qforce,clean,43,nominal_eval,v4_lite,2.0898651682836014,5.280375468519135,0.055178459733724594,0.00024002364079933614,nan,nan,0.9888888888888889,90,89,0.028440028118590515,0,0,0,0,checkpoints/sweep_oc_phase1a_decision_clean_t2_wpfrag_phnode_qforce/baseline_phnode_qforce_seed43/rollout_benchmark/phase1a_v4eval_traj30_seed42_20260524_040441/summary.json
phnode_qforce,clean,44,nominal_eval,v4_lite,4.729410963763905,12.92357261502147,0.0798802301287651,0.0002565154863987118,nan,nan,0.9888888888888889,90,89,0.01868991848702232,0,0,0,0,checkpoints/sweep_oc_phase1a_decision_clean_t2_wpfrag_phnode_qforce/baseline_phnode_qforce_seed44/rollout_benchmark/phase1a_v4eval_traj30_seed42_20260524_040554/summary.json
phnode_qforce,clean,45,nominal_eval,v4_lite,4.055337398603417,13.626549744271847,0.06839362531900406,0.00035500069498084486,nan,nan,0.9888888888888889,90,89,0.01994650283207496,0,0,0,0,checkpoints/sweep_oc_phase1a_decision_clean_t2_wpfrag_phnode_qforce/baseline_phnode_qforce_seed45/rollout_benchmark/phase1a_v4eval_traj30_seed42_20260524_040708/summary.json
phnode_qforce,clean,46,nominal_eval,v4_lite,3.902995493867781,11.144193298984709,0.0595611035823822,0.00024723762180656195,nan,nan,0.9888888888888889,90,89,0.019188200123608112,0,0,0,0,checkpoints/sweep_oc_phase1a_decision_clean_t2_wpfrag_phnode_qforce/baseline_phnode_qforce_seed46/rollout_benchmark/phase1a_v4eval_traj30_seed42_20260524_040823/summary.json
phnode_qforce,iid,42,clean,clean,3.2096270829290603,13.116455723228311,0.04583226889371872,0.0002916359808295965,nan,nan,0.9888888888888889,90,89,0.023691991654535133,0,0,0,0,checkpoints/sweep_oc_phase1a_decision_iid_t2_wpfrag_phnode_qforce/baseline_phnode_qforce_seed42/rollout_benchmark/phase1a_iideval_traj30_seed42_20260524_013557/clean/summary.json
phnode_qforce,iid,43,clean,clean,3.809778459237371,11.139567148163112,0.050622064620256424,0.0003492757386993617,nan,nan,0.9888888888888889,90,89,0.020922070369124413,0,0,0,0,checkpoints/sweep_oc_phase1a_decision_iid_t2_wpfrag_phnode_qforce/baseline_phnode_qforce_seed43/rollout_benchmark/phase1a_iideval_traj30_seed42_20260524_015039/clean/summary.json
phnode_qforce,iid,44,clean,clean,0.7290695479467881,2.398359615783911,0.015270163305103779,1.3252728422230575e-05,nan,nan,0.9888888888888889,90,89,0.006174543251593907,0,0,0,0,checkpoints/sweep_oc_phase1a_decision_iid_t2_wpfrag_phnode_qforce/baseline_phnode_qforce_seed44/rollout_benchmark/phase1a_iideval_traj30_seed42_20260524_020518/clean/summary.json
phnode_qforce,iid,45,clean,clean,0.6094246584977858,2.313762764130986,0.013522891327738762,1.3167889846954495e-05,nan,nan,0.9777777777777777,90,88,0.006318198594575127,0,0,0,0,checkpoints/sweep_oc_phase1a_decision_iid_t2_wpfrag_phnode_qforce/baseline_phnode_qforce_seed45/rollout_benchmark/phase1a_iideval_traj30_seed42_20260524_021959/clean/summary.json
phnode_qforce,iid,46,clean,clean,3.9986852729789932,12.611345881819084,0.04567850008606911,0.0003098713350482285,nan,nan,0.9888888888888889,90,89,0.020503562564651173,0,0,0,0,checkpoints/sweep_oc_phase1a_decision_iid_t2_wpfrag_phnode_qforce/baseline_phnode_qforce_seed46/rollout_benchmark/phase1a_iideval_traj30_seed42_20260524_023456/clean/summary.json
phnode_qforce,iid,42,degraded_eval,iid_noisy_ic,3.9462921799923167,13.59545087773502,0.061140306293964386,0.00035947011201642454,nan,nan,0.9888888888888889,90,89,0.023691991654535133,0,0,0,0,checkpoints/sweep_oc_phase1a_decision_iid_t2_wpfrag_phnode_qforce/baseline_phnode_qforce_seed42/rollout_benchmark/phase1a_iideval_traj30_seed42_20260524_013557/degraded_eval/summary.json
phnode_qforce,iid,43,degraded_eval,iid_noisy_ic,4.419464394613957,10.01089270077095,0.04759375751018524,0.0004184630233794451,nan,nan,0.9888888888888889,90,89,0.020922070369124413,0,0,0,0,checkpoints/sweep_oc_phase1a_decision_iid_t2_wpfrag_phnode_qforce/baseline_phnode_qforce_seed43/rollout_benchmark/phase1a_iideval_traj30_seed42_20260524_015039/degraded_eval/summary.json
phnode_qforce,iid,44,degraded_eval,iid_noisy_ic,1.687159241553261,5.642492101409585,0.024302097037434578,1.1683530829031952e-05,nan,nan,0.9888888888888889,90,89,0.006174543251593907,0,0,0,0,checkpoints/sweep_oc_phase1a_decision_iid_t2_wpfrag_phnode_qforce/baseline_phnode_qforce_seed44/rollout_benchmark/phase1a_iideval_traj30_seed42_20260524_020518/degraded_eval/summary.json
phnode_qforce,iid,45,degraded_eval,iid_noisy_ic,1.8180497728000278,5.78739186478718,0.022929446771740913,1.2568674719659612e-05,nan,nan,0.9777777777777777,90,88,0.006318198594575127,0,0,0,0,checkpoints/sweep_oc_phase1a_decision_iid_t2_wpfrag_phnode_qforce/baseline_phnode_qforce_seed45/rollout_benchmark/phase1a_iideval_traj30_seed42_20260524_021959/degraded_eval/summary.json
phnode_qforce,iid,46,degraded_eval,iid_noisy_ic,4.501581645042229,11.093961410643207,0.05684787034988403,0.00036969102802686393,nan,nan,0.9888888888888889,90,89,0.020503562564651173,0,0,0,0,checkpoints/sweep_oc_phase1a_decision_iid_t2_wpfrag_phnode_qforce/baseline_phnode_qforce_seed46/rollout_benchmark/phase1a_iideval_traj30_seed42_20260524_023456/degraded_eval/summary.json
phnode_qforce,iid,42,heading_biased_eval,iid_noisy_ic,4.571226974821007,13.875784104430245,0.05768929049372673,0.00032426949474029243,nan,nan,0.9888888888888889,90,89,0.023691991654535133,0,0,0,0,checkpoints/sweep_oc_phase1a_decision_iid_t2_wpfrag_phnode_qforce/baseline_phnode_qforce_seed42/rollout_benchmark/phase1a_iideval_traj30_seed42_20260524_013557/heading_biased_eval/summary.json
phnode_qforce,iid,43,heading_biased_eval,iid_noisy_ic,5.050541126860965,11.567259014989345,0.06059747934341431,0.0003814151859842241,nan,nan,0.9888888888888889,90,89,0.020922070369124413,0,0,0,0,checkpoints/sweep_oc_phase1a_decision_iid_t2_wpfrag_phnode_qforce/baseline_phnode_qforce_seed43/rollout_benchmark/phase1a_iideval_traj30_seed42_20260524_015039/heading_biased_eval/summary.json
phnode_qforce,iid,44,heading_biased_eval,iid_noisy_ic,3.143283990916185,5.345749164435299,0.04086705297231674,1.275654085475253e-05,nan,nan,0.9888888888888889,90,89,0.006174543251593907,0,0,0,0,checkpoints/sweep_oc_phase1a_decision_iid_t2_wpfrag_phnode_qforce/baseline_phnode_qforce_seed44/rollout_benchmark/phase1a_iideval_traj30_seed42_20260524_020518/heading_biased_eval/summary.json
phnode_qforce,iid,45,heading_biased_eval,iid_noisy_ic,3.082913452238426,5.138815721258379,0.039170825853943825,1.4570334315067157e-05,nan,nan,0.9777777777777777,90,88,0.006318198594575127,0,0,0,0,checkpoints/sweep_oc_phase1a_decision_iid_t2_wpfrag_phnode_qforce/baseline_phnode_qforce_seed45/rollout_benchmark/phase1a_iideval_traj30_seed42_20260524_021959/heading_biased_eval/summary.json
phnode_qforce,iid,46,heading_biased_eval,iid_noisy_ic,5.151961132239661,12.49853452007837,0.058833710849285126,0.0003414896782487631,nan,nan,0.9888888888888889,90,89,0.020503562564651173,0,0,0,0,checkpoints/sweep_oc_phase1a_decision_iid_t2_wpfrag_phnode_qforce/baseline_phnode_qforce_seed46/rollout_benchmark/phase1a_iideval_traj30_seed42_20260524_023456/heading_biased_eval/summary.json
phnode_qforce,iid,42,nominal_eval,iid_noisy_ic,3.157977116628838,13.416217188728028,0.049663569778203964,0.0003249772125855088,nan,nan,0.9888888888888889,90,89,0.023691991654535133,0,0,0,0,checkpoints/sweep_oc_phase1a_decision_iid_t2_wpfrag_phnode_qforce/baseline_phnode_qforce_seed42/rollout_benchmark/phase1a_iideval_traj30_seed42_20260524_013557/nominal_eval/summary.json
phnode_qforce,iid,43,nominal_eval,iid_noisy_ic,4.0360587177908664,10.266835733891394,0.05605768784880638,0.0003834052768070251,nan,nan,0.9888888888888889,90,89,0.020922070369124413,0,0,0,0,checkpoints/sweep_oc_phase1a_decision_iid_t2_wpfrag_phnode_qforce/baseline_phnode_qforce_seed43/rollout_benchmark/phase1a_iideval_traj30_seed42_20260524_015039/nominal_eval/summary.json
phnode_qforce,iid,44,nominal_eval,iid_noisy_ic,0.9005386349917757,3.172907108012035,0.017524011433124542,1.348493606201373e-05,nan,nan,0.9888888888888889,90,89,0.006174543251593907,0,0,0,0,checkpoints/sweep_oc_phase1a_decision_iid_t2_wpfrag_phnode_qforce/baseline_phnode_qforce_seed44/rollout_benchmark/phase1a_iideval_traj30_seed42_20260524_020518/nominal_eval/summary.json
phnode_qforce,iid,45,nominal_eval,iid_noisy_ic,0.8960697072071612,2.8902600255168913,0.01304275868460536,1.2182415957795456e-05,nan,nan,0.9777777777777777,90,88,0.006318198594575127,0,0,0,0,checkpoints/sweep_oc_phase1a_decision_iid_t2_wpfrag_phnode_qforce/baseline_phnode_qforce_seed45/rollout_benchmark/phase1a_iideval_traj30_seed42_20260524_021959/nominal_eval/summary.json
phnode_qforce,iid,46,nominal_eval,iid_noisy_ic,4.177257847701548,10.990780005914784,0.047475844621658325,0.0003391512727830559,nan,nan,0.9888888888888889,90,89,0.020503562564651173,0,0,0,0,checkpoints/sweep_oc_phase1a_decision_iid_t2_wpfrag_phnode_qforce/baseline_phnode_qforce_seed46/rollout_benchmark/phase1a_iideval_traj30_seed42_20260524_023456/nominal_eval/summary.json
phnode_qforce,iid,42,nominal_eval,v4_lite,3.407151665313481,12.869850165155203,0.04517711326479912,0.0003027630737051368,nan,nan,0.9888888888888889,90,89,0.023691991654535133,0,0,0,0,checkpoints/sweep_oc_phase1a_decision_iid_t2_wpfrag_phnode_qforce/baseline_phnode_qforce_seed42/rollout_benchmark/phase1a_v4eval_traj30_seed42_20260524_040938/summary.json
phnode_qforce,iid,43,nominal_eval,v4_lite,3.877002985971332,11.237838785534336,0.05506378039717674,0.0003658664063550532,nan,nan,0.9888888888888889,90,89,0.020922070369124413,0,0,0,0,checkpoints/sweep_oc_phase1a_decision_iid_t2_wpfrag_phnode_qforce/baseline_phnode_qforce_seed43/rollout_benchmark/phase1a_v4eval_traj30_seed42_20260524_041051/summary.json
phnode_qforce,iid,44,nominal_eval,v4_lite,1.0439411915408452,2.601785124703633,0.016587385907769203,1.2127936315664556e-05,nan,nan,0.9888888888888889,90,89,0.006174543251593907,0,0,0,0,checkpoints/sweep_oc_phase1a_decision_iid_t2_wpfrag_phnode_qforce/baseline_phnode_qforce_seed44/rollout_benchmark/phase1a_v4eval_traj30_seed42_20260524_041205/summary.json
phnode_qforce,iid,45,nominal_eval,v4_lite,0.9330842992946694,2.4843656788168826,0.013517544604837894,1.2877077097073197e-05,nan,nan,0.9777777777777777,90,88,0.006318198594575127,0,0,0,0,checkpoints/sweep_oc_phase1a_decision_iid_t2_wpfrag_phnode_qforce/baseline_phnode_qforce_seed45/rollout_benchmark/phase1a_v4eval_traj30_seed42_20260524_041318/summary.json
phnode_qforce,iid,46,nominal_eval,v4_lite,4.305022796913023,12.808683215085138,0.04811707139015198,0.0003240427759010345,nan,nan,0.9888888888888889,90,89,0.020503562564651173,0,0,0,0,checkpoints/sweep_oc_phase1a_decision_iid_t2_wpfrag_phnode_qforce/baseline_phnode_qforce_seed46/rollout_benchmark/phase1a_v4eval_traj30_seed42_20260524_041433/summary.json
phnode_qforce,v4lite,42,clean,clean,0.6802874070521824,2.790670028530497,0.014865325763821602,1.269761924049817e-05,nan,nan,0.9777777777777777,90,88,0.006204317013422648,0,0,0,0,checkpoints/sweep_oc_phase1a_decision_v4lite_t2_wpfrag_phnode_qforce/baseline_phnode_qforce_seed42/rollout_benchmark/phase1a_iideval_traj30_seed42_20260524_024945/clean/summary.json
phnode_qforce,v4lite,43,clean,clean,3.8525514745698444,13.04890215686662,0.06067813187837601,0.00030784032423980534,nan,nan,0.9888888888888889,90,89,0.02149340758721034,0,0,0,0,checkpoints/sweep_oc_phase1a_decision_v4lite_t2_wpfrag_phnode_qforce/baseline_phnode_qforce_seed43/rollout_benchmark/phase1a_iideval_traj30_seed42_20260524_030436/clean/summary.json
phnode_qforce,v4lite,44,clean,clean,0.6351534817618814,2.2651955038800304,0.01387967262417078,1.1249425369896926e-05,nan,nan,0.9888888888888889,90,89,0.006071729042256872,0,0,0,0,checkpoints/sweep_oc_phase1a_decision_v4lite_t2_wpfrag_phnode_qforce/baseline_phnode_qforce_seed44/rollout_benchmark/phase1a_iideval_traj30_seed42_20260524_031920/clean/summary.json
phnode_qforce,v4lite,45,clean,clean,0.6841053423926853,2.3254038222594176,0.01613655500113964,1.4831804946879856e-05,nan,nan,1.0,90,90,0.006174489157274365,0,0,0,0,checkpoints/sweep_oc_phase1a_decision_v4lite_t2_wpfrag_phnode_qforce/baseline_phnode_qforce_seed45/rollout_benchmark/phase1a_iideval_traj30_seed42_20260524_033403/clean/summary.json
phnode_qforce,v4lite,46,clean,clean,0.9233637245672746,2.531709166051723,0.022509127855300903,1.3530439900932834e-05,nan,nan,0.9888888888888889,90,89,0.006071064465989669,0,0,0,0,checkpoints/sweep_oc_phase1a_decision_v4lite_t2_wpfrag_phnode_qforce/baseline_phnode_qforce_seed46/rollout_benchmark/phase1a_iideval_traj30_seed42_20260524_034846/clean/summary.json
phnode_qforce,v4lite,42,degraded_eval,iid_noisy_ic,1.706883822987169,5.992642629065942,0.028801972046494484,1.1402651580283418e-05,nan,nan,0.9777777777777777,90,88,0.006204317013422648,0,0,0,0,checkpoints/sweep_oc_phase1a_decision_v4lite_t2_wpfrag_phnode_qforce/baseline_phnode_qforce_seed42/rollout_benchmark/phase1a_iideval_traj30_seed42_20260524_024945/degraded_eval/summary.json
phnode_qforce,v4lite,43,degraded_eval,iid_noisy_ic,4.263666030352255,12.37260941359159,0.06747517734766006,0.0003776394878514111,nan,nan,0.9888888888888889,90,89,0.02149340758721034,0,0,0,0,checkpoints/sweep_oc_phase1a_decision_v4lite_t2_wpfrag_phnode_qforce/baseline_phnode_qforce_seed43/rollout_benchmark/phase1a_iideval_traj30_seed42_20260524_030436/degraded_eval/summary.json
phnode_qforce,v4lite,44,degraded_eval,iid_noisy_ic,1.5998612786341075,6.293448666105273,0.02489341050386429,1.31691749629681e-05,nan,nan,0.9888888888888889,90,89,0.006071729042256872,0,0,0,0,checkpoints/sweep_oc_phase1a_decision_v4lite_t2_wpfrag_phnode_qforce/baseline_phnode_qforce_seed44/rollout_benchmark/phase1a_iideval_traj30_seed42_20260524_031920/degraded_eval/summary.json
phnode_qforce,v4lite,45,degraded_eval,iid_noisy_ic,1.8660788149340108,5.44526961206898,0.023019949905574322,1.3924966879130807e-05,nan,nan,1.0,90,90,0.006174489157274365,0,0,0,0,checkpoints/sweep_oc_phase1a_decision_v4lite_t2_wpfrag_phnode_qforce/baseline_phnode_qforce_seed45/rollout_benchmark/phase1a_iideval_traj30_seed42_20260524_033403/degraded_eval/summary.json
phnode_qforce,v4lite,46,degraded_eval,iid_noisy_ic,1.6944242105271954,5.987472666538469,0.026300041005015373,1.401038662152132e-05,nan,nan,0.9888888888888889,90,89,0.006071064465989669,0,0,0,0,checkpoints/sweep_oc_phase1a_decision_v4lite_t2_wpfrag_phnode_qforce/baseline_phnode_qforce_seed46/rollout_benchmark/phase1a_iideval_traj30_seed42_20260524_034846/degraded_eval/summary.json
phnode_qforce,v4lite,42,heading_biased_eval,iid_noisy_ic,3.182102930976905,5.518241172155848,0.0436452180147171,1.2205721759528387e-05,nan,nan,0.9777777777777777,90,88,0.006204317013422648,0,0,0,0,checkpoints/sweep_oc_phase1a_decision_v4lite_t2_wpfrag_phnode_qforce/baseline_phnode_qforce_seed42/rollout_benchmark/phase1a_iideval_traj30_seed42_20260524_024945/heading_biased_eval/summary.json
phnode_qforce,v4lite,43,heading_biased_eval,iid_noisy_ic,4.76887460583493,13.482985909757032,0.06990159302949905,0.000341532111633569,nan,nan,0.9888888888888889,90,89,0.02149340758721034,0,0,0,0,checkpoints/sweep_oc_phase1a_decision_v4lite_t2_wpfrag_phnode_qforce/baseline_phnode_qforce_seed43/rollout_benchmark/phase1a_iideval_traj30_seed42_20260524_030436/heading_biased_eval/summary.json
phnode_qforce,v4lite,44,heading_biased_eval,iid_noisy_ic,3.1948341075293945,5.158349032570651,0.0417846255004406,1.1399535651435144e-05,nan,nan,0.9888888888888889,90,89,0.006071729042256872,0,0,0,0,checkpoints/sweep_oc_phase1a_decision_v4lite_t2_wpfrag_phnode_qforce/baseline_phnode_qforce_seed44/rollout_benchmark/phase1a_iideval_traj30_seed42_20260524_031920/heading_biased_eval/summary.json
phnode_qforce,v4lite,45,heading_biased_eval,iid_noisy_ic,3.199205260993777,4.858867749790697,0.03820042870938778,1.1937188901356421e-05,nan,nan,1.0,90,90,0.006174489157274365,0,0,0,0,checkpoints/sweep_oc_phase1a_decision_v4lite_t2_wpfrag_phnode_qforce/baseline_phnode_qforce_seed45/rollout_benchmark/phase1a_iideval_traj30_seed42_20260524_033403/heading_biased_eval/summary.json
phnode_qforce,v4lite,46,heading_biased_eval,iid_noisy_ic,3.2636121412886596,5.495216785556902,0.044016629457473755,1.2367468116281088e-05,nan,nan,0.9888888888888889,90,89,0.006071064465989669,0,0,0,0,checkpoints/sweep_oc_phase1a_decision_v4lite_t2_wpfrag_phnode_qforce/baseline_phnode_qforce_seed46/rollout_benchmark/phase1a_iideval_traj30_seed42_20260524_034846/heading_biased_eval/summary.json
phnode_qforce,v4lite,42,nominal_eval,iid_noisy_ic,1.0959187554988161,3.478287356620181,0.01878431160002947,1.4421843843592796e-05,nan,nan,0.9777777777777777,90,88,0.006204317013422648,0,0,0,0,checkpoints/sweep_oc_phase1a_decision_v4lite_t2_wpfrag_phnode_qforce/baseline_phnode_qforce_seed42/rollout_benchmark/phase1a_iideval_traj30_seed42_20260524_024945/nominal_eval/summary.json
phnode_qforce,v4lite,43,nominal_eval,iid_noisy_ic,3.9511628171872877,13.061315372390878,0.06355483084917068,0.0003443433088250458,nan,nan,0.9888888888888889,90,89,0.02149340758721034,0,0,0,0,checkpoints/sweep_oc_phase1a_decision_v4lite_t2_wpfrag_phnode_qforce/baseline_phnode_qforce_seed43/rollout_benchmark/phase1a_iideval_traj30_seed42_20260524_030436/nominal_eval/summary.json
phnode_qforce,v4lite,44,nominal_eval,iid_noisy_ic,0.9181937465895348,2.9118912666328907,0.017421668395400047,1.2766096006089356e-05,nan,nan,0.9888888888888889,90,89,0.006071729042256872,0,0,0,0,checkpoints/sweep_oc_phase1a_decision_v4lite_t2_wpfrag_phnode_qforce/baseline_phnode_qforce_seed44/rollout_benchmark/phase1a_iideval_traj30_seed42_20260524_031920/nominal_eval/summary.json
phnode_qforce,v4lite,45,nominal_eval,iid_noisy_ic,0.9826666245217146,3.106820765562441,0.017731710337102413,1.2650661119550932e-05,nan,nan,1.0,90,90,0.006174489157274365,0,0,0,0,checkpoints/sweep_oc_phase1a_decision_v4lite_t2_wpfrag_phnode_qforce/baseline_phnode_qforce_seed45/rollout_benchmark/phase1a_iideval_traj30_seed42_20260524_033403/nominal_eval/summary.json
phnode_qforce,v4lite,46,nominal_eval,iid_noisy_ic,1.0180956749055716,3.7302329371674334,0.019254930317401886,1.3478295841196086e-05,nan,nan,0.9888888888888889,90,89,0.006071064465989669,0,0,0,0,checkpoints/sweep_oc_phase1a_decision_v4lite_t2_wpfrag_phnode_qforce/baseline_phnode_qforce_seed46/rollout_benchmark/phase1a_iideval_traj30_seed42_20260524_034846/nominal_eval/summary.json
phnode_qforce,v4lite,42,nominal_eval,v4_lite,0.9182464833841468,3.0978812684051187,0.015665346290916204,1.354056439595297e-05,nan,nan,0.9777777777777777,90,88,0.006204317013422648,0,0,0,0,checkpoints/sweep_oc_phase1a_decision_v4lite_t2_wpfrag_phnode_qforce/baseline_phnode_qforce_seed42/rollout_benchmark/phase1a_v4eval_traj30_seed42_20260524_041548/summary.json
phnode_qforce,v4lite,43,nominal_eval,v4_lite,4.0087738659510785,13.002425519361514,0.05633784085512161,0.00032408128026872873,nan,nan,0.9888888888888889,90,89,0.02149340758721034,0,0,0,0,checkpoints/sweep_oc_phase1a_decision_v4lite_t2_wpfrag_phnode_qforce/baseline_phnode_qforce_seed43/rollout_benchmark/phase1a_v4eval_traj30_seed42_20260524_041701/summary.json
phnode_qforce,v4lite,44,nominal_eval,v4_lite,0.8172615210690595,3.0170842118197116,0.014575140550732613,1.2922699170303531e-05,nan,nan,0.9888888888888889,90,89,0.006071729042256872,0,0,0,0,checkpoints/sweep_oc_phase1a_decision_v4lite_t2_wpfrag_phnode_qforce/baseline_phnode_qforce_seed44/rollout_benchmark/phase1a_v4eval_traj30_seed42_20260524_041815/summary.json
phnode_qforce,v4lite,45,nominal_eval,v4_lite,1.028720931992951,2.51362335582084,0.016697856597602367,1.2359612810541876e-05,nan,nan,1.0,90,90,0.006174489157274365,0,0,0,0,checkpoints/sweep_oc_phase1a_decision_v4lite_t2_wpfrag_phnode_qforce/baseline_phnode_qforce_seed45/rollout_benchmark/phase1a_v4eval_traj30_seed42_20260524_041928/summary.json
phnode_qforce,v4lite,46,nominal_eval,v4_lite,1.218765883327165,2.952666032718181,0.02445857785642147,1.2545461686386261e-05,nan,nan,0.9888888888888889,90,89,0.006071064465989669,0,0,0,0,checkpoints/sweep_oc_phase1a_decision_v4lite_t2_wpfrag_phnode_qforce/baseline_phnode_qforce_seed46/rollout_benchmark/phase1a_v4eval_traj30_seed42_20260524_042042/summary.json
se3_accel_blackbox,clean,42,clean,clean,5.633251587420303,25.89591415170151,0.12515507638454437,6.799425591452746e-06,nan,nan,0.9888888888888889,90,89,0.09385845437645912,0,0,0,0,checkpoints/sweep_oc_phase1a_decision_clean_t2_wpfrag_se3_accel_blackbox/baseline_se3_accel_blackbox_seed42/rollout_benchmark/phase1a_iideval_traj30_seed42_20260525_132823/clean/summary.json
se3_accel_blackbox,clean,43,clean,clean,1.6387368495469923,5.632638327425424,0.038506604731082916,1.2092369615857024e-05,nan,nan,0.9777777777777777,90,88,0.006753627366075913,0,0,0,0,checkpoints/sweep_oc_phase1a_decision_clean_t2_wpfrag_se3_accel_blackbox/baseline_se3_accel_blackbox_seed43/rollout_benchmark/phase1a_iideval_traj30_seed42_20260525_134109/clean/summary.json
se3_accel_blackbox,clean,44,clean,clean,2.570287896278951,5.857087422109657,0.07112181931734085,1.2280442206247244e-05,nan,nan,0.9777777777777777,90,88,0.008388851536437869,0,0,0,0,checkpoints/sweep_oc_phase1a_decision_clean_t2_wpfrag_se3_accel_blackbox/baseline_se3_accel_blackbox_seed44/rollout_benchmark/phase1a_iideval_traj30_seed42_20260525_135356/clean/summary.json
se3_accel_blackbox,clean,45,clean,clean,1.4727564058484002,4.006010702682124,0.038362741470336914,1.4146599824016448e-05,nan,nan,0.9888888888888889,90,89,0.006007427737737696,0,0,0,0,checkpoints/sweep_oc_phase1a_decision_clean_t2_wpfrag_se3_accel_blackbox/baseline_se3_accel_blackbox_seed45/rollout_benchmark/phase1a_iideval_traj30_seed42_20260525_140652/clean/summary.json
se3_accel_blackbox,clean,46,clean,clean,0.9625477707696731,3.7891815155487802,0.020600972697138786,1.4228878171707038e-05,nan,nan,0.9888888888888889,90,89,0.005239861939723293,0,0,0,0,checkpoints/sweep_oc_phase1a_decision_clean_t2_wpfrag_se3_accel_blackbox/baseline_se3_accel_blackbox_seed46/rollout_benchmark/phase1a_iideval_traj30_seed42_20260525_141955/clean/summary.json
se3_accel_blackbox,clean,42,degraded_eval,iid_noisy_ic,6.1368695445321375,25.972605343902153,0.1461334377527237,6.59965917293448e-06,nan,nan,0.9888888888888889,90,89,0.09385845437645912,0,0,0,0,checkpoints/sweep_oc_phase1a_decision_clean_t2_wpfrag_se3_accel_blackbox/baseline_se3_accel_blackbox_seed42/rollout_benchmark/phase1a_iideval_traj30_seed42_20260525_132823/degraded_eval/summary.json
se3_accel_blackbox,clean,43,degraded_eval,iid_noisy_ic,2.551670122931586,9.059249220373376,0.04821806773543358,1.2099945706722792e-05,nan,nan,0.9777777777777777,90,88,0.006753627366075913,0,0,0,0,checkpoints/sweep_oc_phase1a_decision_clean_t2_wpfrag_se3_accel_blackbox/baseline_se3_accel_blackbox_seed43/rollout_benchmark/phase1a_iideval_traj30_seed42_20260525_134109/degraded_eval/summary.json
se3_accel_blackbox,clean,44,degraded_eval,iid_noisy_ic,3.3287212771474977,8.454157800956438,0.07481767982244492,1.2347079064056743e-05,nan,nan,0.9777777777777777,90,88,0.008388851536437869,0,0,0,0,checkpoints/sweep_oc_phase1a_decision_clean_t2_wpfrag_se3_accel_blackbox/baseline_se3_accel_blackbox_seed44/rollout_benchmark/phase1a_iideval_traj30_seed42_20260525_135356/degraded_eval/summary.json
se3_accel_blackbox,clean,45,degraded_eval,iid_noisy_ic,2.0555322067524067,6.100097598404501,0.03635190799832344,1.1972636457358021e-05,nan,nan,0.9888888888888889,90,89,0.006007427737737696,0,0,0,0,checkpoints/sweep_oc_phase1a_decision_clean_t2_wpfrag_se3_accel_blackbox/baseline_se3_accel_blackbox_seed45/rollout_benchmark/phase1a_iideval_traj30_seed42_20260525_140652/degraded_eval/summary.json
se3_accel_blackbox,clean,46,degraded_eval,iid_noisy_ic,1.927521085427878,7.014983936085628,0.03180341050028801,1.2051154953951482e-05,nan,nan,0.9888888888888889,90,89,0.005239861939723293,0,0,0,0,checkpoints/sweep_oc_phase1a_decision_clean_t2_wpfrag_se3_accel_blackbox/baseline_se3_accel_blackbox_seed46/rollout_benchmark/phase1a_iideval_traj30_seed42_20260525_141955/degraded_eval/summary.json
se3_accel_blackbox,clean,42,heading_biased_eval,iid_noisy_ic,6.467405567465227,25.017270207220843,0.13751938939094543,6.725217644998338e-06,nan,nan,0.9888888888888889,90,89,0.09385845437645912,0,0,0,0,checkpoints/sweep_oc_phase1a_decision_clean_t2_wpfrag_se3_accel_blackbox/baseline_se3_accel_blackbox_seed42/rollout_benchmark/phase1a_iideval_traj30_seed42_20260525_132823/heading_biased_eval/summary.json
se3_accel_blackbox,clean,43,heading_biased_eval,iid_noisy_ic,3.1256575066494454,8.466038647865627,0.04374912567436695,1.1801775144704152e-05,nan,nan,0.9777777777777777,90,88,0.006753627366075913,0,0,0,0,checkpoints/sweep_oc_phase1a_decision_clean_t2_wpfrag_se3_accel_blackbox/baseline_se3_accel_blackbox_seed43/rollout_benchmark/phase1a_iideval_traj30_seed42_20260525_134109/heading_biased_eval/summary.json
se3_accel_blackbox,clean,44,heading_biased_eval,iid_noisy_ic,3.515886005103322,8.391834833238276,0.08068296685814857,1.1102146345365327e-05,nan,nan,0.9777777777777777,90,88,0.008388851536437869,0,0,0,0,checkpoints/sweep_oc_phase1a_decision_clean_t2_wpfrag_se3_accel_blackbox/baseline_se3_accel_blackbox_seed44/rollout_benchmark/phase1a_iideval_traj30_seed42_20260525_135356/heading_biased_eval/summary.json
se3_accel_blackbox,clean,45,heading_biased_eval,iid_noisy_ic,2.970458086303073,6.268355990475532,0.04638059437274933,1.2806205631932244e-05,nan,nan,0.9888888888888889,90,89,0.006007427737737696,0,0,0,0,checkpoints/sweep_oc_phase1a_decision_clean_t2_wpfrag_se3_accel_blackbox/baseline_se3_accel_blackbox_seed45/rollout_benchmark/phase1a_iideval_traj30_seed42_20260525_140652/heading_biased_eval/summary.json
se3_accel_blackbox,clean,46,heading_biased_eval,iid_noisy_ic,3.0601688774755065,5.675327838453586,0.04874987527728081,1.2163127394160256e-05,nan,nan,0.9888888888888889,90,89,0.005239861939723293,0,0,0,0,checkpoints/sweep_oc_phase1a_decision_clean_t2_wpfrag_se3_accel_blackbox/baseline_se3_accel_blackbox_seed46/rollout_benchmark/phase1a_iideval_traj30_seed42_20260525_141955/heading_biased_eval/summary.json
se3_accel_blackbox,clean,42,nominal_eval,iid_noisy_ic,5.522648559915833,26.744020322241106,0.12592341005802155,6.8858935264870524e-06,nan,nan,0.9888888888888889,90,89,0.09385845437645912,0,0,0,0,checkpoints/sweep_oc_phase1a_decision_clean_t2_wpfrag_se3_accel_blackbox/baseline_se3_accel_blackbox_seed42/rollout_benchmark/phase1a_iideval_traj30_seed42_20260525_132823/nominal_eval/summary.json
se3_accel_blackbox,clean,43,nominal_eval,iid_noisy_ic,1.861316140125143,7.042445704937903,0.043052295222878456,1.3039731129538268e-05,nan,nan,0.9777777777777777,90,88,0.006753627366075913,0,0,0,0,checkpoints/sweep_oc_phase1a_decision_clean_t2_wpfrag_se3_accel_blackbox/baseline_se3_accel_blackbox_seed43/rollout_benchmark/phase1a_iideval_traj30_seed42_20260525_134109/nominal_eval/summary.json
se3_accel_blackbox,clean,44,nominal_eval,iid_noisy_ic,2.971415500206925,6.11228662310878,0.07507821172475815,1.1612076377787162e-05,nan,nan,0.9777777777777777,90,88,0.008388851536437869,0,0,0,0,checkpoints/sweep_oc_phase1a_decision_clean_t2_wpfrag_se3_accel_blackbox/baseline_se3_accel_blackbox_seed44/rollout_benchmark/phase1a_iideval_traj30_seed42_20260525_135356/nominal_eval/summary.json
se3_accel_blackbox,clean,45,nominal_eval,iid_noisy_ic,1.4942571590348341,4.47012403120774,0.03737403824925423,1.3183750525058713e-05,nan,nan,0.9888888888888889,90,89,0.006007427737737696,0,0,0,0,checkpoints/sweep_oc_phase1a_decision_clean_t2_wpfrag_se3_accel_blackbox/baseline_se3_accel_blackbox_seed45/rollout_benchmark/phase1a_iideval_traj30_seed42_20260525_140652/nominal_eval/summary.json
se3_accel_blackbox,clean,46,nominal_eval,iid_noisy_ic,1.2547973304782338,4.331939131796168,0.01987043395638466,1.2833557775593363e-05,nan,nan,0.9888888888888889,90,89,0.005239861939723293,0,0,0,0,checkpoints/sweep_oc_phase1a_decision_clean_t2_wpfrag_se3_accel_blackbox/baseline_se3_accel_blackbox_seed46/rollout_benchmark/phase1a_iideval_traj30_seed42_20260525_141955/nominal_eval/summary.json
se3_accel_blackbox,clean,42,nominal_eval,v4_lite,5.415539371398921,26.41969750776611,0.12998256087303162,7.347028258664068e-06,nan,nan,0.9888888888888889,90,89,0.09385845437645912,0,0,0,0,checkpoints/sweep_oc_phase1a_decision_clean_t2_wpfrag_se3_accel_blackbox/baseline_se3_accel_blackbox_seed42/rollout_benchmark/phase1a_v4eval_traj30_seed42_20260525_143254/summary.json
se3_accel_blackbox,clean,43,nominal_eval,v4_lite,1.7269200624821655,6.677170496279361,0.03678874112665653,1.428803716407856e-05,nan,nan,0.9777777777777777,90,88,0.006753627366075913,0,0,0,0,checkpoints/sweep_oc_phase1a_decision_clean_t2_wpfrag_se3_accel_blackbox/baseline_se3_accel_blackbox_seed43/rollout_benchmark/phase1a_v4eval_traj30_seed42_20260525_143339/summary.json
se3_accel_blackbox,clean,44,nominal_eval,v4_lite,2.6422164106445862,6.471928904065797,0.06869644299149513,1.258898828382371e-05,nan,nan,0.9777777777777777,90,88,0.008388851536437869,0,0,0,0,checkpoints/sweep_oc_phase1a_decision_clean_t2_wpfrag_se3_accel_blackbox/baseline_se3_accel_blackbox_seed44/rollout_benchmark/phase1a_v4eval_traj30_seed42_20260525_143423/summary.json
se3_accel_blackbox,clean,45,nominal_eval,v4_lite,1.5080618262185075,4.211823795529275,0.03933267295360565,1.5057449672895018e-05,nan,nan,0.9888888888888889,90,89,0.006007427737737696,0,0,0,0,checkpoints/sweep_oc_phase1a_decision_clean_t2_wpfrag_se3_accel_blackbox/baseline_se3_accel_blackbox_seed45/rollout_benchmark/phase1a_v4eval_traj30_seed42_20260525_143507/summary.json
se3_accel_blackbox,clean,46,nominal_eval,v4_lite,1.2138349774571262,3.7359185780793696,0.020560424774885178,1.2502548997872509e-05,nan,nan,0.9888888888888889,90,89,0.005239861939723293,0,0,0,0,checkpoints/sweep_oc_phase1a_decision_clean_t2_wpfrag_se3_accel_blackbox/baseline_se3_accel_blackbox_seed46/rollout_benchmark/phase1a_v4eval_traj30_seed42_20260525_143552/summary.json
se3_momentum_blackbox,clean,42,clean,clean,1.4475618941629496,3.3868246061696903,0.03281455487012863,1.1570303286134731e-05,nan,nan,0.9888888888888889,90,89,0.005580332052583496,0,0,0,0,checkpoints/sweep_oc_phase1a_decision_clean_t2_wpfrag_se3_momentum_blackbox/baseline_se3_momentum_blackbox_seed42/rollout_benchmark/phase1a_iideval_traj30_seed42_20260525_133241/clean/summary.json
se3_momentum_blackbox,clean,43,clean,clean,0.9181152230396658,2.7292668802082884,0.015852395445108414,1.186791905638529e-05,nan,nan,0.9888888888888889,90,89,0.005484454333782196,0,0,0,0,checkpoints/sweep_oc_phase1a_decision_clean_t2_wpfrag_se3_momentum_blackbox/baseline_se3_momentum_blackbox_seed43/rollout_benchmark/phase1a_iideval_traj30_seed42_20260525_134557/clean/summary.json
se3_momentum_blackbox,clean,44,clean,clean,1.8319071703500718,4.935038981735688,0.057450151070952415,1.237989908986492e-05,nan,nan,1.0,90,90,0.0063571385107934475,0,0,0,0,checkpoints/sweep_oc_phase1a_decision_clean_t2_wpfrag_se3_momentum_blackbox/baseline_se3_momentum_blackbox_seed44/rollout_benchmark/phase1a_iideval_traj30_seed42_20260525_135919/clean/summary.json
se3_momentum_blackbox,clean,45,clean,clean,1.9500100766168504,4.808867817134033,0.042404960840940475,1.1244704182900023e-05,nan,nan,0.9777777777777777,90,88,0.007581326877698302,0,0,0,0,checkpoints/sweep_oc_phase1a_decision_clean_t2_wpfrag_se3_momentum_blackbox/baseline_se3_momentum_blackbox_seed45/rollout_benchmark/phase1a_iideval_traj30_seed42_20260525_141251/clean/summary.json
se3_momentum_blackbox,clean,46,clean,clean,1.291951176298241,3.4298433704576183,0.03081858530640602,1.2440586033335421e-05,nan,nan,0.9777777777777777,90,88,0.0060596522719909745,0,0,0,0,checkpoints/sweep_oc_phase1a_decision_clean_t2_wpfrag_se3_momentum_blackbox/baseline_se3_momentum_blackbox_seed46/rollout_benchmark/phase1a_iideval_traj30_seed42_20260525_142607/clean/summary.json
se3_momentum_blackbox,clean,42,degraded_eval,iid_noisy_ic,2.0850355262560263,6.872187078994711,0.03976382687687874,1.2801564480469096e-05,nan,nan,0.9888888888888889,90,89,0.005580332052583496,0,0,0,0,checkpoints/sweep_oc_phase1a_decision_clean_t2_wpfrag_se3_momentum_blackbox/baseline_se3_momentum_blackbox_seed42/rollout_benchmark/phase1a_iideval_traj30_seed42_20260525_133241/degraded_eval/summary.json
se3_momentum_blackbox,clean,43,degraded_eval,iid_noisy_ic,2.0203843549155294,5.340980228346795,0.029742194339632988,1.2246342521393672e-05,nan,nan,0.9888888888888889,90,89,0.005484454333782196,0,0,0,0,checkpoints/sweep_oc_phase1a_decision_clean_t2_wpfrag_se3_momentum_blackbox/baseline_se3_momentum_blackbox_seed43/rollout_benchmark/phase1a_iideval_traj30_seed42_20260525_134557/degraded_eval/summary.json
se3_momentum_blackbox,clean,44,degraded_eval,iid_noisy_ic,2.2310270454254013,7.536891326919415,0.05671651288866997,1.0375850251875818e-05,nan,nan,1.0,90,90,0.0063571385107934475,0,0,0,0,checkpoints/sweep_oc_phase1a_decision_clean_t2_wpfrag_se3_momentum_blackbox/baseline_se3_momentum_blackbox_seed44/rollout_benchmark/phase1a_iideval_traj30_seed42_20260525_135919/degraded_eval/summary.json
se3_momentum_blackbox,clean,45,degraded_eval,iid_noisy_ic,2.3467877788407057,6.602804758844348,0.043044790625572205,1.0444888175697997e-05,nan,nan,0.9777777777777777,90,88,0.007581326877698302,0,0,0,0,checkpoints/sweep_oc_phase1a_decision_clean_t2_wpfrag_se3_momentum_blackbox/baseline_se3_momentum_blackbox_seed45/rollout_benchmark/phase1a_iideval_traj30_seed42_20260525_141251/degraded_eval/summary.json
se3_momentum_blackbox,clean,46,degraded_eval,iid_noisy_ic,1.9425763240639933,6.127904393131657,0.035498932003974915,1.254344988410594e-05,nan,nan,0.9777777777777777,90,88,0.0060596522719909745,0,0,0,0,checkpoints/sweep_oc_phase1a_decision_clean_t2_wpfrag_se3_momentum_blackbox/baseline_se3_momentum_blackbox_seed46/rollout_benchmark/phase1a_iideval_traj30_seed42_20260525_142607/degraded_eval/summary.json
se3_momentum_blackbox,clean,42,heading_biased_eval,iid_noisy_ic,3.1441752806065515,6.66604488752292,0.04818147048354149,1.3842330190527719e-05,nan,nan,0.9888888888888889,90,89,0.005580332052583496,0,0,0,0,checkpoints/sweep_oc_phase1a_decision_clean_t2_wpfrag_se3_momentum_blackbox/baseline_se3_momentum_blackbox_seed42/rollout_benchmark/phase1a_iideval_traj30_seed42_20260525_133241/heading_biased_eval/summary.json
se3_momentum_blackbox,clean,43,heading_biased_eval,iid_noisy_ic,3.0824387004751914,5.775878777232815,0.04060947522521019,1.1853455362142995e-05,nan,nan,0.9888888888888889,90,89,0.005484454333782196,0,0,0,0,checkpoints/sweep_oc_phase1a_decision_clean_t2_wpfrag_se3_momentum_blackbox/baseline_se3_momentum_blackbox_seed43/rollout_benchmark/phase1a_iideval_traj30_seed42_20260525_134557/heading_biased_eval/summary.json
se3_momentum_blackbox,clean,44,heading_biased_eval,iid_noisy_ic,2.686064231498899,7.358842377096807,0.05677637830376625,1.0373821169196162e-05,nan,nan,1.0,90,90,0.0063571385107934475,0,0,0,0,checkpoints/sweep_oc_phase1a_decision_clean_t2_wpfrag_se3_momentum_blackbox/baseline_se3_momentum_blackbox_seed44/rollout_benchmark/phase1a_iideval_traj30_seed42_20260525_135919/heading_biased_eval/summary.json
se3_momentum_blackbox,clean,45,heading_biased_eval,iid_noisy_ic,3.0551368748193504,6.775076366435553,0.054528601467609406,1.0471387213328853e-05,nan,nan,0.9777777777777777,90,88,0.007581326877698302,0,0,0,0,checkpoints/sweep_oc_phase1a_decision_clean_t2_wpfrag_se3_momentum_blackbox/baseline_se3_momentum_blackbox_seed45/rollout_benchmark/phase1a_iideval_traj30_seed42_20260525_141251/heading_biased_eval/summary.json
se3_momentum_blackbox,clean,46,heading_biased_eval,iid_noisy_ic,3.045371122755048,6.732929543770665,0.039141517132520676,1.2329638593655545e-05,nan,nan,0.9777777777777777,90,88,0.0060596522719909745,0,0,0,0,checkpoints/sweep_oc_phase1a_decision_clean_t2_wpfrag_se3_momentum_blackbox/baseline_se3_momentum_blackbox_seed46/rollout_benchmark/phase1a_iideval_traj30_seed42_20260525_142607/heading_biased_eval/summary.json
se3_momentum_blackbox,clean,42,nominal_eval,iid_noisy_ic,1.4869773550695435,4.462477558508256,0.031144263222813606,1.400150631525321e-05,nan,nan,0.9888888888888889,90,89,0.005580332052583496,0,0,0,0,checkpoints/sweep_oc_phase1a_decision_clean_t2_wpfrag_se3_momentum_blackbox/baseline_se3_momentum_blackbox_seed42/rollout_benchmark/phase1a_iideval_traj30_seed42_20260525_133241/nominal_eval/summary.json
se3_momentum_blackbox,clean,43,nominal_eval,iid_noisy_ic,1.2722311695799569,3.5246962116496703,0.020933927968144417,1.3344390026759356e-05,nan,nan,0.9888888888888889,90,89,0.005484454333782196,0,0,0,0,checkpoints/sweep_oc_phase1a_decision_clean_t2_wpfrag_se3_momentum_blackbox/baseline_se3_momentum_blackbox_seed43/rollout_benchmark/phase1a_iideval_traj30_seed42_20260525_134557/nominal_eval/summary.json
se3_momentum_blackbox,clean,44,nominal_eval,iid_noisy_ic,1.9035931399181365,5.670131002260472,0.05525609292089939,1.2217664334457368e-05,nan,nan,1.0,90,90,0.0063571385107934475,0,0,0,0,checkpoints/sweep_oc_phase1a_decision_clean_t2_wpfrag_se3_momentum_blackbox/baseline_se3_momentum_blackbox_seed44/rollout_benchmark/phase1a_iideval_traj30_seed42_20260525_135919/nominal_eval/summary.json
se3_momentum_blackbox,clean,45,nominal_eval,iid_noisy_ic,1.982608615366256,5.605524283825258,0.042715879157185555,1.0584583833406214e-05,nan,nan,0.9777777777777777,90,88,0.007581326877698302,0,0,0,0,checkpoints/sweep_oc_phase1a_decision_clean_t2_wpfrag_se3_momentum_blackbox/baseline_se3_momentum_blackbox_seed45/rollout_benchmark/phase1a_iideval_traj30_seed42_20260525_141251/nominal_eval/summary.json
se3_momentum_blackbox,clean,46,nominal_eval,iid_noisy_ic,1.4407366097587064,4.302015315787912,0.03127134311944246,1.377145144942915e-05,nan,nan,0.9777777777777777,90,88,0.0060596522719909745,0,0,0,0,checkpoints/sweep_oc_phase1a_decision_clean_t2_wpfrag_se3_momentum_blackbox/baseline_se3_momentum_blackbox_seed46/rollout_benchmark/phase1a_iideval_traj30_seed42_20260525_142607/nominal_eval/summary.json
se3_momentum_blackbox,clean,42,nominal_eval,v4_lite,1.3431510881842132,3.7287251271513138,0.030925283208489418,1.3472161299432628e-05,nan,nan,0.9888888888888889,90,89,0.005580332052583496,0,0,0,0,checkpoints/sweep_oc_phase1a_decision_clean_t2_wpfrag_se3_momentum_blackbox/baseline_se3_momentum_blackbox_seed42/rollout_benchmark/phase1a_v4eval_traj30_seed42_20260525_143931/summary.json
se3_momentum_blackbox,clean,43,nominal_eval,v4_lite,1.036267264813099,3.0045900678970487,0.020525604486465454,1.3065208804619033e-05,nan,nan,0.9888888888888889,90,89,0.005484454333782196,0,0,0,0,checkpoints/sweep_oc_phase1a_decision_clean_t2_wpfrag_se3_momentum_blackbox/baseline_se3_momentum_blackbox_seed43/rollout_benchmark/phase1a_v4eval_traj30_seed42_20260525_144025/summary.json
se3_momentum_blackbox,clean,44,nominal_eval,v4_lite,2.1134417597484,5.149336508458832,0.05730987899005413,1.2473567039705813e-05,nan,nan,1.0,90,90,0.0063571385107934475,0,0,0,0,checkpoints/sweep_oc_phase1a_decision_clean_t2_wpfrag_se3_momentum_blackbox/baseline_se3_momentum_blackbox_seed44/rollout_benchmark/phase1a_v4eval_traj30_seed42_20260525_144119/summary.json
se3_momentum_blackbox,clean,45,nominal_eval,v4_lite,2.0745259797106,5.570918417716253,0.041174840182065964,1.0840201866813004e-05,nan,nan,0.9777777777777777,90,88,0.007581326877698302,0,0,0,0,checkpoints/sweep_oc_phase1a_decision_clean_t2_wpfrag_se3_momentum_blackbox/baseline_se3_momentum_blackbox_seed45/rollout_benchmark/phase1a_v4eval_traj30_seed42_20260525_144212/summary.json
se3_momentum_blackbox,clean,46,nominal_eval,v4_lite,1.3276653712531545,4.131450315504041,0.03326709568500519,1.3746496733801905e-05,nan,nan,0.9777777777777777,90,88,0.0060596522719909745,0,0,0,0,checkpoints/sweep_oc_phase1a_decision_clean_t2_wpfrag_se3_momentum_blackbox/baseline_se3_momentum_blackbox_seed46/rollout_benchmark/phase1a_v4eval_traj30_seed42_20260525_144306/summary.json
